timestamp_utc,language,engine,text_preview,latency_s,output_path,status,note
2026-05-14T07:43:04Z,en,piper,"Good morning. The meaning of life is a complex and subjective concept that varies across cultures and individuals, but it often involves finding purpose, happiness, and fulfillment through personal gr",1.8249,D:\Documents\FYP\Multimodal_Assistant\Voice_Architecture\TTS\audio\out_piper_en.wav,ok,
2026-05-14T07:44:37Z,en,piper,Good afternoon. The result of 2 multiplied by 2 is 4.,0.7768,D:\Documents\FYP\Multimodal_Assistant\Voice_Architecture\TTS\audio\out_piper_en.wav,ok,
2026-05-14T07:46:27Z,en,piper,"I didn't match a system command. You can say: set a timer, take a screenshot, open YouTube, or search the web.",1.0531,D:\Documents\FYP\Multimodal_Assistant\Voice_Architecture\TTS\audio\out_piper_en.wav,ok,
2026-05-14T07:50:15Z,zh,edge-tts,你好，我可以告诉你，计算机领域是指研究和开发计算机硬件、软件、网络等技术的领域。,2.3601,D:\Documents\FYP\Multimodal_Assistant\Voice_Architecture\TTS\audio\out_edge_zh.mp3,ok,played directly
2026-05-14T07:54:58Z,en,piper,"Computer science focuses on the design, development, and testing of computer systems and algorithms, while data science combines computer science with domain expertise to extract insights from data. D",1.7621,D:\Documents\FYP\Multimodal_Assistant\Voice_Architecture\TTS\audio\out_piper_en.wav,ok,
2026-05-14T08:00:22Z,en,piper,You didn't specify the text. Please provide the text you'd like me to explain.,0.7357,D:\Documents\FYP\Multimodal_Assistant\Voice_Architecture\TTS\audio\out_piper_en.wav,ok,
2026-05-14T08:09:37Z,en,piper,Stephen Curry is an American professional basketball player who plays as a point guard for the Golden State Warriors in the NBA. He is a two-time NBA champion and two-time NBA MVP.,1.1969,D:\Documents\FYP\Multimodal_Assistant\Voice_Architecture\TTS\audio\out_piper_en.wav,ok,
2026-05-14T08:11:22Z,en,piper,"LeBron James is a professional basketball player, widely regarded as one of the greatest of all time. He's a four-time NBA champion and four-time NBA Most Valuable Player.",1.0277,D:\Documents\FYP\Multimodal_Assistant\Voice_Architecture\TTS\audio\out_piper_en.wav,ok,
2026-05-14T08:16:58Z,en,piper,"A data scientist is a professional who collects, analyzes, and interprets complex data to gain insights and make informed decisions. They use statistical techniques, machine learning algorithms, and d",1.5758,D:\Documents\FYP\Multimodal_Assistant\Voice_Architecture\TTS\audio\out_piper_en.wav,ok,
2026-05-14T08:20:33Z,en,piper,Automation is running on YouTube.,0.7271,D:\Documents\FYP\Multimodal_Assistant\Voice_Architecture\TTS\audio\out_piper_en.wav,ok,
2026-05-14T08:20:51Z,en,piper,Done.,0.5766,D:\Documents\FYP\Multimodal_Assistant\Voice_Architecture\TTS\audio\out_piper_en.wav,ok,
2026-05-14T08:21:27Z,en,piper,Paused.,0.5895,D:\Documents\FYP\Multimodal_Assistant\Voice_Architecture\TTS\audio\out_piper_en.wav,ok,
2026-05-14T08:21:35Z,en,piper,Resumed.,0.5576,D:\Documents\FYP\Multimodal_Assistant\Voice_Architecture\TTS\audio\out_piper_en.wav,ok,
2026-05-14T08:21:42Z,en,piper,Session stopped.,0.5036,D:\Documents\FYP\Multimodal_Assistant\Voice_Architecture\TTS\audio\out_piper_en.wav,ok,
2026-05-14T08:23:12Z,en,piper,The result of 2 + 2 is 4.,0.5654,D:\Documents\FYP\Multimodal_Assistant\Voice_Architecture\TTS\audio\out_piper_en.wav,ok,
2026-05-14T08:53:29Z,en,piper,"Good morning. The calculation 2 * 2 equals 4, not 2.",0.8497,D:\Documents\FYP\Multimodal_Assistant\Voice_Architecture\TTS\audio\out_piper_en.wav,ok,
2026-05-14T08:54:08Z,en,piper,"Good morning. The meaning of life is a complex and subjective question, often debated by philosophers, scientists, and spiritual leaders, with no definitive answer. It's a personal and ongoing explora",1.3595,D:\Documents\FYP\Multimodal_Assistant\Voice_Architecture\TTS\audio\out_piper_en.wav,ok,
2026-05-14T08:54:54Z,en,piper,"To take a screenshot, press the Windows key + Print Screen on Windows or Command + Shift + 4 on Mac.",0.8943,D:\Documents\FYP\Multimodal_Assistant\Voice_Architecture\TTS\audio\out_piper_en.wav,ok,
2026-05-14T08:55:26Z,en,piper,Screenshot saved.,0.5603,D:\Documents\FYP\Multimodal_Assistant\Voice_Architecture\TTS\audio\out_piper_en.wav,ok,
2026-05-14T08:56:45Z,zh,edge-tts,您好！互联网是全球连接计算机和设备的网络，允许用户通过网络浏览器或应用程序访问信息和服务。,1.9085,D:\Documents\FYP\Multimodal_Assistant\Voice_Architecture\TTS\audio\out_edge_zh.mp3,ok,played directly
2026-05-14T08:57:35Z,zh,edge-tts,自动化运行中在 YouTube,1.9090,D:\Documents\FYP\Multimodal_Assistant\Voice_Architecture\TTS\audio\out_edge_zh.mp3,ok,played directly
2026-05-14T08:57:53Z,zh,edge-tts,完成。,1.2542,D:\Documents\FYP\Multimodal_Assistant\Voice_Architecture\TTS\audio\out_edge_zh.mp3,ok,played directly
2026-05-14T08:58:04Z,zh,edge-tts,正在播放第一个视频。,1.5208,D:\Documents\FYP\Multimodal_Assistant\Voice_Architecture\TTS\audio\out_edge_zh.mp3,ok,played directly
2026-05-14T08:58:21Z,zh,edge-tts,已暂停。,1.2197,D:\Documents\FYP\Multimodal_Assistant\Voice_Architecture\TTS\audio\out_edge_zh.mp3,ok,played directly
2026-05-14T08:58:40Z,zh,edge-tts,已继续播放。,1.1967,D:\Documents\FYP\Multimodal_Assistant\Voice_Architecture\TTS\audio\out_edge_zh.mp3,ok,played directly
2026-05-14T08:58:50Z,zh,edge-tts,已结束会话。,1.0483,D:\Documents\FYP\Multimodal_Assistant\Voice_Architecture\TTS\audio\out_edge_zh.mp3,ok,played directly
2026-05-14T08:59:11Z,en,piper,Automation is running on WhatsApp.,0.6635,D:\Documents\FYP\Multimodal_Assistant\Voice_Architecture\TTS\audio\out_piper_en.wav,ok,
2026-05-14T08:59:21Z,en,piper,Selected the chat.,0.7507,D:\Documents\FYP\Multimodal_Assistant\Voice_Architecture\TTS\audio\out_piper_en.wav,ok,
2026-05-14T08:59:41Z,en,piper,Sent.,0.6124,D:\Documents\FYP\Multimodal_Assistant\Voice_Architecture\TTS\audio\out_piper_en.wav,ok,
2026-05-14T08:59:49Z,en,piper,Selected the chat.,0.7388,D:\Documents\FYP\Multimodal_Assistant\Voice_Architecture\TTS\audio\out_piper_en.wav,ok,
2026-05-14T08:59:57Z,en,piper,Typed.,0.4568,D:\Documents\FYP\Multimodal_Assistant\Voice_Architecture\TTS\audio\out_piper_en.wav,ok,
2026-05-14T09:00:05Z,en,piper,Sent.,0.6252,D:\Documents\FYP\Multimodal_Assistant\Voice_Architecture\TTS\audio\out_piper_en.wav,ok,
2026-05-14T09:00:14Z,en,piper,Search updated.,0.7151,D:\Documents\FYP\Multimodal_Assistant\Voice_Architecture\TTS\audio\out_piper_en.wav,ok,
2026-05-14T09:00:23Z,en,piper,Selected the chat.,0.7821,D:\Documents\FYP\Multimodal_Assistant\Voice_Architecture\TTS\audio\out_piper_en.wav,ok,
2026-05-14T09:00:32Z,en,piper,Cleared the search.,0.6766,D:\Documents\FYP\Multimodal_Assistant\Voice_Architecture\TTS\audio\out_piper_en.wav,ok,
2026-05-14T09:00:41Z,en,piper,Selected the chat.,0.6745,D:\Documents\FYP\Multimodal_Assistant\Voice_Architecture\TTS\audio\out_piper_en.wav,ok,
2026-05-14T09:00:49Z,en,piper,Session stopped.,0.6593,D:\Documents\FYP\Multimodal_Assistant\Voice_Architecture\TTS\audio\out_piper_en.wav,ok,
2026-05-14T09:01:18Z,en,piper,I'm here to help. Let's listen to some uplifting music or watch a funny cat video together. How does that sound?,0.9422,D:\Documents\FYP\Multimodal_Assistant\Voice_Architecture\TTS\audio\out_piper_en.wav,ok,
2026-05-14T13:19:37Z,zh,edge-tts,计算机技术是指使用计算机硬件和软件来处理信息和解决问题的技术。,1.6063,D:\Documents\FYP\Multimodal_Assistant\Voice_Architecture\TTS\audio\out_edge_zh.mp3,ok,played directly
2026-05-14T13:20:13Z,en,piper,"Good evening. Data science is a field that combines computer science, statistics, and domain expertise to extract insights and knowledge from data. It's a subset of computer science that focuses on da",1.5782,D:\Documents\FYP\Multimodal_Assistant\Voice_Architecture\TTS\audio\out_piper_en.wav,ok,
2026-05-14T13:21:49Z,zh,edge-tts,在现代社会中，数据科学和计算机比较思考（Computational Thinking）都是非常重要的技能。数据科学更侧重于数据分析和可视化，而计算机比较思考则是解决问题的通用方法。,2.2098,D:\Documents\FYP\Multimodal_Assistant\Voice_Architecture\TTS\audio\out_edge_zh.mp3,ok,played directly
2026-05-14T13:22:45Z,zh,edge-tts,根据您的问题，我理解您想知道未来10年中数据科学和计算机领域的发展趋势。根据当前趋势，数据科学的需求会持续增长，因为数据在商业和技术中的应用日益广泛。,1.6112,D:\Documents\FYP\Multimodal_Assistant\Voice_Architecture\TTS\audio\out_edge_zh.mp3,ok,played directly
2026-05-14T13:26:18Z,zh,edge-tts,未识别为系统指令。你可以说：计时、截图、打开 YouTube、或网页搜索。,2.1810,D:\Documents\FYP\Multimodal_Assistant\Voice_Architecture\TTS\audio\out_edge_zh.mp3,ok,played directly
2026-05-14T13:27:04Z,zh,edge-tts,未识别为系统指令。你可以说：计时、截图、打开 YouTube、或网页搜索。,1.1471,D:\Documents\FYP\Multimodal_Assistant\Voice_Architecture\TTS\audio\out_edge_zh.mp3,ok,played directly
2026-05-14T13:27:46Z,en,piper,"Based on current advancements, computer science is expected to trend towards:  - Increased adoption of Artificial Intelligence (AI) and Machine Learning (ML) in various industries. - Growing importanc",1.9609,D:\Documents\FYP\Multimodal_Assistant\Voice_Architecture\TTS\audio\out_piper_en.wav,ok,
2026-05-14T13:28:36Z,zh,edge-tts,自动化运行中在 WhatsApp,1.2737,D:\Documents\FYP\Multimodal_Assistant\Voice_Architecture\TTS\audio\out_edge_zh.mp3,ok,played directly
2026-05-14T13:36:39Z,zh,edge-tts,自动化运行中在 WhatsApp,1.2386,D:\Documents\FYP\Multimodal_Assistant\Voice_Architecture\TTS\audio\out_edge_zh.mp3,ok,played directly
2026-05-14T13:36:54Z,zh,edge-tts,已选择聊天。,1.4538,D:\Documents\FYP\Multimodal_Assistant\Voice_Architecture\TTS\audio\out_edge_zh.mp3,ok,played directly
2026-05-14T13:37:07Z,zh,edge-tts,已输入。,1.0914,D:\Documents\FYP\Multimodal_Assistant\Voice_Architecture\TTS\audio\out_edge_zh.mp3,ok,played directly
2026-05-14T13:37:25Z,zh,edge-tts,已发送。,1.4690,D:\Documents\FYP\Multimodal_Assistant\Voice_Architecture\TTS\audio\out_edge_zh.mp3,ok,played directly
2026-05-14T13:37:37Z,zh,edge-tts,未识别该指令。可尝试搜索、播放第一个、暂停，或说停止自动化。,2.1937,D:\Documents\FYP\Multimodal_Assistant\Voice_Architecture\TTS\audio\out_edge_zh.mp3,ok,played directly
2026-05-14T13:37:57Z,zh,edge-tts,已选择聊天。,1.3329,D:\Documents\FYP\Multimodal_Assistant\Voice_Architecture\TTS\audio\out_edge_zh.mp3,ok,played directly
2026-05-14T13:38:10Z,zh,edge-tts,已输入。,1.2622,D:\Documents\FYP\Multimodal_Assistant\Voice_Architecture\TTS\audio\out_edge_zh.mp3,ok,played directly
2026-05-14T13:38:39Z,zh,edge-tts,已清空消息。,1.1473,D:\Documents\FYP\Multimodal_Assistant\Voice_Architecture\TTS\audio\out_edge_zh.mp3,ok,played directly
2026-05-14T13:38:51Z,zh,edge-tts,已结束会话。,1.0141,D:\Documents\FYP\Multimodal_Assistant\Voice_Architecture\TTS\audio\out_edge_zh.mp3,ok,played directly
2026-05-14T13:55:45Z,en,piper,Automation is running on WhatsApp.,0.6325,D:\Documents\FYP\Multimodal_Assistant\Voice_Architecture\TTS\audio\out_piper_en.wav,ok,
2026-05-14T13:55:59Z,en,piper,"I did not understand that command. Try search, play first, pause, or stop automation.",0.8329,D:\Documents\FYP\Multimodal_Assistant\Voice_Architecture\TTS\audio\out_piper_en.wav,ok,
2026-05-14T13:56:12Z,en,piper,"I did not understand that command. Try search, play first, pause, or stop automation.",0.8024,D:\Documents\FYP\Multimodal_Assistant\Voice_Architecture\TTS\audio\out_piper_en.wav,ok,
2026-05-14T13:56:24Z,en,piper,Session stopped.,0.5598,D:\Documents\FYP\Multimodal_Assistant\Voice_Architecture\TTS\audio\out_piper_en.wav,ok,
2026-05-14T15:17:12Z,zh,edge-tts,CDP connect failed (http://127.0.0.1:9222). Start Edge with --remote-debugging-port matching this URL. Underlying error: BrowserType.connect_over_cdp: connect ECONNREFUSED 127.0.0.1:9222 Call log:   -,2.3147,D:\Documents\FYP\Multimodal_Assistant\Voice_Architecture\TTS\audio\out_edge_zh.mp3,ok,played directly
2026-05-14T15:18:18Z,zh,edge-tts,自动化运行中在 YouTube,1.7103,D:\Documents\FYP\Multimodal_Assistant\Voice_Architecture\TTS\audio\out_edge_zh.mp3,ok,played directly
2026-05-14T15:18:36Z,zh,edge-tts,完成。,1.7582,D:\Documents\FYP\Multimodal_Assistant\Voice_Architecture\TTS\audio\out_edge_zh.mp3,ok,played directly
2026-05-14T15:18:50Z,zh,edge-tts,正在播放第一个视频。,1.1679,D:\Documents\FYP\Multimodal_Assistant\Voice_Architecture\TTS\audio\out_edge_zh.mp3,ok,played directly
2026-05-14T15:19:09Z,zh,edge-tts,已暂停。,1.2566,D:\Documents\FYP\Multimodal_Assistant\Voice_Architecture\TTS\audio\out_edge_zh.mp3,ok,played directly
2026-05-14T15:19:27Z,zh,edge-tts,已结束会话。,1.0048,D:\Documents\FYP\Multimodal_Assistant\Voice_Architecture\TTS\audio\out_edge_zh.mp3,ok,played directly
2026-05-15T15:24:50Z,en,piper,"Agentic AI refers to artificial intelligence that exhibits autonomous decision-making and goal-directed behavior, similar to human agency. It can take initiative, make choices, and adapt to situations",1.8316,D:\Documents\FYP\Multimodal_Assistant\Voice_Architecture\TTS\audio\out_piper_en.wav,ok,
2026-05-15T15:25:36Z,en,piper,"Agentic AI refers to artificial intelligence that exhibits autonomous decision-making and goal-directed behavior, often mimicking human agency.",1.1859,D:\Documents\FYP\Multimodal_Assistant\Voice_Architecture\TTS\audio\out_piper_en.wav,ok,
2026-05-15T15:29:08Z,en,piper,Automation is running on WhatsApp.,0.8427,D:\Documents\FYP\Multimodal_Assistant\Voice_Architecture\TTS\audio\out_piper_en.wav,ok,
2026-05-15T15:29:24Z,en,piper,Selected the chat.,1.0087,D:\Documents\FYP\Multimodal_Assistant\Voice_Architecture\TTS\audio\out_piper_en.wav,ok,
2026-05-15T15:29:38Z,en,piper,"I did not understand that command. Try search, play first, pause, or stop automation.",1.0897,D:\Documents\FYP\Multimodal_Assistant\Voice_Architecture\TTS\audio\out_piper_en.wav,ok,
2026-05-15T15:29:51Z,en,piper,"I did not understand that command. Try search, play first, pause, or stop automation.",1.0825,D:\Documents\FYP\Multimodal_Assistant\Voice_Architecture\TTS\audio\out_piper_en.wav,ok,
2026-05-15T15:30:05Z,en,piper,Typed.,0.6538,D:\Documents\FYP\Multimodal_Assistant\Voice_Architecture\TTS\audio\out_piper_en.wav,ok,
2026-05-15T15:30:13Z,en,piper,Cleared the message.,0.5147,D:\Documents\FYP\Multimodal_Assistant\Voice_Architecture\TTS\audio\out_piper_en.wav,ok,
2026-05-15T15:30:23Z,en,piper,Search updated.,0.6378,D:\Documents\FYP\Multimodal_Assistant\Voice_Architecture\TTS\audio\out_piper_en.wav,ok,
2026-05-15T15:30:33Z,en,piper,Cleared the search.,0.6746,D:\Documents\FYP\Multimodal_Assistant\Voice_Architecture\TTS\audio\out_piper_en.wav,ok,
2026-05-15T15:30:42Z,en,piper,Selected the chat.,0.6190,D:\Documents\FYP\Multimodal_Assistant\Voice_Architecture\TTS\audio\out_piper_en.wav,ok,
2026-05-15T15:30:51Z,en,piper,Search updated.,0.6705,D:\Documents\FYP\Multimodal_Assistant\Voice_Architecture\TTS\audio\out_piper_en.wav,ok,
2026-05-15T15:31:01Z,en,piper,Search updated.,0.7019,D:\Documents\FYP\Multimodal_Assistant\Voice_Architecture\TTS\audio\out_piper_en.wav,ok,
2026-05-15T15:31:16Z,en,piper,Search updated.,0.6611,D:\Documents\FYP\Multimodal_Assistant\Voice_Architecture\TTS\audio\out_piper_en.wav,ok,
2026-05-15T15:31:25Z,en,piper,Selected the chat.,0.7046,D:\Documents\FYP\Multimodal_Assistant\Voice_Architecture\TTS\audio\out_piper_en.wav,ok,
2026-05-15T15:31:35Z,en,piper,Cleared the search.,0.6691,D:\Documents\FYP\Multimodal_Assistant\Voice_Architecture\TTS\audio\out_piper_en.wav,ok,
2026-05-15T15:31:43Z,en,piper,Session stopped.,0.5334,D:\Documents\FYP\Multimodal_Assistant\Voice_Architecture\TTS\audio\out_piper_en.wav,ok,
2026-05-16T08:27:17Z,en,piper,Automation is running on WhatsApp.,1.0017,D:\Documents\FYP\Multimodal_Assistant\Voice_Architecture\TTS\audio\out_piper_en.wav,ok,
2026-05-16T08:27:28Z,en,piper,Selected the chat.,0.8078,D:\Documents\FYP\Multimodal_Assistant\Voice_Architecture\TTS\audio\out_piper_en.wav,ok,
2026-05-16T08:27:49Z,en,piper,Typed.,0.6905,D:\Documents\FYP\Multimodal_Assistant\Voice_Architecture\TTS\audio\out_piper_en.wav,ok,
2026-05-16T08:28:17Z,en,piper,Search updated.,0.6632,D:\Documents\FYP\Multimodal_Assistant\Voice_Architecture\TTS\audio\out_piper_en.wav,ok,
2026-05-16T08:28:26Z,en,piper,Cleared the search.,1.0315,D:\Documents\FYP\Multimodal_Assistant\Voice_Architecture\TTS\audio\out_piper_en.wav,ok,
2026-05-16T08:28:35Z,en,piper,Selected the chat.,0.9631,D:\Documents\FYP\Multimodal_Assistant\Voice_Architecture\TTS\audio\out_piper_en.wav,ok,
2026-05-16T08:28:45Z,en,piper,Sent.,0.6814,D:\Documents\FYP\Multimodal_Assistant\Voice_Architecture\TTS\audio\out_piper_en.wav,ok,
2026-05-16T08:28:54Z,en,piper,Search updated.,0.6214,D:\Documents\FYP\Multimodal_Assistant\Voice_Architecture\TTS\audio\out_piper_en.wav,ok,
2026-05-16T08:29:03Z,en,piper,Selected the chat.,0.6967,D:\Documents\FYP\Multimodal_Assistant\Voice_Architecture\TTS\audio\out_piper_en.wav,ok,
2026-05-16T08:29:12Z,en,piper,Session stopped.,0.6973,D:\Documents\FYP\Multimodal_Assistant\Voice_Architecture\TTS\audio\out_piper_en.wav,ok,
2026-05-16T08:33:41Z,en,piper,Automation is running on Google News.,1.2394,D:\Documents\FYP\Multimodal_Assistant\Voice_Architecture\TTS\audio\out_piper_en.wav,ok,
2026-05-16T08:33:54Z,en,piper,Done.,0.9220,D:\Documents\FYP\Multimodal_Assistant\Voice_Architecture\TTS\audio\out_piper_en.wav,ok,
2026-05-16T08:34:09Z,en,piper,Done.,0.5821,D:\Documents\FYP\Multimodal_Assistant\Voice_Architecture\TTS\audio\out_piper_en.wav,ok,
2026-05-16T08:34:18Z,en,piper,Done.,0.6064,D:\Documents\FYP\Multimodal_Assistant\Voice_Architecture\TTS\audio\out_piper_en.wav,ok,
2026-05-16T08:34:37Z,en,piper,Session stopped.,0.5970,D:\Documents\FYP\Multimodal_Assistant\Voice_Architecture\TTS\audio\out_piper_en.wav,ok,
2026-05-16T08:35:49Z,zh,edge-tts,马来西亚未来发展趋势将重点在数字经济、绿色能源和创新技术上。政府也将推动制造业和旅游业的发展。,3.0388,D:\Documents\FYP\Multimodal_Assistant\Voice_Architecture\TTS\audio\out_edge_zh.mp3,ok,played directly
2026-05-16T08:37:21Z,zh,edge-tts,数字经济是指在数字化环境下进行的经济活动，包括电子商务、在线支付、数字货币等。,1.9854,D:\Documents\FYP\Multimodal_Assistant\Voice_Architecture\TTS\audio\out_edge_zh.mp3,ok,played directly
2026-05-16T08:43:44Z,zh,edge-tts,数字经济最合适的专业是数据科学、人工智能、网络安全和电子商务等。,2.8445,D:\Documents\FYP\Multimodal_Assistant\Voice_Architecture\TTS\audio\out_edge_zh.mp3,ok,played directly
2026-05-16T08:44:28Z,zh,edge-tts,自动化运行中在 YouTube,1.5291,D:\Documents\FYP\Multimodal_Assistant\Voice_Architecture\TTS\audio\out_edge_zh.mp3,ok,played directly
2026-05-16T08:44:50Z,zh,edge-tts,完成。,1.4735,D:\Documents\FYP\Multimodal_Assistant\Voice_Architecture\TTS\audio\out_edge_zh.mp3,ok,played directly
2026-05-16T08:45:01Z,zh,edge-tts,正在播放第一个视频。,1.4141,D:\Documents\FYP\Multimodal_Assistant\Voice_Architecture\TTS\audio\out_edge_zh.mp3,ok,played directly
2026-05-16T08:45:12Z,zh,edge-tts,已暂停。,1.4267,D:\Documents\FYP\Multimodal_Assistant\Voice_Architecture\TTS\audio\out_edge_zh.mp3,ok,played directly
2026-05-16T08:45:24Z,zh,edge-tts,已继续播放。,1.2351,D:\Documents\FYP\Multimodal_Assistant\Voice_Architecture\TTS\audio\out_edge_zh.mp3,ok,played directly
2026-05-16T08:45:39Z,zh,edge-tts,已结束会话。,1.4220,D:\Documents\FYP\Multimodal_Assistant\Voice_Architecture\TTS\audio\out_edge_zh.mp3,ok,played directly
2026-05-16T08:47:47Z,en,piper,Automation is running on WhatsApp.,1.0545,D:\Documents\FYP\Multimodal_Assistant\Voice_Architecture\TTS\audio\out_piper_en.wav,ok,
2026-05-16T08:47:58Z,en,piper,Selected the chat.,0.8933,D:\Documents\FYP\Multimodal_Assistant\Voice_Architecture\TTS\audio\out_piper_en.wav,ok,
2026-05-16T08:48:06Z,en,piper,Session stopped.,0.5327,D:\Documents\FYP\Multimodal_Assistant\Voice_Architecture\TTS\audio\out_piper_en.wav,ok,
2026-05-17T13:42:22Z,en,piper,Automation is running on WhatsApp.,1.1248,D:\Documents\FYP\Multimodal_Assistant\Voice_Architecture\TTS\audio\out_piper_en.wav,ok,
2026-05-17T13:42:32Z,en,piper,Selected the chat.,0.7023,D:\Documents\FYP\Multimodal_Assistant\Voice_Architecture\TTS\audio\out_piper_en.wav,ok,
2026-05-17T13:42:41Z,en,piper,Typed.,0.5621,D:\Documents\FYP\Multimodal_Assistant\Voice_Architecture\TTS\audio\out_piper_en.wav,ok,
2026-05-17T13:42:49Z,en,piper,Sent.,0.5290,D:\Documents\FYP\Multimodal_Assistant\Voice_Architecture\TTS\audio\out_piper_en.wav,ok,
2026-05-17T13:42:56Z,en,piper,"I did not understand that command. Try search, play first, pause, or stop automation.",0.7539,D:\Documents\FYP\Multimodal_Assistant\Voice_Architecture\TTS\audio\out_piper_en.wav,ok,
2026-05-17T13:43:08Z,en,piper,Session stopped.,0.5935,D:\Documents\FYP\Multimodal_Assistant\Voice_Architecture\TTS\audio\out_piper_en.wav,ok,
2026-05-18T05:53:12Z,en,piper,"Good morning, I'm functioning properly. How can I assist you today?",0.9923,D:\Documents\FYP\Multimodal_Assistant\Voice_Architecture\TTS\audio\out_piper_en.wav,ok,
2026-05-18T05:57:46Z,en,piper,Automation is running on WhatsApp.,0.6380,D:\Documents\FYP\Multimodal_Assistant\Voice_Architecture\TTS\audio\out_piper_en.wav,ok,
2026-05-18T06:21:39Z,en,piper,"I'm functioning properly, thank you for asking. How can I assist you today?",0.8087,D:\Documents\FYP\Multimodal_Assistant\Voice_Architecture\TTS\audio\out_piper_en.wav,ok,
2026-05-18T06:32:18Z,en,piper,"I'm not capable of taking screenshots. To capture a screenshot, you can use the keyboard shortcut Ctrl + Print Screen (Windows) or Command + Shift + 4 (Mac).   Did you want to know the keyboard shortc",2.0274,D:\Documents\FYP\Multimodal_Assistant\Voice_Architecture\TTS\audio\out_piper_en.wav,ok,
2026-05-18T06:32:45Z,en,piper,Screenshot saved.,1.1340,D:\Documents\FYP\Multimodal_Assistant\Voice_Architecture\TTS\audio\out_piper_en.wav,ok,
2026-05-18T07:09:52Z,en,piper,CDP connect failed (http://127.0.0.1:9222). Start Edge with --remote-debugging-port matching this URL. Underlying error: BrowserType.connect_over_cdp: connect ECONNREFUSED 127.0.0.1:9222 Call log:   -,3.1592,D:\Documents\FYP\Multimodal_Assistant\Voice_Architecture\TTS\audio\out_piper_en.wav,ok,
2026-05-18T07:17:11Z,en,piper,"Good morning. Computer science is the study of the theory, design, and implementation of computer systems and algorithms to solve real-world problems. It encompasses a wide range of fields, including ",2.0783,D:\Documents\FYP\Multimodal_Assistant\Voice_Architecture\TTS\audio\out_piper_en.wav,ok,
2026-05-18T07:17:53Z,zh,edge-tts,你好。互联网是全球范围内的计算机网络，通过互联网可以访问大量的信息和服务。,3.8653,D:\Documents\FYP\Multimodal_Assistant\Voice_Architecture\TTS\audio\out_edge_zh.mp3,ok,played directly
2026-05-18T07:25:04Z,en,piper,"Data science is the study of extracting insights and knowledge from data using various techniques, including machine learning, statistics, and programming. It involves analyzing and interpreting compl",1.6043,D:\Documents\FYP\Multimodal_Assistant\Voice_Architecture\TTS\audio\out_piper_en.wav,ok,
2026-05-18T07:26:29Z,zh,edge-tts,自动化运行中在 谷歌新闻,2.4044,D:\Documents\FYP\Multimodal_Assistant\Voice_Architecture\TTS\audio\out_edge_zh.mp3,ok,played directly
2026-05-18T07:26:55Z,en,piper,"I did not understand that command. Try search, find, enter, or stop automation.",0.9009,D:\Documents\FYP\Multimodal_Assistant\Voice_Architecture\TTS\audio\out_piper_en.wav,ok,
2026-05-18T07:27:26Z,en,piper,Done.,1.0924,D:\Documents\FYP\Multimodal_Assistant\Voice_Architecture\TTS\audio\out_piper_en.wav,ok,
2026-05-18T07:28:01Z,zh,edge-tts,完成。,2.5233,D:\Documents\FYP\Multimodal_Assistant\Voice_Architecture\TTS\audio\out_edge_zh.mp3,ok,played directly
2026-05-18T13:08:11Z,en,piper,The result of 1 divided by 4 is 0.25.,0.8675,D:\Documents\FYP\Multimodal_Assistant\Voice_Architecture\TTS\audio\out_piper_en.wav,ok,
2026-05-18T13:46:48Z,en,piper,"Computer science is the study of the theory, design, and implementation of computer systems and algorithms. It involves understanding the fundamental principles of computing and applying them to solve",1.6100,D:\Documents\FYP\Multimodal_Assistant\Voice_Architecture\TTS\audio\out_piper_en.wav,ok,
2026-05-18T13:52:51Z,zh,edge-tts,自动化运行中在 YouTube,3.6116,D:\Documents\FYP\Multimodal_Assistant\Voice_Architecture\TTS\audio\out_edge_zh.mp3,ok,played directly
2026-05-18T13:53:15Z,zh,edge-tts,已结束会话。,1.0946,D:\Documents\FYP\Multimodal_Assistant\Voice_Architecture\TTS\audio\out_edge_zh.mp3,ok,played directly
2026-05-18T14:01:18Z,zh,edge-tts,截图已保存。,2.6379,D:\Documents\FYP\Multimodal_Assistant\Voice_Architecture\TTS\audio\out_edge_zh.mp3,ok,played directly
2026-05-18T14:06:24Z,zh,edge-tts,自动化运行中在 WhatsApp,1.4284,D:\Documents\FYP\Multimodal_Assistant\Voice_Architecture\TTS\audio\out_edge_zh.mp3,ok,played directly
2026-05-18T14:06:41Z,zh,edge-tts,已结束会话。,1.3663,D:\Documents\FYP\Multimodal_Assistant\Voice_Architecture\TTS\audio\out_edge_zh.mp3,ok,played directly
2026-05-18T14:16:44Z,en,piper,You can access your downloads on Friday by going to the Files or Downloads section.,0.8451,D:\Documents\FYP\Multimodal_Assistant\Voice_Architecture\TTS\audio\out_piper_en.wav,ok,
2026-05-18T14:17:45Z,en,piper,Opening your downloads folder.,0.6670,D:\Documents\FYP\Multimodal_Assistant\Voice_Architecture\TTS\audio\out_piper_en.wav,ok,
2026-05-18T14:18:18Z,zh,edge-tts,未识别为系统指令。你可以说：计时、截图、打开 YouTube、或网页搜索。,5.0097,D:\Documents\FYP\Multimodal_Assistant\Voice_Architecture\TTS\audio\out_edge_zh.mp3,ok,played directly
2026-05-18T14:19:56Z,zh,edge-tts,未识别为系统指令。你可以说：计时、截图、打开 YouTube、或网页搜索。,1.5393,D:\Documents\FYP\Multimodal_Assistant\Voice_Architecture\TTS\audio\out_edge_zh.mp3,ok,played directly
2026-05-18T14:20:57Z,zh,edge-tts,1 + 1 = 2。,1.5657,D:\Documents\FYP\Multimodal_Assistant\Voice_Architecture\TTS\audio\out_edge_zh.mp3,ok,played directly
2026-05-18T14:22:12Z,en,piper,"Computer science in software engineering refers to the study and application of algorithms, data structures, and software design principles to develop efficient and effective software solutions. It in",1.5691,D:\Documents\FYP\Multimodal_Assistant\Voice_Architecture\TTS\audio\out_piper_en.wav,ok,
2026-05-18T15:39:52Z,en,piper,Automation is running on YouTube.,0.9062,D:\Documents\FYP\Multimodal_Assistant\Voice_Architecture\TTS\audio\out_piper_en.wav,ok,
2026-05-18T15:40:18Z,en,piper,Done.,0.6182,D:\Documents\FYP\Multimodal_Assistant\Voice_Architecture\TTS\audio\out_piper_en.wav,ok,
2026-05-18T15:40:30Z,en,piper,Session stopped.,0.7109,D:\Documents\FYP\Multimodal_Assistant\Voice_Architecture\TTS\audio\out_piper_en.wav,ok,
2026-05-18T15:45:58Z,en,piper,Automation is running on Google Maps.,1.1898,D:\Documents\FYP\Multimodal_Assistant\Voice_Architecture\TTS\audio\out_piper_en.wav,ok,
2026-05-18T15:46:11Z,en,piper,Done.,1.0269,D:\Documents\FYP\Multimodal_Assistant\Voice_Architecture\TTS\audio\out_piper_en.wav,ok,
2026-05-18T15:46:19Z,en,piper,Session stopped.,0.6560,D:\Documents\FYP\Multimodal_Assistant\Voice_Architecture\TTS\audio\out_piper_en.wav,ok,
2026-05-18T15:46:37Z,en,piper,Automation is running on YouTube.,0.9825,D:\Documents\FYP\Multimodal_Assistant\Voice_Architecture\TTS\audio\out_piper_en.wav,ok,
2026-05-18T15:46:56Z,en,piper,Done.,0.8422,D:\Documents\FYP\Multimodal_Assistant\Voice_Architecture\TTS\audio\out_piper_en.wav,ok,
2026-05-18T15:47:06Z,en,piper,Playing the first video.,0.8190,D:\Documents\FYP\Multimodal_Assistant\Voice_Architecture\TTS\audio\out_piper_en.wav,ok,
2026-05-18T15:47:39Z,en,piper,Paused.,0.7258,D:\Documents\FYP\Multimodal_Assistant\Voice_Architecture\TTS\audio\out_piper_en.wav,ok,
2026-05-18T15:47:49Z,en,piper,Resumed.,0.8710,D:\Documents\FYP\Multimodal_Assistant\Voice_Architecture\TTS\audio\out_piper_en.wav,ok,
2026-05-18T15:47:57Z,en,piper,Session stopped.,0.8813,D:\Documents\FYP\Multimodal_Assistant\Voice_Architecture\TTS\audio\out_piper_en.wav,ok,
2026-05-18T15:48:11Z,en,piper,Automation is running on WhatsApp.,1.1208,D:\Documents\FYP\Multimodal_Assistant\Voice_Architecture\TTS\audio\out_piper_en.wav,ok,
2026-05-18T15:48:22Z,en,piper,Selected the chat.,1.0305,D:\Documents\FYP\Multimodal_Assistant\Voice_Architecture\TTS\audio\out_piper_en.wav,ok,
2026-05-18T15:48:31Z,en,piper,Search updated.,1.0149,D:\Documents\FYP\Multimodal_Assistant\Voice_Architecture\TTS\audio\out_piper_en.wav,ok,
2026-05-18T15:48:42Z,en,piper,Selected the chat.,0.6695,D:\Documents\FYP\Multimodal_Assistant\Voice_Architecture\TTS\audio\out_piper_en.wav,ok,
2026-05-18T15:48:51Z,en,piper,Cleared the search.,0.6966,D:\Documents\FYP\Multimodal_Assistant\Voice_Architecture\TTS\audio\out_piper_en.wav,ok,
2026-05-18T15:49:00Z,en,piper,"I did not understand that command. Try search, play first, pause, or stop automation.",1.1317,D:\Documents\FYP\Multimodal_Assistant\Voice_Architecture\TTS\audio\out_piper_en.wav,ok,
2026-05-18T15:49:13Z,en,piper,Selected the chat.,0.7212,D:\Documents\FYP\Multimodal_Assistant\Voice_Architecture\TTS\audio\out_piper_en.wav,ok,
2026-05-18T15:49:21Z,en,piper,Session stopped.,0.6838,D:\Documents\FYP\Multimodal_Assistant\Voice_Architecture\TTS\audio\out_piper_en.wav,ok,
2026-05-18T15:49:42Z,zh,edge-tts,自动化运行中在 谷歌新闻,1.9889,D:\Documents\FYP\Multimodal_Assistant\Voice_Architecture\TTS\audio\out_edge_zh.mp3,ok,played directly
2026-05-18T15:49:58Z,zh,edge-tts,操作失败，请重试或说停止自动化。,2.2269,D:\Documents\FYP\Multimodal_Assistant\Voice_Architecture\TTS\audio\out_edge_zh.mp3,ok,played directly
2026-05-18T15:51:04Z,zh,edge-tts,操作失败，请重试或说停止自动化。,1.7384,D:\Documents\FYP\Multimodal_Assistant\Voice_Architecture\TTS\audio\out_edge_zh.mp3,ok,played directly
2026-05-18T15:51:37Z,zh,edge-tts,操作失败，请重试或说停止自动化。,1.4797,D:\Documents\FYP\Multimodal_Assistant\Voice_Architecture\TTS\audio\out_edge_zh.mp3,ok,played directly
2026-05-18T15:51:50Z,zh,edge-tts,已结束会话。,1.5491,D:\Documents\FYP\Multimodal_Assistant\Voice_Architecture\TTS\audio\out_edge_zh.mp3,ok,played directly
2026-05-18T15:52:35Z,zh,edge-tts,自动化运行中在 谷歌新闻,1.5935,D:\Documents\FYP\Multimodal_Assistant\Voice_Architecture\TTS\audio\out_edge_zh.mp3,ok,played directly
2026-05-18T15:52:48Z,zh,edge-tts,操作失败，请重试或说停止自动化。,1.2900,D:\Documents\FYP\Multimodal_Assistant\Voice_Architecture\TTS\audio\out_edge_zh.mp3,ok,played directly
2026-05-18T15:53:01Z,zh,edge-tts,已结束会话。,1.2307,D:\Documents\FYP\Multimodal_Assistant\Voice_Architecture\TTS\audio\out_edge_zh.mp3,ok,played directly
2026-05-18T15:53:18Z,zh,edge-tts,自动化运行中在 YouTube,1.5964,D:\Documents\FYP\Multimodal_Assistant\Voice_Architecture\TTS\audio\out_edge_zh.mp3,ok,played directly
2026-05-18T15:53:30Z,zh,edge-tts,操作失败，请重试或说停止自动化。,1.3843,D:\Documents\FYP\Multimodal_Assistant\Voice_Architecture\TTS\audio\out_edge_zh.mp3,ok,played directly
2026-05-18T15:53:43Z,zh,edge-tts,已结束会话。,1.0646,D:\Documents\FYP\Multimodal_Assistant\Voice_Architecture\TTS\audio\out_edge_zh.mp3,ok,played directly
2026-05-18T15:53:59Z,zh,edge-tts,自动化运行中在 WhatsApp,1.6428,D:\Documents\FYP\Multimodal_Assistant\Voice_Architecture\TTS\audio\out_edge_zh.mp3,ok,played directly
2026-05-18T15:54:13Z,zh,edge-tts,已选择聊天。,1.3837,D:\Documents\FYP\Multimodal_Assistant\Voice_Architecture\TTS\audio\out_edge_zh.mp3,ok,played directly
2026-05-18T15:54:26Z,zh,edge-tts,已更新搜索。,1.5617,D:\Documents\FYP\Multimodal_Assistant\Voice_Architecture\TTS\audio\out_edge_zh.mp3,ok,played directly
2026-05-18T15:54:38Z,zh,edge-tts,已选择聊天。,1.5367,D:\Documents\FYP\Multimodal_Assistant\Voice_Architecture\TTS\audio\out_edge_zh.mp3,ok,played directly
2026-05-18T15:54:53Z,zh,edge-tts,已清空搜索。,1.4146,D:\Documents\FYP\Multimodal_Assistant\Voice_Architecture\TTS\audio\out_edge_zh.mp3,ok,played directly
2026-05-18T15:55:05Z,zh,edge-tts,已选择聊天。,1.6002,D:\Documents\FYP\Multimodal_Assistant\Voice_Architecture\TTS\audio\out_edge_zh.mp3,ok,played directly
2026-05-18T15:55:18Z,zh,edge-tts,已输入。,1.2073,D:\Documents\FYP\Multimodal_Assistant\Voice_Architecture\TTS\audio\out_edge_zh.mp3,ok,played directly
2026-05-18T15:55:30Z,zh,edge-tts,未识别该指令。可尝试搜索、播放第一个、暂停，或说停止自动化。,1.5681,D:\Documents\FYP\Multimodal_Assistant\Voice_Architecture\TTS\audio\out_edge_zh.mp3,ok,played directly
2026-05-18T15:55:47Z,zh,edge-tts,未识别该指令。可尝试搜索、播放第一个、暂停，或说停止自动化。,1.5112,D:\Documents\FYP\Multimodal_Assistant\Voice_Architecture\TTS\audio\out_edge_zh.mp3,ok,played directly
2026-05-18T15:56:11Z,zh,edge-tts,已清空消息。,1.3103,D:\Documents\FYP\Multimodal_Assistant\Voice_Architecture\TTS\audio\out_edge_zh.mp3,ok,played directly
2026-05-18T15:56:22Z,zh,edge-tts,已结束会话。,1.4093,D:\Documents\FYP\Multimodal_Assistant\Voice_Architecture\TTS\audio\out_edge_zh.mp3,ok,played directly
2026-05-18T16:04:36Z,en,piper,Opening your downloads folder.,1.2113,D:\Documents\FYP\Multimodal_Assistant\Voice_Architecture\TTS\audio\out_piper_en.wav,ok,
2026-05-18T16:04:53Z,en,piper,Automation is running on WhatsApp.,0.7352,D:\Documents\FYP\Multimodal_Assistant\Voice_Architecture\TTS\audio\out_piper_en.wav,ok,
2026-05-18T16:05:03Z,en,piper,"I did not understand that command. Try search, play first, pause, or stop automation.",0.8505,D:\Documents\FYP\Multimodal_Assistant\Voice_Architecture\TTS\audio\out_piper_en.wav,ok,
2026-05-18T16:05:16Z,en,piper,Selected the chat.,0.8654,D:\Documents\FYP\Multimodal_Assistant\Voice_Architecture\TTS\audio\out_piper_en.wav,ok,
2026-05-18T16:05:27Z,en,piper,Search updated.,0.6657,D:\Documents\FYP\Multimodal_Assistant\Voice_Architecture\TTS\audio\out_piper_en.wav,ok,
2026-05-18T16:05:36Z,en,piper,Selected the chat.,1.0585,D:\Documents\FYP\Multimodal_Assistant\Voice_Architecture\TTS\audio\out_piper_en.wav,ok,
2026-05-18T16:05:46Z,en,piper,Cleared the search.,0.6782,D:\Documents\FYP\Multimodal_Assistant\Voice_Architecture\TTS\audio\out_piper_en.wav,ok,
2026-05-18T16:05:55Z,en,piper,Selected the chat.,0.7821,D:\Documents\FYP\Multimodal_Assistant\Voice_Architecture\TTS\audio\out_piper_en.wav,ok,
2026-05-18T16:06:04Z,en,piper,Typed.,0.9073,D:\Documents\FYP\Multimodal_Assistant\Voice_Architecture\TTS\audio\out_piper_en.wav,ok,
2026-05-18T16:06:13Z,en,piper,Cleared the message.,1.0356,D:\Documents\FYP\Multimodal_Assistant\Voice_Architecture\TTS\audio\out_piper_en.wav,ok,
2026-05-18T16:06:22Z,en,piper,Session stopped.,0.6115,D:\Documents\FYP\Multimodal_Assistant\Voice_Architecture\TTS\audio\out_piper_en.wav,ok,
2026-05-18T16:06:43Z,en,piper,Automation is running on YouTube.,1.2091,D:\Documents\FYP\Multimodal_Assistant\Voice_Architecture\TTS\audio\out_piper_en.wav,ok,
2026-05-18T16:06:57Z,en,piper,Done.,0.8794,D:\Documents\FYP\Multimodal_Assistant\Voice_Architecture\TTS\audio\out_piper_en.wav,ok,
2026-05-18T16:07:05Z,en,piper,"I did not understand that command. Try search, play first, pause, or stop automation.",1.0109,D:\Documents\FYP\Multimodal_Assistant\Voice_Architecture\TTS\audio\out_piper_en.wav,ok,
2026-05-18T16:07:20Z,en,piper,Playing the first video.,1.0746,D:\Documents\FYP\Multimodal_Assistant\Voice_Architecture\TTS\audio\out_piper_en.wav,ok,
2026-05-18T16:07:29Z,en,piper,Paused.,1.0652,D:\Documents\FYP\Multimodal_Assistant\Voice_Architecture\TTS\audio\out_piper_en.wav,ok,
2026-05-18T16:07:37Z,en,piper,Session stopped.,1.0106,D:\Documents\FYP\Multimodal_Assistant\Voice_Architecture\TTS\audio\out_piper_en.wav,ok,
2026-05-18T16:07:55Z,en,piper,Sending play or pause to the active player.,0.9440,D:\Documents\FYP\Multimodal_Assistant\Voice_Architecture\TTS\audio\out_piper_en.wav,ok,
2026-05-18T16:08:18Z,zh,edge-tts,自动化运行中在 YouTube,2.0977,D:\Documents\FYP\Multimodal_Assistant\Voice_Architecture\TTS\audio\out_edge_zh.mp3,ok,played directly
2026-05-18T16:08:34Z,zh,edge-tts,完成。,1.7903,D:\Documents\FYP\Multimodal_Assistant\Voice_Architecture\TTS\audio\out_edge_zh.mp3,ok,played directly
2026-05-18T16:08:47Z,zh,edge-tts,正在播放第一个视频。,1.6777,D:\Documents\FYP\Multimodal_Assistant\Voice_Architecture\TTS\audio\out_edge_zh.mp3,ok,played directly
2026-05-18T16:08:59Z,zh,edge-tts,已继续播放。,1.6083,D:\Documents\FYP\Multimodal_Assistant\Voice_Architecture\TTS\audio\out_edge_zh.mp3,ok,played directly
2026-05-18T16:17:25Z,zh,edge-tts,自动化运行中在 YouTube,2.0935,D:\Documents\FYP\Multimodal_Assistant\Voice_Architecture\TTS\audio\out_edge_zh.mp3,ok,played directly
2026-05-18T16:17:41Z,zh,edge-tts,完成。,1.9100,D:\Documents\FYP\Multimodal_Assistant\Voice_Architecture\TTS\audio\out_edge_zh.mp3,ok,played directly
2026-05-18T16:17:53Z,zh,edge-tts,正在播放第一个视频。,1.7184,D:\Documents\FYP\Multimodal_Assistant\Voice_Architecture\TTS\audio\out_edge_zh.mp3,ok,played directly
2026-05-18T16:18:12Z,zh,edge-tts,已调高音量。,1.4487,D:\Documents\FYP\Multimodal_Assistant\Voice_Architecture\TTS\audio\out_edge_zh.mp3,ok,played directly
2026-05-18T16:18:25Z,zh,edge-tts,已调低音量。,1.6592,D:\Documents\FYP\Multimodal_Assistant\Voice_Architecture\TTS\audio\out_edge_zh.mp3,ok,played directly
2026-05-18T16:18:35Z,zh,edge-tts,已停止播放。,1.5980,D:\Documents\FYP\Multimodal_Assistant\Voice_Architecture\TTS\audio\out_edge_zh.mp3,ok,played directly
2026-05-18T16:18:45Z,zh,edge-tts,已继续播放。,1.6025,D:\Documents\FYP\Multimodal_Assistant\Voice_Architecture\TTS\audio\out_edge_zh.mp3,ok,played directly
2026-05-18T16:18:56Z,zh,edge-tts,已结束会话。,1.4518,D:\Documents\FYP\Multimodal_Assistant\Voice_Architecture\TTS\audio\out_edge_zh.mp3,ok,played directly
2026-05-18T16:19:11Z,zh,edge-tts,自动化运行中在 WhatsApp,1.4395,D:\Documents\FYP\Multimodal_Assistant\Voice_Architecture\TTS\audio\out_edge_zh.mp3,ok,played directly
2026-05-18T16:19:23Z,zh,edge-tts,未识别该指令。可尝试搜索、播放第一个、暂停，或说停止自动化。,1.8834,D:\Documents\FYP\Multimodal_Assistant\Voice_Architecture\TTS\audio\out_edge_zh.mp3,ok,played directly
2026-05-18T16:19:43Z,zh,edge-tts,已更新搜索。,1.5896,D:\Documents\FYP\Multimodal_Assistant\Voice_Architecture\TTS\audio\out_edge_zh.mp3,ok,played directly
2026-05-18T16:19:54Z,zh,edge-tts,已选择聊天。,1.4257,D:\Documents\FYP\Multimodal_Assistant\Voice_Architecture\TTS\audio\out_edge_zh.mp3,ok,played directly
2026-05-18T16:20:05Z,zh,edge-tts,已输入。,1.3572,D:\Documents\FYP\Multimodal_Assistant\Voice_Architecture\TTS\audio\out_edge_zh.mp3,ok,played directly
2026-05-18T16:20:16Z,zh,edge-tts,未识别该指令。可尝试搜索、播放第一个、暂停，或说停止自动化。,1.5274,D:\Documents\FYP\Multimodal_Assistant\Voice_Architecture\TTS\audio\out_edge_zh.mp3,ok,played directly
2026-05-18T16:20:40Z,zh,edge-tts,已清空消息。,1.4508,D:\Documents\FYP\Multimodal_Assistant\Voice_Architecture\TTS\audio\out_edge_zh.mp3,ok,played directly
2026-05-18T16:20:55Z,zh,edge-tts,已清空搜索。,1.4890,D:\Documents\FYP\Multimodal_Assistant\Voice_Architecture\TTS\audio\out_edge_zh.mp3,ok,played directly
2026-05-18T16:21:05Z,zh,edge-tts,已选择聊天。,1.5118,D:\Documents\FYP\Multimodal_Assistant\Voice_Architecture\TTS\audio\out_edge_zh.mp3,ok,played directly
2026-05-18T16:21:16Z,zh,edge-tts,已结束会话。,1.1139,D:\Documents\FYP\Multimodal_Assistant\Voice_Architecture\TTS\audio\out_edge_zh.mp3,ok,played directly
2026-05-18T16:21:29Z,zh,edge-tts,自动化运行中在 谷歌新闻,1.5375,D:\Documents\FYP\Multimodal_Assistant\Voice_Architecture\TTS\audio\out_edge_zh.mp3,ok,played directly
2026-05-18T16:21:42Z,zh,edge-tts,完成。,2.1206,D:\Documents\FYP\Multimodal_Assistant\Voice_Architecture\TTS\audio\out_edge_zh.mp3,ok,played directly
2026-05-18T16:21:53Z,zh,edge-tts,已结束会话。,1.7114,D:\Documents\FYP\Multimodal_Assistant\Voice_Architecture\TTS\audio\out_edge_zh.mp3,ok,played directly
2026-05-18T16:22:09Z,en,piper,Automation is running on YouTube.,1.0494,D:\Documents\FYP\Multimodal_Assistant\Voice_Architecture\TTS\audio\out_piper_en.wav,ok,
2026-05-18T16:22:22Z,en,piper,Done.,0.6556,D:\Documents\FYP\Multimodal_Assistant\Voice_Architecture\TTS\audio\out_piper_en.wav,ok,
2026-05-18T16:22:31Z,en,piper,Playing the first video.,0.9731,D:\Documents\FYP\Multimodal_Assistant\Voice_Architecture\TTS\audio\out_piper_en.wav,ok,
2026-05-18T16:22:41Z,en,piper,Volume up.,0.9889,D:\Documents\FYP\Multimodal_Assistant\Voice_Architecture\TTS\audio\out_piper_en.wav,ok,
2026-05-18T16:22:49Z,en,piper,Volume down.,0.7434,D:\Documents\FYP\Multimodal_Assistant\Voice_Architecture\TTS\audio\out_piper_en.wav,ok,
2026-05-18T16:22:57Z,en,piper,Paused.,0.5750,D:\Documents\FYP\Multimodal_Assistant\Voice_Architecture\TTS\audio\out_piper_en.wav,ok,
2026-05-18T16:23:05Z,en,piper,Session stopped.,0.7696,D:\Documents\FYP\Multimodal_Assistant\Voice_Architecture\TTS\audio\out_piper_en.wav,ok,
2026-05-18T16:23:31Z,en,piper,"I'm not capable of taking screenshots. However, I can guide you on how to take a screenshot on your device.   Is it a Windows, Mac, or mobile device you're using?",1.5665,D:\Documents\FYP\Multimodal_Assistant\Voice_Architecture\TTS\audio\out_piper_en.wav,ok,
2026-05-18T16:23:52Z,en,piper,Screenshot saved.,1.0180,D:\Documents\FYP\Multimodal_Assistant\Voice_Architecture\TTS\audio\out_piper_en.wav,ok,
2026-05-18T16:24:27Z,zh,edge-tts,截图已保存。,1.7674,D:\Documents\FYP\Multimodal_Assistant\Voice_Architecture\TTS\audio\out_edge_zh.mp3,ok,played directly
2026-05-23T03:35:20Z,en,piper,Automation is running on WhatsApp.,1.0742,D:\Documents\FYP\Multimodal_Assistant\Voice_Architecture\TTS\audio\out_piper_en.wav,ok,
2026-05-23T03:35:30Z,en,piper,Selected the chat.,0.8003,D:\Documents\FYP\Multimodal_Assistant\Voice_Architecture\TTS\audio\out_piper_en.wav,ok,
2026-05-23T03:35:40Z,en,piper,Sent.,0.7166,D:\Documents\FYP\Multimodal_Assistant\Voice_Architecture\TTS\audio\out_piper_en.wav,ok,
2026-05-23T03:35:48Z,en,piper,Session stopped.,0.6412,D:\Documents\FYP\Multimodal_Assistant\Voice_Architecture\TTS\audio\out_piper_en.wav,ok,
2026-05-23T03:36:16Z,en,piper,"Good morning. It seems like you're about to ask a question, could you please complete it?",0.9076,D:\Documents\FYP\Multimodal_Assistant\Voice_Architecture\TTS\audio\out_piper_en.wav,ok,
2026-05-23T03:36:31Z,en,piper,"Computer science is the study of the theory, design, and implementation of computer systems and algorithms. It involves the use of mathematical and logical techniques to solve problems and develop sof",1.4103,D:\Documents\FYP\Multimodal_Assistant\Voice_Architecture\TTS\audio\out_piper_en.wav,ok,
2026-05-23T03:39:48Z,zh,edge-tts,截图已保存。,2.1873,D:\Documents\FYP\Multimodal_Assistant\Voice_Architecture\TTS\audio\out_edge_zh.mp3,ok,played directly
2026-05-23T04:17:25Z,en,piper,"I didn't match a system command. You can say: set a timer, take a screenshot, open YouTube, or search the web.",0.9720,D:\Documents\FYP\Multimodal_Assistant\Voice_Architecture\TTS\audio\out_piper_en.wav,ok,
2026-05-23T04:35:46Z,en,piper,The time is 12:35:46.,0.7486,D:\Documents\FYP\Multimodal_Assistant\Voice_Architecture\TTS\audio\out_piper_en.wav,ok,
2026-05-23T04:36:09Z,en,piper,Today is 2026-05-23.,0.6114,D:\Documents\FYP\Multimodal_Assistant\Voice_Architecture\TTS\audio\out_piper_en.wav,ok,
2026-05-23T04:36:46Z,zh,edge-tts,今天是 2026-05-23。,1.5644,D:\Documents\FYP\Multimodal_Assistant\Voice_Architecture\TTS\audio\out_edge_zh.mp3,ok,played directly
2026-05-23T04:37:00Z,zh,edge-tts,现在时间是 12:37:00。,1.1687,D:\Documents\FYP\Multimodal_Assistant\Voice_Architecture\TTS\audio\out_edge_zh.mp3,ok,played directly
2026-05-23T04:37:43Z,en,piper,Today is 2026-05-23.,0.6164,D:\Documents\FYP\Multimodal_Assistant\Voice_Architecture\TTS\audio\out_piper_en.wav,ok,
2026-05-23T04:37:57Z,en,piper,The time is 12:37:57.,0.5573,D:\Documents\FYP\Multimodal_Assistant\Voice_Architecture\TTS\audio\out_piper_en.wav,ok,
2026-05-23T08:37:08Z,en,piper,Screenshot saved.,0.7217,D:\Documents\FYP\Multimodal_Assistant\Voice_Architecture\TTS\audio\out_piper_en.wav,ok,
2026-05-23T08:37:53Z,en,piper,"The meaning of life is a complex and subjective question that has been debated by philosophers, scientists, and theologians for centuries. It's a personal and existential inquiry that may vary from pe",1.6510,D:\Documents\FYP\Multimodal_Assistant\Voice_Architecture\TTS\audio\out_piper_en.wav,ok,
2026-05-23T08:47:54Z,en,piper,Screenshot saved.,0.6584,D:\Documents\FYP\Multimodal_Assistant\Voice_Architecture\TTS\audio\out_piper_en.wav,ok,
2026-05-23T08:48:36Z,en,piper,"I didn't match a system command. You can say: set a timer, take a screenshot, open YouTube, or search the web.",1.1123,D:\Documents\FYP\Multimodal_Assistant\Voice_Architecture\TTS\audio\out_piper_en.wav,ok,
2026-05-23T09:00:35Z,zh,edge-tts,自动化运行中在 WhatsApp,1.8082,D:\Documents\FYP\Multimodal_Assistant\Voice_Architecture\TTS\audio\out_edge_zh.mp3,ok,played directly
2026-05-23T09:00:49Z,zh,edge-tts,已选择聊天。,1.4399,D:\Documents\FYP\Multimodal_Assistant\Voice_Architecture\TTS\audio\out_edge_zh.mp3,ok,played directly
2026-05-23T09:01:03Z,zh,edge-tts,已更新搜索。,1.5354,D:\Documents\FYP\Multimodal_Assistant\Voice_Architecture\TTS\audio\out_edge_zh.mp3,ok,played directly
2026-05-23T09:01:24Z,zh,edge-tts,已选择聊天。,1.5317,D:\Documents\FYP\Multimodal_Assistant\Voice_Architecture\TTS\audio\out_edge_zh.mp3,ok,played directly
2026-05-23T09:01:36Z,zh,edge-tts,已结束会话。,1.5480,D:\Documents\FYP\Multimodal_Assistant\Voice_Architecture\TTS\audio\out_edge_zh.mp3,ok,played directly
2026-05-23T09:01:59Z,en,piper,I'm not capable of taking screenshots. You can use the built-in screenshot feature on your device by pressing the power button and the volume down button simultaneously. Is there anything else I can h,1.3441,D:\Documents\FYP\Multimodal_Assistant\Voice_Architecture\TTS\audio\out_piper_en.wav,ok,
2026-05-23T09:02:25Z,zh,edge-tts,截图已保存。,1.3702,D:\Documents\FYP\Multimodal_Assistant\Voice_Architecture\TTS\audio\out_edge_zh.mp3,ok,played directly
2026-05-23T09:05:52Z,en,piper,"The meaning of life is a complex and subjective question that has been debated by philosophers, scientists, and thinkers for centuries. It can be interpreted as finding purpose, happiness, and fulfill",1.5742,D:\Documents\FYP\Multimodal_Assistant\Voice_Architecture\TTS\audio\out_piper_en.wav,ok,
2026-05-23T09:06:21Z,en,piper,"I didn't match a system command. You can say: set a timer, take a screenshot, open YouTube, or search the web.",0.8061,D:\Documents\FYP\Multimodal_Assistant\Voice_Architecture\TTS\audio\out_piper_en.wav,ok,
2026-05-23T09:10:10Z,en,piper,The answer is 2.,0.5904,D:\Documents\FYP\Multimodal_Assistant\Voice_Architecture\TTS\audio\out_piper_en.wav,ok,
2026-05-23T09:11:52Z,en,piper,"I didn't match a system command. You can say: set a timer, take a screenshot, open YouTube, or search the web.",0.9408,D:\Documents\FYP\Multimodal_Assistant\Voice_Architecture\TTS\audio\out_piper_en.wav,ok,
2026-05-23T09:12:17Z,zh,edge-tts,您想知道 3 乘以 9 的结果。结果是 27。,1.7268,D:\Documents\FYP\Multimodal_Assistant\Voice_Architecture\TTS\audio\out_edge_zh.mp3,ok,played directly
2026-05-23T10:19:33Z,en,piper,Automation is running on WhatsApp.,0.7819,D:\Documents\FYP\Multimodal_Assistant\Voice_Architecture\TTS\audio\out_piper_en.wav,ok,
2026-05-23T10:19:44Z,en,piper,Search updated.,0.6370,D:\Documents\FYP\Multimodal_Assistant\Voice_Architecture\TTS\audio\out_piper_en.wav,ok,
2026-05-23T10:19:53Z,en,piper,Session stopped.,0.6202,D:\Documents\FYP\Multimodal_Assistant\Voice_Architecture\TTS\audio\out_piper_en.wav,ok,
2026-05-23T15:45:03Z,en,piper,Good day. The result of 15 divided by 5 is 3.,0.8545,D:\Documents\FYP\Multimodal_Assistant\Voice_Architecture\TTS\audio\out_piper_en.wav,ok,
2026-05-23T15:45:18Z,en,piper,Good day. The result of 15 divided by 9 is 1.67.,1.0158,D:\Documents\FYP\Multimodal_Assistant\Voice_Architecture\TTS\audio\out_piper_en.wav,ok,
2026-05-23T15:45:53Z,zh,edge-tts,未识别为系统指令。你可以说：计时、截图、打开 YouTube、或网页搜索。,1.7025,D:\Documents\FYP\Multimodal_Assistant\Voice_Architecture\TTS\audio\out_edge_zh.mp3,ok,played directly
2026-05-23T16:01:22Z,zh,edge-tts,五乘以 15 等于 75。,1.5188,D:\Documents\FYP\Multimodal_Assistant\Voice_Architecture\TTS\audio\out_edge_zh.mp3,ok,played directly
2026-05-23T16:01:40Z,zh,edge-tts,答案是 75 除以 2 等于 37.5。,1.6435,D:\Documents\FYP\Multimodal_Assistant\Voice_Architecture\TTS\audio\out_edge_zh.mp3,ok,played directly
2026-05-23T16:01:54Z,en,piper,The answer is 1.6667.,1.0206,D:\Documents\FYP\Multimodal_Assistant\Voice_Architecture\TTS\audio\out_piper_en.wav,ok,
2026-05-23T16:02:09Z,en,piper,Automation is running on WhatsApp.,0.6548,D:\Documents\FYP\Multimodal_Assistant\Voice_Architecture\TTS\audio\out_piper_en.wav,ok,
2026-05-23T16:02:19Z,en,piper,Selected the chat.,0.7874,D:\Documents\FYP\Multimodal_Assistant\Voice_Architecture\TTS\audio\out_piper_en.wav,ok,
2026-05-23T16:02:28Z,en,piper,Session stopped.,0.5230,D:\Documents\FYP\Multimodal_Assistant\Voice_Architecture\TTS\audio\out_piper_en.wav,ok,
2026-05-23T16:02:48Z,zh,edge-tts,自动化运行中在 WhatsApp,1.4045,D:\Documents\FYP\Multimodal_Assistant\Voice_Architecture\TTS\audio\out_edge_zh.mp3,ok,played directly
2026-05-23T16:03:00Z,zh,edge-tts,未识别该指令。可尝试搜索、播放第一个、暂停，或说停止自动化。,2.8257,D:\Documents\FYP\Multimodal_Assistant\Voice_Architecture\TTS\audio\out_edge_zh.mp3,ok,played directly
2026-05-23T16:03:17Z,zh,edge-tts,未识别该指令。可尝试搜索、播放第一个、暂停，或说停止自动化。,1.4756,D:\Documents\FYP\Multimodal_Assistant\Voice_Architecture\TTS\audio\out_edge_zh.mp3,ok,played directly
2026-05-23T16:03:34Z,zh,edge-tts,已更新搜索。,1.4899,D:\Documents\FYP\Multimodal_Assistant\Voice_Architecture\TTS\audio\out_edge_zh.mp3,ok,played directly
2026-05-23T16:03:46Z,zh,edge-tts,已选择聊天。,1.4762,D:\Documents\FYP\Multimodal_Assistant\Voice_Architecture\TTS\audio\out_edge_zh.mp3,ok,played directly
2026-05-23T16:03:57Z,zh,edge-tts,未识别该指令。可尝试搜索、播放第一个、暂停，或说停止自动化。,1.3566,D:\Documents\FYP\Multimodal_Assistant\Voice_Architecture\TTS\audio\out_edge_zh.mp3,ok,played directly
2026-05-23T16:04:13Z,zh,edge-tts,已结束会话。,1.4110,D:\Documents\FYP\Multimodal_Assistant\Voice_Architecture\TTS\audio\out_edge_zh.mp3,ok,played directly
2026-05-23T16:24:18Z,en,piper,Automation is running on Google Maps.,1.4326,D:\Documents\FYP\Multimodal_Assistant\Voice_Architecture\TTS\audio\out_piper_en.wav,ok,
2026-05-23T16:24:39Z,en,piper,Done.,1.2461,D:\Documents\FYP\Multimodal_Assistant\Voice_Architecture\TTS\audio\out_piper_en.wav,ok,
2026-05-23T16:24:47Z,en,piper,Session stopped.,0.9394,D:\Documents\FYP\Multimodal_Assistant\Voice_Architecture\TTS\audio\out_piper_en.wav,ok,
2026-05-23T16:31:32Z,en,piper,Automation is running on YouTube.,1.0928,D:\Documents\FYP\Multimodal_Assistant\Voice_Architecture\TTS\audio\out_piper_en.wav,ok,
2026-05-23T16:31:45Z,en,piper,Done.,0.6710,D:\Documents\FYP\Multimodal_Assistant\Voice_Architecture\TTS\audio\out_piper_en.wav,ok,
2026-05-23T16:31:53Z,en,piper,"I did not understand that command. Try search, play first, pause, or stop automation.",0.7618,D:\Documents\FYP\Multimodal_Assistant\Voice_Architecture\TTS\audio\out_piper_en.wav,ok,
2026-05-23T16:32:05Z,en,piper,Session stopped.,0.5375,D:\Documents\FYP\Multimodal_Assistant\Voice_Architecture\TTS\audio\out_piper_en.wav,ok,
2026-05-23T16:38:52Z,en,piper,Automation is running on YouTube.,0.6774,D:\Documents\FYP\Multimodal_Assistant\Voice_Architecture\TTS\audio\out_piper_en.wav,ok,
2026-05-23T16:39:13Z,en,piper,Done.,0.7868,D:\Documents\FYP\Multimodal_Assistant\Voice_Architecture\TTS\audio\out_piper_en.wav,ok,
2026-05-23T16:39:21Z,en,piper,Session stopped.,0.9046,D:\Documents\FYP\Multimodal_Assistant\Voice_Architecture\TTS\audio\out_piper_en.wav,ok,
2026-05-23T16:39:50Z,en,piper,"Good morning, I'm functioning properly. How can I assist you today?",0.8139,D:\Documents\FYP\Multimodal_Assistant\Voice_Architecture\TTS\audio\out_piper_en.wav,ok,
2026-05-23T16:40:14Z,zh,edge-tts,自动化运行中在 ChatGPT,1.7782,D:\Documents\FYP\Multimodal_Assistant\Voice_Architecture\TTS\audio\out_edge_zh.mp3,ok,played directly
2026-05-23T16:40:42Z,zh,edge-tts,已发送。,1.2877,D:\Documents\FYP\Multimodal_Assistant\Voice_Architecture\TTS\audio\out_edge_zh.mp3,ok,played directly
2026-05-23T16:40:52Z,zh,edge-tts,已结束会话。,1.4237,D:\Documents\FYP\Multimodal_Assistant\Voice_Architecture\TTS\audio\out_edge_zh.mp3,ok,played directly
2026-05-23T16:41:15Z,en,piper,Automation is running on Google News.,0.9189,D:\Documents\FYP\Multimodal_Assistant\Voice_Architecture\TTS\audio\out_piper_en.wav,ok,
2026-05-23T16:41:24Z,en,piper,"I did not understand that command. Try search, find, enter, or stop automation.",1.1393,D:\Documents\FYP\Multimodal_Assistant\Voice_Architecture\TTS\audio\out_piper_en.wav,ok,
2026-05-23T16:41:37Z,en,piper,"I did not understand that command. Try search, find, enter, or stop automation.",1.1072,D:\Documents\FYP\Multimodal_Assistant\Voice_Architecture\TTS\audio\out_piper_en.wav,ok,
2026-05-23T16:41:51Z,en,piper,Done.,0.5477,D:\Documents\FYP\Multimodal_Assistant\Voice_Architecture\TTS\audio\out_piper_en.wav,ok,
2026-05-23T16:41:59Z,en,piper,Session stopped.,0.5149,D:\Documents\FYP\Multimodal_Assistant\Voice_Architecture\TTS\audio\out_piper_en.wav,ok,
2026-05-23T16:42:13Z,en,piper,The result of 1 + 1 is 2.,0.8004,D:\Documents\FYP\Multimodal_Assistant\Voice_Architecture\TTS\audio\out_piper_en.wav,ok,
2026-05-23T16:42:31Z,en,piper,Automation is running on YouTube.,1.0230,D:\Documents\FYP\Multimodal_Assistant\Voice_Architecture\TTS\audio\out_piper_en.wav,ok,
2026-05-23T16:42:40Z,en,piper,Session stopped.,0.6331,D:\Documents\FYP\Multimodal_Assistant\Voice_Architecture\TTS\audio\out_piper_en.wav,ok,
2026-05-23T16:43:03Z,en,piper,Automation is running on YouTube.,0.7311,D:\Documents\FYP\Multimodal_Assistant\Voice_Architecture\TTS\audio\out_piper_en.wav,ok,
2026-05-23T16:43:16Z,en,piper,Done.,0.6511,D:\Documents\FYP\Multimodal_Assistant\Voice_Architecture\TTS\audio\out_piper_en.wav,ok,
2026-05-23T16:43:25Z,en,piper,Playing the first video.,0.9757,D:\Documents\FYP\Multimodal_Assistant\Voice_Architecture\TTS\audio\out_piper_en.wav,ok,
2026-05-23T16:43:34Z,en,piper,Session stopped.,0.9788,D:\Documents\FYP\Multimodal_Assistant\Voice_Architecture\TTS\audio\out_piper_en.wav,ok,
2026-05-23T16:43:58Z,zh,edge-tts,自动化运行中在 YouTube,1.5107,D:\Documents\FYP\Multimodal_Assistant\Voice_Architecture\TTS\audio\out_edge_zh.mp3,ok,played directly
2026-05-23T16:44:14Z,zh,edge-tts,完成。,1.4579,D:\Documents\FYP\Multimodal_Assistant\Voice_Architecture\TTS\audio\out_edge_zh.mp3,ok,played directly
2026-05-23T16:44:26Z,zh,edge-tts,正在播放第一个视频。,1.5653,D:\Documents\FYP\Multimodal_Assistant\Voice_Architecture\TTS\audio\out_edge_zh.mp3,ok,played directly
2026-05-23T16:44:38Z,zh,edge-tts,已暂停。,1.2309,D:\Documents\FYP\Multimodal_Assistant\Voice_Architecture\TTS\audio\out_edge_zh.mp3,ok,played directly
2026-05-23T16:44:48Z,zh,edge-tts,已结束会话。,1.4540,D:\Documents\FYP\Multimodal_Assistant\Voice_Architecture\TTS\audio\out_edge_zh.mp3,ok,played directly
2026-05-23T16:45:08Z,zh,edge-tts,自动化运行中在 WhatsApp,1.4140,D:\Documents\FYP\Multimodal_Assistant\Voice_Architecture\TTS\audio\out_edge_zh.mp3,ok,played directly
2026-05-23T16:45:27Z,zh,edge-tts,已清空搜索。,1.5636,D:\Documents\FYP\Multimodal_Assistant\Voice_Architecture\TTS\audio\out_edge_zh.mp3,ok,played directly
2026-05-23T16:45:39Z,zh,edge-tts,已选择聊天。,1.5125,D:\Documents\FYP\Multimodal_Assistant\Voice_Architecture\TTS\audio\out_edge_zh.mp3,ok,played directly
2026-05-23T16:45:51Z,zh,edge-tts,已选择聊天。,1.7463,D:\Documents\FYP\Multimodal_Assistant\Voice_Architecture\TTS\audio\out_edge_zh.mp3,ok,played directly
2026-05-23T16:46:03Z,zh,edge-tts,已输入。,1.8024,D:\Documents\FYP\Multimodal_Assistant\Voice_Architecture\TTS\audio\out_edge_zh.mp3,ok,played directly
2026-05-23T16:46:15Z,zh,edge-tts,已清空消息。,1.2468,D:\Documents\FYP\Multimodal_Assistant\Voice_Architecture\TTS\audio\out_edge_zh.mp3,ok,played directly
2026-05-23T16:46:27Z,zh,edge-tts,已输入。,1.0458,D:\Documents\FYP\Multimodal_Assistant\Voice_Architecture\TTS\audio\out_edge_zh.mp3,ok,played directly
2026-05-23T16:46:43Z,zh,edge-tts,已结束会话。,1.2187,D:\Documents\FYP\Multimodal_Assistant\Voice_Architecture\TTS\audio\out_edge_zh.mp3,ok,played directly
2026-05-23T16:46:56Z,en,piper,Automation is running on WhatsApp.,0.6700,D:\Documents\FYP\Multimodal_Assistant\Voice_Architecture\TTS\audio\out_piper_en.wav,ok,
2026-05-23T16:47:05Z,en,piper,Selected the chat.,0.5519,D:\Documents\FYP\Multimodal_Assistant\Voice_Architecture\TTS\audio\out_piper_en.wav,ok,
2026-05-23T16:47:14Z,en,piper,"I did not understand that command. Try search, play first, pause, or stop automation.",0.7544,D:\Documents\FYP\Multimodal_Assistant\Voice_Architecture\TTS\audio\out_piper_en.wav,ok,
2026-05-23T16:47:27Z,en,piper,Typed.,0.8964,D:\Documents\FYP\Multimodal_Assistant\Voice_Architecture\TTS\audio\out_piper_en.wav,ok,
2026-05-23T16:47:41Z,en,piper,Cleared the message.,0.7864,D:\Documents\FYP\Multimodal_Assistant\Voice_Architecture\TTS\audio\out_piper_en.wav,ok,
2026-05-23T16:47:50Z,en,piper,Typed.,0.5626,D:\Documents\FYP\Multimodal_Assistant\Voice_Architecture\TTS\audio\out_piper_en.wav,ok,
2026-05-23T16:47:58Z,en,piper,Cleared the message.,0.6467,D:\Documents\FYP\Multimodal_Assistant\Voice_Architecture\TTS\audio\out_piper_en.wav,ok,
2026-05-23T16:48:08Z,en,piper,Search updated.,0.7514,D:\Documents\FYP\Multimodal_Assistant\Voice_Architecture\TTS\audio\out_piper_en.wav,ok,
2026-05-23T16:48:17Z,en,piper,Session stopped.,0.9675,D:\Documents\FYP\Multimodal_Assistant\Voice_Architecture\TTS\audio\out_piper_en.wav,ok,
2026-05-23T16:48:31Z,zh,edge-tts,自动化运行中在 WhatsApp,1.5152,D:\Documents\FYP\Multimodal_Assistant\Voice_Architecture\TTS\audio\out_edge_zh.mp3,ok,played directly
2026-05-23T16:48:44Z,zh,edge-tts,已更新搜索。,1.2550,D:\Documents\FYP\Multimodal_Assistant\Voice_Architecture\TTS\audio\out_edge_zh.mp3,ok,played directly
2026-05-23T16:48:56Z,zh,edge-tts,已清空搜索。,1.3232,D:\Documents\FYP\Multimodal_Assistant\Voice_Architecture\TTS\audio\out_edge_zh.mp3,ok,played directly
2026-05-23T16:49:08Z,zh,edge-tts,已选择聊天。,1.3866,D:\Documents\FYP\Multimodal_Assistant\Voice_Architecture\TTS\audio\out_edge_zh.mp3,ok,played directly
2026-05-23T16:49:19Z,zh,edge-tts,已输入。,1.3621,D:\Documents\FYP\Multimodal_Assistant\Voice_Architecture\TTS\audio\out_edge_zh.mp3,ok,played directly
2026-05-23T16:49:29Z,zh,edge-tts,已清空消息。,1.2173,D:\Documents\FYP\Multimodal_Assistant\Voice_Architecture\TTS\audio\out_edge_zh.mp3,ok,played directly
2026-05-23T16:49:41Z,zh,edge-tts,已输入。,1.3176,D:\Documents\FYP\Multimodal_Assistant\Voice_Architecture\TTS\audio\out_edge_zh.mp3,ok,played directly
2026-05-23T16:49:51Z,zh,edge-tts,已清空消息。,1.2350,D:\Documents\FYP\Multimodal_Assistant\Voice_Architecture\TTS\audio\out_edge_zh.mp3,ok,played directly
2026-05-23T16:50:02Z,zh,edge-tts,未识别该指令。可尝试搜索、播放第一个、暂停，或说停止自动化。,1.5599,D:\Documents\FYP\Multimodal_Assistant\Voice_Architecture\TTS\audio\out_edge_zh.mp3,ok,played directly
2026-05-23T16:50:18Z,zh,edge-tts,已结束会话。,1.1487,D:\Documents\FYP\Multimodal_Assistant\Voice_Architecture\TTS\audio\out_edge_zh.mp3,ok,played directly
2026-05-23T16:51:16Z,zh,edge-tts,未识别为系统指令。你可以说：计时、截图、打开 YouTube、或网页搜索。,1.5790,D:\Documents\FYP\Multimodal_Assistant\Voice_Architecture\TTS\audio\out_edge_zh.mp3,ok,played directly
2026-05-23T16:51:34Z,zh,edge-tts,未识别为系统指令。你可以说：计时、截图、打开 YouTube、或网页搜索。,1.3773,D:\Documents\FYP\Multimodal_Assistant\Voice_Architecture\TTS\audio\out_edge_zh.mp3,ok,played directly
2026-05-23T16:51:52Z,zh,edge-tts,未识别为系统指令。你可以说：计时、截图、打开 YouTube、或网页搜索。,1.1712,D:\Documents\FYP\Multimodal_Assistant\Voice_Architecture\TTS\audio\out_edge_zh.mp3,ok,played directly
2026-05-23T16:52:14Z,zh,edge-tts,答案是 1 + 1 = 2。,1.3671,D:\Documents\FYP\Multimodal_Assistant\Voice_Architecture\TTS\audio\out_edge_zh.mp3,ok,played directly
2026-05-23T16:52:28Z,zh,edge-tts,未识别为系统指令。你可以说：计时、截图、打开 YouTube、或网页搜索。,1.1009,D:\Documents\FYP\Multimodal_Assistant\Voice_Architecture\TTS\audio\out_edge_zh.mp3,ok,played directly
2026-05-23T16:54:10Z,zh,edge-tts,答案是 6。,1.3330,D:\Documents\FYP\Multimodal_Assistant\Voice_Architecture\TTS\audio\out_edge_zh.mp3,ok,played directly
2026-05-23T16:54:23Z,en,piper,The result of 3 multiplied by 3 is 9.,0.9511,D:\Documents\FYP\Multimodal_Assistant\Voice_Architecture\TTS\audio\out_piper_en.wav,ok,
2026-05-23T16:54:37Z,en,piper,Automation is running on WhatsApp.,0.5525,D:\Documents\FYP\Multimodal_Assistant\Voice_Architecture\TTS\audio\out_piper_en.wav,ok,
2026-05-23T16:54:46Z,en,piper,Selected the chat.,0.7558,D:\Documents\FYP\Multimodal_Assistant\Voice_Architecture\TTS\audio\out_piper_en.wav,ok,
2026-05-23T16:54:56Z,en,piper,Selected the chat.,0.6589,D:\Documents\FYP\Multimodal_Assistant\Voice_Architecture\TTS\audio\out_piper_en.wav,ok,
2026-05-23T16:55:05Z,en,piper,Session stopped.,0.6170,D:\Documents\FYP\Multimodal_Assistant\Voice_Architecture\TTS\audio\out_piper_en.wav,ok,
2026-05-23T16:55:19Z,en,piper,Today is 2026-05-24.,0.9166,D:\Documents\FYP\Multimodal_Assistant\Voice_Architecture\TTS\audio\out_piper_en.wav,ok,
2026-05-23T16:55:34Z,zh,edge-tts,现在时间是 00:55:34。,1.4604,D:\Documents\FYP\Multimodal_Assistant\Voice_Architecture\TTS\audio\out_edge_zh.mp3,ok,played directly
2026-05-23T16:55:48Z,zh,edge-tts,今天是 2026-05-24。,1.4682,D:\Documents\FYP\Multimodal_Assistant\Voice_Architecture\TTS\audio\out_edge_zh.mp3,ok,played directly
2026-05-23T16:56:03Z,zh,edge-tts,自动化运行中在 谷歌地图,1.8404,D:\Documents\FYP\Multimodal_Assistant\Voice_Architecture\TTS\audio\out_edge_zh.mp3,ok,played directly
2026-05-23T16:56:18Z,zh,edge-tts,完成。,1.5688,D:\Documents\FYP\Multimodal_Assistant\Voice_Architecture\TTS\audio\out_edge_zh.mp3,ok,played directly
2026-05-23T16:56:27Z,zh,edge-tts,已结束会话。,1.4689,D:\Documents\FYP\Multimodal_Assistant\Voice_Architecture\TTS\audio\out_edge_zh.mp3,ok,played directly
2026-05-23T16:57:01Z,en,piper,The time is 00:57:01.,0.9824,D:\Documents\FYP\Multimodal_Assistant\Voice_Architecture\TTS\audio\out_piper_en.wav,ok,
2026-05-23T16:57:15Z,en,piper,Today is 2026-05-24.,0.9830,D:\Documents\FYP\Multimodal_Assistant\Voice_Architecture\TTS\audio\out_piper_en.wav,ok,
2026-05-23T16:57:46Z,en,piper,Opening your downloads folder.,0.7012,D:\Documents\FYP\Multimodal_Assistant\Voice_Architecture\TTS\audio\out_piper_en.wav,ok,
2026-05-23T16:58:06Z,en,piper,"I didn't match a system command. You can say: set a timer, take a screenshot, open YouTube, or search the web.",1.1011,D:\Documents\FYP\Multimodal_Assistant\Voice_Architecture\TTS\audio\out_piper_en.wav,ok,
2026-05-23T16:58:24Z,en,piper,"Computer science is the study of the theory, design, and implementation of computer systems and algorithms. It involves understanding the fundamental principles of computing, including software, hardw",1.5483,D:\Documents\FYP\Multimodal_Assistant\Voice_Architecture\TTS\audio\out_piper_en.wav,ok,
2026-05-23T16:58:50Z,en,piper,Automation is running on Google News.,1.0589,D:\Documents\FYP\Multimodal_Assistant\Voice_Architecture\TTS\audio\out_piper_en.wav,ok,
2026-05-23T16:59:01Z,en,piper,Done.,0.5938,D:\Documents\FYP\Multimodal_Assistant\Voice_Architecture\TTS\audio\out_piper_en.wav,ok,
2026-05-23T16:59:09Z,en,piper,Session stopped.,0.7747,D:\Documents\FYP\Multimodal_Assistant\Voice_Architecture\TTS\audio\out_piper_en.wav,ok,
2026-05-24T05:03:42Z,en,piper,Opening gesture control,0.7003,D:\Documents\FYP\Multimodal_Assistant\Voice_Architecture\TTS\audio\out_piper_en.wav,ok,
2026-05-24T05:04:47Z,en,piper,The result of 1 + 1 is 2.,0.6653,D:\Documents\FYP\Multimodal_Assistant\Voice_Architecture\TTS\audio\out_piper_en.wav,ok,
2026-05-24T05:24:47Z,en,piper,Opening gesture control,0.6307,D:\Documents\FYP\Multimodal_Assistant\Voice_Architecture\TTS\audio\out_piper_en.wav,ok,
2026-05-24T05:26:05Z,en,piper,Opening gesture control,0.5376,D:\Documents\FYP\Multimodal_Assistant\Voice_Architecture\TTS\audio\out_piper_en.wav,ok,
2026-05-24T05:26:58Z,en,piper,Automation is running on WhatsApp.,0.6231,D:\Documents\FYP\Multimodal_Assistant\Voice_Architecture\TTS\audio\out_piper_en.wav,ok,
2026-05-24T05:27:08Z,en,piper,Selected the chat.,0.7690,D:\Documents\FYP\Multimodal_Assistant\Voice_Architecture\TTS\audio\out_piper_en.wav,ok,
2026-05-24T05:27:16Z,en,piper,Session stopped.,0.6074,D:\Documents\FYP\Multimodal_Assistant\Voice_Architecture\TTS\audio\out_piper_en.wav,ok,
2026-05-24T05:29:48Z,en,piper,"Good morning, how can I assist you today?",0.7205,D:\Documents\FYP\Multimodal_Assistant\Voice_Architecture\TTS\audio\out_piper_en.wav,ok,
2026-05-24T05:30:22Z,zh,edge-tts,正在打开手势控制,1.4848,D:\Documents\FYP\Multimodal_Assistant\Voice_Architecture\TTS\audio\out_edge_zh.mp3,ok,played directly
2026-05-24T06:15:38Z,en,piper,"Good morning, I'm functioning properly. How can I assist you today?",0.8824,D:\Documents\FYP\Multimodal_Assistant\Voice_Architecture\TTS\audio\out_piper_en.wav,ok,
2026-05-24T06:22:51Z,en,piper,Automation is running on WhatsApp.,1.1029,D:\Documents\FYP\Multimodal_Assistant\Voice_Architecture\TTS\audio\out_piper_en.wav,ok,
2026-05-24T06:23:00Z,en,piper,Opening gesture control,0.8485,D:\Documents\FYP\Multimodal_Assistant\Voice_Architecture\TTS\audio\out_piper_en.wav,ok,
2026-05-24T07:24:53Z,en,piper,Opening gesture control,0.9644,D:\Documents\FYP\Multimodal_Assistant\Voice_Architecture\TTS\audio\out_piper_en.wav,ok,
2026-05-24T07:34:52Z,en,piper,Automation is running on WhatsApp.,0.7046,D:\Documents\FYP\Multimodal_Assistant\Voice_Architecture\TTS\audio\out_piper_en.wav,ok,
2026-05-24T07:35:02Z,en,piper,Session stopped.,0.8149,D:\Documents\FYP\Multimodal_Assistant\Voice_Architecture\TTS\audio\out_piper_en.wav,ok,
2026-05-24T07:58:17Z,en,piper,"Good morning, I'm functioning properly. How can I assist you today?",1.0154,D:\Documents\FYP\Multimodal_Assistant\Voice_Architecture\TTS\audio\out_piper_en.wav,ok,
2026-05-24T08:13:56Z,en,piper,Automation is running on WhatsApp.,0.8083,D:\Documents\FYP\Multimodal_Assistant\Voice_Architecture\TTS\audio\out_piper_en.wav,ok,
2026-05-24T08:14:06Z,en,piper,Selected the chat.,0.9677,D:\Documents\FYP\Multimodal_Assistant\Voice_Architecture\TTS\audio\out_piper_en.wav,ok,
2026-05-24T08:14:15Z,en,piper,Session stopped.,0.6822,D:\Documents\FYP\Multimodal_Assistant\Voice_Architecture\TTS\audio\out_piper_en.wav,ok,
2026-05-24T15:30:58Z,en,piper,Good morning. The result of 3 multiplied by 3 is 9.,0.8408,D:\Documents\FYP\Multimodal_Assistant\Voice_Architecture\TTS\audio\out_piper_en.wav,ok,
2026-05-24T15:35:51Z,en,piper,Automation is running on WhatsApp.,0.7297,D:\Documents\FYP\Multimodal_Assistant\Voice_Architecture\TTS\audio\out_piper_en.wav,ok,
2026-05-24T15:36:01Z,en,piper,Selected the chat.,0.6562,D:\Documents\FYP\Multimodal_Assistant\Voice_Architecture\TTS\audio\out_piper_en.wav,ok,
2026-05-24T15:36:10Z,en,piper,Selected the chat.,0.6566,D:\Documents\FYP\Multimodal_Assistant\Voice_Architecture\TTS\audio\out_piper_en.wav,ok,
2026-05-24T15:36:18Z,en,piper,Sent.,0.6077,D:\Documents\FYP\Multimodal_Assistant\Voice_Architecture\TTS\audio\out_piper_en.wav,ok,
2026-05-24T15:36:26Z,en,piper,Session stopped.,0.6275,D:\Documents\FYP\Multimodal_Assistant\Voice_Architecture\TTS\audio\out_piper_en.wav,ok,
2026-05-24T15:41:52Z,en,piper,The result of 1 divided by 5 is 0.2.,0.7809,D:\Documents\FYP\Multimodal_Assistant\Voice_Architecture\TTS\audio\out_piper_en.wav,ok,
2026-05-24T15:44:11Z,zh,edge-tts,未识别为系统指令。你可以说：计时、截图、打开 YouTube、或网页搜索。,1.4575,D:\Documents\FYP\Multimodal_Assistant\Voice_Architecture\TTS\audio\out_edge_zh.mp3,ok,played directly
2026-05-24T15:44:30Z,zh,edge-tts,未识别为系统指令。你可以说：计时、截图、打开 YouTube、或网页搜索。,1.1693,D:\Documents\FYP\Multimodal_Assistant\Voice_Architecture\TTS\audio\out_edge_zh.mp3,ok,played directly
2026-05-24T15:45:12Z,zh,edge-tts,你好，我可以和你聊天。我们可以开始聊天了。,1.6834,D:\Documents\FYP\Multimodal_Assistant\Voice_Architecture\TTS\audio\out_edge_zh.mp3,ok,played directly
2026-05-24T15:45:38Z,zh,edge-tts,答案是 1 + 1 = 2。,1.3422,D:\Documents\FYP\Multimodal_Assistant\Voice_Architecture\TTS\audio\out_edge_zh.mp3,ok,played directly
2026-05-24T15:46:00Z,zh,edge-tts,未识别为系统指令。你可以说：计时、截图、打开 YouTube、或网页搜索。,1.4749,D:\Documents\FYP\Multimodal_Assistant\Voice_Architecture\TTS\audio\out_edge_zh.mp3,ok,played directly
2026-05-24T15:47:14Z,zh,edge-tts,科学起源于人类的观察和实验。古希腊哲学家，如亚里士多德，开始系统地研究自然现象。,1.9839,D:\Documents\FYP\Multimodal_Assistant\Voice_Architecture\TTS\audio\out_edge_zh.mp3,ok,played directly
2026-05-24T15:52:00Z,en,piper,"The meaning of life is a subjective concept that varies across cultures and individuals, but it often revolves around finding purpose, happiness, and fulfillment. It can be achieved through personal g",1.5930,D:\Documents\FYP\Multimodal_Assistant\Voice_Architecture\TTS\audio\out_piper_en.wav,ok,
2026-05-24T15:52:32Z,zh,edge-tts,现代社会需要的是创新、协调和责任感。,3.1210,D:\Documents\FYP\Multimodal_Assistant\Voice_Architecture\TTS\audio\out_edge_zh.mp3,ok,played directly
2026-05-24T16:02:47Z,en,piper,Opening gesture control,0.6763,D:\Documents\FYP\Multimodal_Assistant\Voice_Architecture\TTS\audio\out_piper_en.wav,ok,
2026-05-24T16:35:57Z,en,piper,Automation is running on WhatsApp.,0.7320,D:\Documents\FYP\Multimodal_Assistant\Voice_Architecture\TTS\audio\out_piper_en.wav,ok,
2026-05-24T16:36:06Z,en,piper,"I did not understand that command. Try search, play first, pause, or stop automation.",0.9138,D:\Documents\FYP\Multimodal_Assistant\Voice_Architecture\TTS\audio\out_piper_en.wav,ok,
2026-05-24T16:36:19Z,en,piper,Selected the chat.,0.6725,D:\Documents\FYP\Multimodal_Assistant\Voice_Architecture\TTS\audio\out_piper_en.wav,ok,
2026-05-24T16:36:27Z,en,piper,Session stopped.,0.7389,D:\Documents\FYP\Multimodal_Assistant\Voice_Architecture\TTS\audio\out_piper_en.wav,ok,
2026-05-25T03:54:13Z,en,piper,Automation is running on WhatsApp.,0.7164,D:\Documents\FYP\Multimodal_Assistant\Voice_Architecture\TTS\audio\out_piper_en.wav,ok,
2026-05-25T03:54:23Z,en,piper,Selected the chat.,0.7100,D:\Documents\FYP\Multimodal_Assistant\Voice_Architecture\TTS\audio\out_piper_en.wav,ok,
2026-05-25T03:54:31Z,en,piper,Session stopped.,0.6103,D:\Documents\FYP\Multimodal_Assistant\Voice_Architecture\TTS\audio\out_piper_en.wav,ok,
2026-05-25T03:54:42Z,en,piper,Opening gesture control,0.6942,D:\Documents\FYP\Multimodal_Assistant\Voice_Architecture\TTS\audio\out_piper_en.wav,ok,
2026-05-25T03:54:55Z,en,piper,Today is 2026-05-25.,0.9281,D:\Documents\FYP\Multimodal_Assistant\Voice_Architecture\TTS\audio\out_piper_en.wav,ok,
2026-06-01T02:36:20Z,en,piper,Automation is running on WhatsApp.,1.1248,D:\Documents\FYP\Multimodal_Assistant\Voice_Architecture\TTS\audio\out_piper_en.wav,ok,
2026-06-01T02:36:30Z,en,piper,"I did not understand that command. Try search, play first, pause, or stop automation.",0.8437,D:\Documents\FYP\Multimodal_Assistant\Voice_Architecture\TTS\audio\out_piper_en.wav,ok,
2026-06-01T02:36:43Z,en,piper,Session stopped.,0.6377,D:\Documents\FYP\Multimodal_Assistant\Voice_Architecture\TTS\audio\out_piper_en.wav,ok,
2026-06-01T02:37:37Z,en,piper,"Good morning Lee, I'd be happy to tell you a story. Once upon a time, in a small village, there lived a little rabbit named Rosie who loved to explore the forest.",1.1841,D:\Documents\FYP\Multimodal_Assistant\Voice_Architecture\TTS\audio\out_piper_en.wav,ok,
2026-06-01T02:40:10Z,en,piper,"A profound question, Lee. Philosophers and scholars have debated this topic for centuries, and there's no definitive answer. It's a personal and subjective inquiry that may vary from person to person.",1.2234,D:\Documents\FYP\Multimodal_Assistant\Voice_Architecture\TTS\audio\out_piper_en.wav,ok,
2026-06-01T02:40:32Z,en,piper,"Computer science is the study of algorithms, computer systems, and software that enable computers to process and store information. It involves the design, development, and testing of computer systems",1.2394,D:\Documents\FYP\Multimodal_Assistant\Voice_Architecture\TTS\audio\out_piper_en.wav,ok,
2026-06-01T02:41:10Z,zh,edge-tts,李先生，今天晚上我给你讲一个关于月亮的故事。,2.2618,D:\Documents\FYP\Multimodal_Assistant\Voice_Architecture\TTS\audio\out_edge_zh.mp3,ok,played directly
2026-06-01T02:41:45Z,zh,edge-tts,未识别为系统指令。你可以说：计时、截图、打开 YouTube、或网页搜索。,1.2460,D:\Documents\FYP\Multimodal_Assistant\Voice_Architecture\TTS\audio\out_edge_zh.mp3,ok,played directly
2026-06-01T02:42:04Z,zh,edge-tts,现在时间是 10:42:04。,2.0627,D:\Documents\FYP\Multimodal_Assistant\Voice_Architecture\TTS\audio\out_edge_zh.mp3,ok,played directly
2026-06-01T02:43:37Z,en,piper,"I'd be happy to tell you a story. Once upon a time, in a far-off kingdom, there lived a brave little rabbit named Rosie.",1.0083,D:\Documents\FYP\Multimodal_Assistant\Voice_Architecture\TTS\audio\out_piper_en.wav,ok,
2026-06-01T02:43:53Z,en,piper,Good morning Test. Your name is Test.,0.5864,D:\Documents\FYP\Multimodal_Assistant\Voice_Architecture\TTS\audio\out_piper_en.wav,ok,
2026-06-01T03:24:37Z,en,piper,Automation is running on WhatsApp.,0.7667,D:\Documents\FYP\Multimodal_Assistant\Voice_Architecture\TTS\audio\out_piper_en.wav,ok,
2026-06-01T03:25:03Z,en,piper,"I did not understand that command. Try search, play first, pause, or stop automation.",0.8764,D:\Documents\FYP\Multimodal_Assistant\Voice_Architecture\TTS\audio\out_piper_en.wav,ok,
2026-06-01T03:25:16Z,en,piper,Selected the chat.,0.9186,D:\Documents\FYP\Multimodal_Assistant\Voice_Architecture\TTS\audio\out_piper_en.wav,ok,
2026-06-01T03:25:25Z,en,piper,Typed.,0.6254,D:\Documents\FYP\Multimodal_Assistant\Voice_Architecture\TTS\audio\out_piper_en.wav,ok,
2026-06-01T03:25:32Z,en,piper,Sent.,0.7279,D:\Documents\FYP\Multimodal_Assistant\Voice_Architecture\TTS\audio\out_piper_en.wav,ok,
2026-06-01T03:25:40Z,en,piper,Cleared the message.,0.6437,D:\Documents\FYP\Multimodal_Assistant\Voice_Architecture\TTS\audio\out_piper_en.wav,ok,
2026-06-01T03:25:48Z,en,piper,Session stopped.,0.5474,D:\Documents\FYP\Multimodal_Assistant\Voice_Architecture\TTS\audio\out_piper_en.wav,ok,
2026-06-01T03:27:55Z,zh,edge-tts,自动化运行中在 YouTube,1.7282,D:\Documents\FYP\Multimodal_Assistant\Voice_Architecture\TTS\audio\out_edge_zh.mp3,ok,played directly
2026-06-01T03:28:12Z,zh,edge-tts,完成。,1.5979,D:\Documents\FYP\Multimodal_Assistant\Voice_Architecture\TTS\audio\out_edge_zh.mp3,ok,played directly
2026-06-01T03:28:35Z,zh,edge-tts,正在播放第一个视频。,1.4307,D:\Documents\FYP\Multimodal_Assistant\Voice_Architecture\TTS\audio\out_edge_zh.mp3,ok,played directly
2026-06-01T03:28:46Z,zh,edge-tts,未识别该指令。可尝试搜索、播放第一个、暂停，或说停止自动化。,1.2959,D:\Documents\FYP\Multimodal_Assistant\Voice_Architecture\TTS\audio\out_edge_zh.mp3,ok,played directly
2026-06-01T03:29:02Z,zh,edge-tts,已暂停。,1.1650,D:\Documents\FYP\Multimodal_Assistant\Voice_Architecture\TTS\audio\out_edge_zh.mp3,ok,played directly
2026-06-01T03:29:13Z,zh,edge-tts,已调高音量。,1.2215,D:\Documents\FYP\Multimodal_Assistant\Voice_Architecture\TTS\audio\out_edge_zh.mp3,ok,played directly
2026-06-01T03:29:23Z,zh,edge-tts,已继续播放。,1.5860,D:\Documents\FYP\Multimodal_Assistant\Voice_Architecture\TTS\audio\out_edge_zh.mp3,ok,played directly
2026-06-01T03:29:35Z,zh,edge-tts,未识别该指令。可尝试搜索、播放第一个、暂停，或说停止自动化。,1.2252,D:\Documents\FYP\Multimodal_Assistant\Voice_Architecture\TTS\audio\out_edge_zh.mp3,ok,played directly
2026-06-01T03:29:58Z,zh,edge-tts,已结束会话。,1.6824,D:\Documents\FYP\Multimodal_Assistant\Voice_Architecture\TTS\audio\out_edge_zh.mp3,ok,played directly
2026-06-01T03:34:53Z,en,piper,"I didn't match a system command. You can say: set a timer, take a screenshot, open YouTube, or search the web.",1.2081,D:\Documents\FYP\Multimodal_Assistant\Voice_Architecture\TTS\audio\out_piper_en.wav,ok,
2026-06-01T03:35:09Z,en,piper,Opening gesture control,0.6498,D:\Documents\FYP\Multimodal_Assistant\Voice_Architecture\TTS\audio\out_piper_en.wav,ok,
2026-06-01T03:38:12Z,en,piper,"You haven't mentioned your name yet, xinpei. I don't have any information about your name.",0.8568,D:\Documents\FYP\Multimodal_Assistant\Voice_Architecture\TTS\audio\out_piper_en.wav,ok,
2026-06-01T03:38:28Z,en,piper,"Good morning xinpei. Once upon a time, in a small village, there lived a little rabbit named Luna who loved to explore the forest at night under the light of the full moon.",1.1253,D:\Documents\FYP\Multimodal_Assistant\Voice_Architecture\TTS\audio\out_piper_en.wav,ok,
2026-06-01T03:59:07Z,en,piper,Hello xinpei. How can I assist you today?,0.6871,D:\Documents\FYP\Multimodal_Assistant\Voice_Architecture\TTS\audio\out_piper_en.wav,ok,
2026-06-01T04:00:00Z,en,piper,Good morning. What can I help you with today?,0.6970,D:\Documents\FYP\Multimodal_Assistant\Voice_Architecture\TTS\audio\out_piper_en.wav,ok,
2026-06-01T04:00:15Z,en,piper,Automation is running on WhatsApp.,0.6499,D:\Documents\FYP\Multimodal_Assistant\Voice_Architecture\TTS\audio\out_piper_en.wav,ok,
2026-06-01T04:00:24Z,en,piper,"I did not understand that command. Try search, play first, pause, or stop automation.",0.9281,D:\Documents\FYP\Multimodal_Assistant\Voice_Architecture\TTS\audio\out_piper_en.wav,ok,
2026-06-01T04:00:37Z,en,piper,Selected the chat.,0.8865,D:\Documents\FYP\Multimodal_Assistant\Voice_Architecture\TTS\audio\out_piper_en.wav,ok,
2026-06-01T04:00:45Z,en,piper,Typed.,0.6667,D:\Documents\FYP\Multimodal_Assistant\Voice_Architecture\TTS\audio\out_piper_en.wav,ok,
2026-06-01T04:00:53Z,en,piper,Cleared the message.,0.5943,D:\Documents\FYP\Multimodal_Assistant\Voice_Architecture\TTS\audio\out_piper_en.wav,ok,
2026-06-01T04:01:02Z,en,piper,Typed.,0.5301,D:\Documents\FYP\Multimodal_Assistant\Voice_Architecture\TTS\audio\out_piper_en.wav,ok,
2026-06-01T04:01:09Z,en,piper,"I did not understand that command. Try search, play first, pause, or stop automation.",0.8704,D:\Documents\FYP\Multimodal_Assistant\Voice_Architecture\TTS\audio\out_piper_en.wav,ok,
2026-06-01T04:01:39Z,en,piper,"I did not understand that command. Try search, play first, pause, or stop automation.",0.9342,D:\Documents\FYP\Multimodal_Assistant\Voice_Architecture\TTS\audio\out_piper_en.wav,ok,
2026-06-01T04:01:52Z,en,piper,"I did not understand that command. Try search, play first, pause, or stop automation.",1.0502,D:\Documents\FYP\Multimodal_Assistant\Voice_Architecture\TTS\audio\out_piper_en.wav,ok,
2026-06-01T04:02:04Z,en,piper,Session stopped.,0.6314,D:\Documents\FYP\Multimodal_Assistant\Voice_Architecture\TTS\audio\out_piper_en.wav,ok,
2026-06-01T04:18:54Z,en,piper,Automation is running on WhatsApp.,0.6946,D:\Documents\FYP\Multimodal_Assistant\Voice_Architecture\TTS\audio\out_piper_en.wav,ok,
2026-06-01T04:19:14Z,en,piper,Search updated.,0.7591,D:\Documents\FYP\Multimodal_Assistant\Voice_Architecture\TTS\audio\out_piper_en.wav,ok,
2026-06-01T04:19:23Z,en,piper,Selected the chat.,0.7549,D:\Documents\FYP\Multimodal_Assistant\Voice_Architecture\TTS\audio\out_piper_en.wav,ok,
2026-06-01T04:19:32Z,en,piper,Typed.,0.6239,D:\Documents\FYP\Multimodal_Assistant\Voice_Architecture\TTS\audio\out_piper_en.wav,ok,
2026-06-01T04:19:40Z,en,piper,Cleared the message.,0.6474,D:\Documents\FYP\Multimodal_Assistant\Voice_Architecture\TTS\audio\out_piper_en.wav,ok,
2026-06-01T04:19:49Z,en,piper,Cleared the search.,0.6857,D:\Documents\FYP\Multimodal_Assistant\Voice_Architecture\TTS\audio\out_piper_en.wav,ok,
2026-06-01T04:19:58Z,en,piper,Session stopped.,0.5296,D:\Documents\FYP\Multimodal_Assistant\Voice_Architecture\TTS\audio\out_piper_en.wav,ok,
2026-06-01T04:20:34Z,en,piper,Automation is running on YouTube.,0.8164,D:\Documents\FYP\Multimodal_Assistant\Voice_Architecture\TTS\audio\out_piper_en.wav,ok,
2026-06-01T04:20:43Z,en,piper,Opening gesture control,0.6458,D:\Documents\FYP\Multimodal_Assistant\Voice_Architecture\TTS\audio\out_piper_en.wav,ok,
2026-06-01T04:21:16Z,en,piper,Session stopped.,0.5461,D:\Documents\FYP\Multimodal_Assistant\Voice_Architecture\TTS\audio\out_piper_en.wav,ok,
2026-06-01T04:24:08Z,en,piper,Automation is running on WhatsApp.,0.7139,D:\Documents\FYP\Multimodal_Assistant\Voice_Architecture\TTS\audio\out_piper_en.wav,ok,
2026-06-01T04:24:18Z,en,piper,Search updated.,0.6538,D:\Documents\FYP\Multimodal_Assistant\Voice_Architecture\TTS\audio\out_piper_en.wav,ok,
2026-06-01T04:24:26Z,en,piper,Selected the chat.,0.7885,D:\Documents\FYP\Multimodal_Assistant\Voice_Architecture\TTS\audio\out_piper_en.wav,ok,
2026-06-01T04:24:34Z,en,piper,"I did not understand that command. Try search, play first, pause, or stop automation.",0.9996,D:\Documents\FYP\Multimodal_Assistant\Voice_Architecture\TTS\audio\out_piper_en.wav,ok,
2026-06-01T04:24:47Z,en,piper,"I did not understand that command. Try search, play first, pause, or stop automation.",0.7629,D:\Documents\FYP\Multimodal_Assistant\Voice_Architecture\TTS\audio\out_piper_en.wav,ok,
2026-06-01T04:24:59Z,en,piper,"I did not understand that command. Try search, play first, pause, or stop automation.",0.8239,D:\Documents\FYP\Multimodal_Assistant\Voice_Architecture\TTS\audio\out_piper_en.wav,ok,
2026-06-01T04:25:12Z,en,piper,Typed.,0.5249,D:\Documents\FYP\Multimodal_Assistant\Voice_Architecture\TTS\audio\out_piper_en.wav,ok,
2026-06-01T04:25:19Z,en,piper,Session stopped.,0.5958,D:\Documents\FYP\Multimodal_Assistant\Voice_Architecture\TTS\audio\out_piper_en.wav,ok,
2026-06-01T04:26:37Z,en,piper,Automation is running on WhatsApp.,0.5512,D:\Documents\FYP\Multimodal_Assistant\Voice_Architecture\TTS\audio\out_piper_en.wav,ok,
2026-06-01T04:26:46Z,en,piper,Selected the chat.,0.5804,D:\Documents\FYP\Multimodal_Assistant\Voice_Architecture\TTS\audio\out_piper_en.wav,ok,
2026-06-01T04:26:54Z,en,piper,Session stopped.,0.7091,D:\Documents\FYP\Multimodal_Assistant\Voice_Architecture\TTS\audio\out_piper_en.wav,ok,
2026-06-01T04:27:11Z,en,piper,Automation is running on WhatsApp.,0.6071,D:\Documents\FYP\Multimodal_Assistant\Voice_Architecture\TTS\audio\out_piper_en.wav,ok,
2026-06-01T04:27:31Z,en,piper,"I did not understand that command. Try search, play first, pause, or stop automation.",1.0479,D:\Documents\FYP\Multimodal_Assistant\Voice_Architecture\TTS\audio\out_piper_en.wav,ok,
2026-06-01T04:27:54Z,en,piper,"I did not understand that command. Try search, play first, pause, or stop automation.",0.9015,D:\Documents\FYP\Multimodal_Assistant\Voice_Architecture\TTS\audio\out_piper_en.wav,ok,
2026-06-01T04:28:06Z,en,piper,Session stopped.,0.5795,D:\Documents\FYP\Multimodal_Assistant\Voice_Architecture\TTS\audio\out_piper_en.wav,ok,
2026-06-01T04:28:25Z,en,piper,Automation is running on WhatsApp.,0.5526,D:\Documents\FYP\Multimodal_Assistant\Voice_Architecture\TTS\audio\out_piper_en.wav,ok,
2026-06-01T04:28:33Z,en,piper,"I did not understand that command. Try search, play first, pause, or stop automation.",0.9954,D:\Documents\FYP\Multimodal_Assistant\Voice_Architecture\TTS\audio\out_piper_en.wav,ok,
2026-06-01T04:28:46Z,en,piper,"I did not understand that command. Try search, play first, pause, or stop automation.",0.8102,D:\Documents\FYP\Multimodal_Assistant\Voice_Architecture\TTS\audio\out_piper_en.wav,ok,
2026-06-01T04:28:59Z,en,piper,Session stopped.,0.5725,D:\Documents\FYP\Multimodal_Assistant\Voice_Architecture\TTS\audio\out_piper_en.wav,ok,
2026-06-01T04:29:25Z,en,piper,Automation is running on WhatsApp.,0.5944,D:\Documents\FYP\Multimodal_Assistant\Voice_Architecture\TTS\audio\out_piper_en.wav,ok,
2026-06-01T04:29:34Z,en,piper,Selected the chat.,0.7336,D:\Documents\FYP\Multimodal_Assistant\Voice_Architecture\TTS\audio\out_piper_en.wav,ok,
2026-06-01T04:29:43Z,en,piper,"I did not understand that command. Try search, play first, pause, or stop automation.",0.7390,D:\Documents\FYP\Multimodal_Assistant\Voice_Architecture\TTS\audio\out_piper_en.wav,ok,
2026-06-01T04:29:55Z,en,piper,"I did not understand that command. Try search, play first, pause, or stop automation.",0.7363,D:\Documents\FYP\Multimodal_Assistant\Voice_Architecture\TTS\audio\out_piper_en.wav,ok,
2026-06-01T04:30:08Z,en,piper,Typed.,0.4610,D:\Documents\FYP\Multimodal_Assistant\Voice_Architecture\TTS\audio\out_piper_en.wav,ok,
2026-06-01T04:30:15Z,en,piper,Cleared the message.,0.5028,D:\Documents\FYP\Multimodal_Assistant\Voice_Architecture\TTS\audio\out_piper_en.wav,ok,
2026-06-01T04:30:23Z,en,piper,"I did not understand that command. Try search, play first, pause, or stop automation.",0.7408,D:\Documents\FYP\Multimodal_Assistant\Voice_Architecture\TTS\audio\out_piper_en.wav,ok,
2026-06-01T04:30:36Z,en,piper,Opening gesture control,0.5672,D:\Documents\FYP\Multimodal_Assistant\Voice_Architecture\TTS\audio\out_piper_en.wav,ok,
2026-06-01T04:31:22Z,en,piper,Session stopped.,0.5264,D:\Documents\FYP\Multimodal_Assistant\Voice_Architecture\TTS\audio\out_piper_en.wav,ok,
2026-06-01T05:45:06Z,en,piper,Automation is running on WhatsApp.,0.6823,D:\Documents\FYP\Multimodal_Assistant\Voice_Architecture\TTS\audio\out_piper_en.wav,ok,
2026-06-01T05:45:15Z,en,piper,"I did not understand, please try the following commands.",0.7548,D:\Documents\FYP\Multimodal_Assistant\Voice_Architecture\TTS\audio\out_piper_en.wav,ok,
2026-06-01T05:45:35Z,en,piper,Selected the chat.,0.6703,D:\Documents\FYP\Multimodal_Assistant\Voice_Architecture\TTS\audio\out_piper_en.wav,ok,
2026-06-01T05:45:44Z,en,piper,Selected the chat.,0.6968,D:\Documents\FYP\Multimodal_Assistant\Voice_Architecture\TTS\audio\out_piper_en.wav,ok,
2026-06-01T05:45:53Z,en,piper,"I did not understand, please try the following commands.",0.6693,D:\Documents\FYP\Multimodal_Assistant\Voice_Architecture\TTS\audio\out_piper_en.wav,ok,
2026-06-01T05:46:03Z,en,piper,Session stopped.,0.6960,D:\Documents\FYP\Multimodal_Assistant\Voice_Architecture\TTS\audio\out_piper_en.wav,ok,
2026-06-01T05:47:52Z,en,piper,Automation is running on YouTube.,0.7998,D:\Documents\FYP\Multimodal_Assistant\Voice_Architecture\TTS\audio\out_piper_en.wav,ok,
2026-06-01T05:48:00Z,en,piper,"I did not understand, please try the following commands.",0.6975,D:\Documents\FYP\Multimodal_Assistant\Voice_Architecture\TTS\audio\out_piper_en.wav,ok,
2026-06-01T05:48:14Z,en,piper,Done.,0.4931,D:\Documents\FYP\Multimodal_Assistant\Voice_Architecture\TTS\audio\out_piper_en.wav,ok,
2026-06-01T05:48:30Z,en,piper,"I did not understand, please try the following commands.",0.7630,D:\Documents\FYP\Multimodal_Assistant\Voice_Architecture\TTS\audio\out_piper_en.wav,ok,
2026-06-01T05:48:41Z,en,piper,Session stopped.,0.6559,D:\Documents\FYP\Multimodal_Assistant\Voice_Architecture\TTS\audio\out_piper_en.wav,ok,
2026-06-01T05:49:23Z,zh,edge-tts,自动化运行中在 YouTube,1.4008,D:\Documents\FYP\Multimodal_Assistant\Voice_Architecture\TTS\audio\out_edge_zh.mp3,ok,played directly
2026-06-01T05:49:38Z,zh,edge-tts,完成。,1.0947,D:\Documents\FYP\Multimodal_Assistant\Voice_Architecture\TTS\audio\out_edge_zh.mp3,ok,played directly
2026-06-01T05:49:50Z,zh,edge-tts,我不明白，请尝试以下命令。,1.5843,D:\Documents\FYP\Multimodal_Assistant\Voice_Architecture\TTS\audio\out_edge_zh.mp3,ok,played directly
2026-06-01T05:50:08Z,zh,edge-tts,正在打开手势控制,1.1076,D:\Documents\FYP\Multimodal_Assistant\Voice_Architecture\TTS\audio\out_edge_zh.mp3,ok,played directly
2026-06-01T05:50:25Z,en,piper,"I did not understand, please try the following commands.",0.7083,D:\Documents\FYP\Multimodal_Assistant\Voice_Architecture\TTS\audio\out_piper_en.wav,ok,
2026-06-01T05:50:36Z,en,piper,Session stopped.,0.4884,D:\Documents\FYP\Multimodal_Assistant\Voice_Architecture\TTS\audio\out_piper_en.wav,ok,
2026-06-01T05:53:13Z,en,piper,Good morning xinpei01. Your name is xinpei01.,0.8042,D:\Documents\FYP\Multimodal_Assistant\Voice_Architecture\TTS\audio\out_piper_en.wav,ok,
2026-06-01T05:53:31Z,zh,edge-tts,您好，xinpei01。您的名字是您自己知道的。,1.4223,D:\Documents\FYP\Multimodal_Assistant\Voice_Architecture\TTS\audio\out_edge_zh.mp3,ok,played directly
2026-06-01T05:53:59Z,zh,edge-tts,今天是 2026-06-01。,1.2931,D:\Documents\FYP\Multimodal_Assistant\Voice_Architecture\TTS\audio\out_edge_zh.mp3,ok,played directly
2026-06-01T05:54:14Z,zh,edge-tts,xinpei01，三加五等于八。,1.3483,D:\Documents\FYP\Multimodal_Assistant\Voice_Architecture\TTS\audio\out_edge_zh.mp3,ok,played directly
2026-06-01T05:54:29Z,en,piper,The result of 3 divided by 3 is 1.,0.6476,D:\Documents\FYP\Multimodal_Assistant\Voice_Architecture\TTS\audio\out_piper_en.wav,ok,
2026-06-01T05:54:56Z,en,piper,Opening gesture control,0.6750,D:\Documents\FYP\Multimodal_Assistant\Voice_Architecture\TTS\audio\out_piper_en.wav,ok,
2026-06-01T05:55:38Z,en,piper,Automation is running on ChatGPT.,0.8817,D:\Documents\FYP\Multimodal_Assistant\Voice_Architecture\TTS\audio\out_piper_en.wav,ok,
2026-06-01T05:55:47Z,en,piper,"I did not understand, please try the following commands.",0.8227,D:\Documents\FYP\Multimodal_Assistant\Voice_Architecture\TTS\audio\out_piper_en.wav,ok,
2026-06-01T05:56:20Z,en,piper,"I did not understand, please try the following commands.",0.7110,D:\Documents\FYP\Multimodal_Assistant\Voice_Architecture\TTS\audio\out_piper_en.wav,ok,
2026-06-01T05:56:31Z,en,piper,Opening gesture control,0.5333,D:\Documents\FYP\Multimodal_Assistant\Voice_Architecture\TTS\audio\out_piper_en.wav,ok,
2026-06-01T05:56:46Z,en,piper,Session stopped.,0.6035,D:\Documents\FYP\Multimodal_Assistant\Voice_Architecture\TTS\audio\out_piper_en.wav,ok,
2026-06-01T05:57:16Z,en,piper,Searching the web for that now.,0.9256,D:\Documents\FYP\Multimodal_Assistant\Voice_Architecture\TTS\audio\out_piper_en.wav,ok,
2026-06-01T05:57:29Z,en,piper,CDP connect failed (http://127.0.0.1:9222). Start Edge with --remote-debugging-port matching this URL. Underlying error: BrowserType.connect_over_cdp: connect ECONNREFUSED 127.0.0.1:9222 Call log:   -,2.7897,D:\Documents\FYP\Multimodal_Assistant\Voice_Architecture\TTS\audio\out_piper_en.wav,ok,
2026-06-01T05:58:10Z,en,piper,"I didn't match a system command. You can say: set a timer, take a screenshot, open YouTube, or search the web.",0.9874,D:\Documents\FYP\Multimodal_Assistant\Voice_Architecture\TTS\audio\out_piper_en.wav,ok,
2026-06-01T05:58:36Z,en,piper,Automation is running on Google Maps.,0.8699,D:\Documents\FYP\Multimodal_Assistant\Voice_Architecture\TTS\audio\out_piper_en.wav,ok,
2026-06-01T05:58:45Z,en,piper,"I did not understand, please try the following commands.",0.8674,D:\Documents\FYP\Multimodal_Assistant\Voice_Architecture\TTS\audio\out_piper_en.wav,ok,
2026-06-01T05:58:57Z,en,piper,Done.,0.8398,D:\Documents\FYP\Multimodal_Assistant\Voice_Architecture\TTS\audio\out_piper_en.wav,ok,
2026-06-01T05:59:05Z,en,piper,Session stopped.,0.5135,D:\Documents\FYP\Multimodal_Assistant\Voice_Architecture\TTS\audio\out_piper_en.wav,ok,
2026-06-01T05:59:29Z,en,piper,Automation is running on WhatsApp.,0.5456,D:\Documents\FYP\Multimodal_Assistant\Voice_Architecture\TTS\audio\out_piper_en.wav,ok,
2026-06-01T05:59:38Z,en,piper,Session stopped.,0.5129,D:\Documents\FYP\Multimodal_Assistant\Voice_Architecture\TTS\audio\out_piper_en.wav,ok,
2026-06-08T03:45:55Z,en,piper,Taking screenshot now.,0.9657,D:\Documents\FYP\Multimodal_Assistant\Voice_Architecture\TTS\audio\out_piper_en.wav,ok,
2026-06-08T03:46:10Z,en,piper,Screenshot saved.,0.6272,D:\Documents\FYP\Multimodal_Assistant\Voice_Architecture\TTS\audio\out_piper_en.wav,ok,
2026-06-08T03:47:00Z,zh,edge-tts,自动化运行中在 WhatsApp,1.8673,D:\Documents\FYP\Multimodal_Assistant\Voice_Architecture\TTS\audio\out_edge_zh.mp3,ok,played directly
2026-06-08T03:47:14Z,zh,edge-tts,已选择聊天。,1.2585,D:\Documents\FYP\Multimodal_Assistant\Voice_Architecture\TTS\audio\out_edge_zh.mp3,ok,played directly
2026-06-08T03:47:32Z,zh,edge-tts,正在打开手势控制,1.6316,D:\Documents\FYP\Multimodal_Assistant\Voice_Architecture\TTS\audio\out_edge_zh.mp3,ok,played directly
2026-06-08T03:47:53Z,en,piper,"I did not understand, please try the following commands.",0.6996,D:\Documents\FYP\Multimodal_Assistant\Voice_Architecture\TTS\audio\out_piper_en.wav,ok,
2026-06-08T03:48:03Z,en,piper,Session stopped.,0.5551,D:\Documents\FYP\Multimodal_Assistant\Voice_Architecture\TTS\audio\out_piper_en.wav,ok,
2026-06-08T03:48:42Z,en,piper,"Good morning. I'm functioning properly, thank you for asking. How can I assist you today?",0.7935,D:\Documents\FYP\Multimodal_Assistant\Voice_Architecture\TTS\audio\out_piper_en.wav,ok,
2026-06-08T03:48:56Z,en,piper,The time is 11:48:56.,0.7326,D:\Documents\FYP\Multimodal_Assistant\Voice_Architecture\TTS\audio\out_piper_en.wav,ok,
2026-06-08T03:49:16Z,en,piper,Today is 2026-06-08.,0.6813,D:\Documents\FYP\Multimodal_Assistant\Voice_Architecture\TTS\audio\out_piper_en.wav,ok,
2026-06-08T03:49:30Z,en,piper,Today is 2026-06-08.,0.7981,D:\Documents\FYP\Multimodal_Assistant\Voice_Architecture\TTS\audio\out_piper_en.wav,ok,
2026-06-08T03:49:46Z,en,piper,The time is 11:49:46.,0.5984,D:\Documents\FYP\Multimodal_Assistant\Voice_Architecture\TTS\audio\out_piper_en.wav,ok,
2026-06-08T03:50:03Z,en,piper,The result of 3 + 1 is 4.,0.5326,D:\Documents\FYP\Multimodal_Assistant\Voice_Architecture\TTS\audio\out_piper_en.wav,ok,
2026-06-08T03:50:14Z,en,piper,Opening gesture control,0.4896,D:\Documents\FYP\Multimodal_Assistant\Voice_Architecture\TTS\audio\out_piper_en.wav,ok,
2026-06-08T04:30:00Z,en,piper,What would you like me to tell you about?,1.2769,D:\Documents\FYP\Multimodal_Assistant\Voice_Architecture\TTS\audio\out_piper_en.wav,ok,
2026-06-08T04:30:12Z,en,piper,The answer to 3 + 3 is 6.,1.1922,D:\Documents\FYP\Multimodal_Assistant\Voice_Architecture\TTS\audio\out_piper_en.wav,ok,
2026-06-08T04:30:33Z,en,piper,Screenshot saved.,0.9178,D:\Documents\FYP\Multimodal_Assistant\Voice_Architecture\TTS\audio\out_piper_en.wav,ok,
2026-06-08T04:31:19Z,en,piper,"Computer science is the study of the theory, design, and implementation of computer systems and algorithms. It involves understanding the fundamental principles of computing, including software, hardw",1.8519,D:\Documents\FYP\Multimodal_Assistant\Voice_Architecture\TTS\audio\out_piper_en.wav,ok,
2026-06-08T04:32:03Z,zh,edge-tts,三加一等于四。,2.2645,D:\Documents\FYP\Multimodal_Assistant\Voice_Architecture\TTS\audio\out_edge_zh.mp3,ok,played directly
2026-06-08T04:32:53Z,en,piper,Opening gesture control,1.0140,D:\Documents\FYP\Multimodal_Assistant\Voice_Architecture\TTS\audio\out_piper_en.wav,ok,
2026-06-08T04:34:09Z,en,piper,"I didn't match a system command. You can say: set a timer, take a screenshot, open YouTube, or search the web.",1.3928,D:\Documents\FYP\Multimodal_Assistant\Voice_Architecture\TTS\audio\out_piper_en.wav,ok,
2026-06-08T04:37:52Z,en,piper,Automation is running on YouTube.,1.1257,D:\Documents\FYP\Multimodal_Assistant\Voice_Architecture\TTS\audio\out_piper_en.wav,ok,
2026-06-08T04:38:12Z,en,piper,Done.,0.9408,D:\Documents\FYP\Multimodal_Assistant\Voice_Architecture\TTS\audio\out_piper_en.wav,ok,
2026-06-08T04:38:23Z,en,piper,Playing the first video.,0.9806,D:\Documents\FYP\Multimodal_Assistant\Voice_Architecture\TTS\audio\out_piper_en.wav,ok,
2026-06-08T04:38:46Z,en,piper,Volume up.,1.0658,D:\Documents\FYP\Multimodal_Assistant\Voice_Architecture\TTS\audio\out_piper_en.wav,ok,
2026-06-08T04:38:54Z,en,piper,Paused.,0.7375,D:\Documents\FYP\Multimodal_Assistant\Voice_Architecture\TTS\audio\out_piper_en.wav,ok,
2026-06-08T04:39:21Z,en,piper,"I did not understand, please try the following commands.",1.1295,D:\Documents\FYP\Multimodal_Assistant\Voice_Architecture\TTS\audio\out_piper_en.wav,ok,
2026-06-08T04:39:32Z,en,piper,Resumed.,0.8984,D:\Documents\FYP\Multimodal_Assistant\Voice_Architecture\TTS\audio\out_piper_en.wav,ok,
2026-06-08T04:39:41Z,en,piper,Paused.,0.8199,D:\Documents\FYP\Multimodal_Assistant\Voice_Architecture\TTS\audio\out_piper_en.wav,ok,
2026-06-08T04:39:49Z,en,piper,Opening gesture control,0.8691,D:\Documents\FYP\Multimodal_Assistant\Voice_Architecture\TTS\audio\out_piper_en.wav,ok,
2026-06-08T04:41:47Z,en,piper,"I did not understand, please try the following commands.",1.1157,D:\Documents\FYP\Multimodal_Assistant\Voice_Architecture\TTS\audio\out_piper_en.wav,ok,
2026-06-08T04:41:58Z,en,piper,Session stopped.,0.8809,D:\Documents\FYP\Multimodal_Assistant\Voice_Architecture\TTS\audio\out_piper_en.wav,ok,
2026-06-14T05:45:17Z,en,piper,Today is 2026-06-14.,1.2663,D:\Documents\FYP\Multimodal_Assistant\Voice_Architecture\TTS\audio\out_piper_en.wav,ok,
2026-06-14T05:45:30Z,en,piper,The time is 13:45:30.,0.6873,D:\Documents\FYP\Multimodal_Assistant\Voice_Architecture\TTS\audio\out_piper_en.wav,ok,
2026-06-14T05:46:00Z,en,piper,"To take a screenshot, press the Windows key + Print Screen on Windows or Command + Shift + 4 on Mac.",1.0660,D:\Documents\FYP\Multimodal_Assistant\Voice_Architecture\TTS\audio\out_piper_en.wav,ok,
2026-06-14T05:46:24Z,en,piper,Screenshot saved.,0.6194,D:\Documents\FYP\Multimodal_Assistant\Voice_Architecture\TTS\audio\out_piper_en.wav,ok,
2026-06-14T05:46:54Z,en,piper,The result of 3 - 1 is 2.,0.6111,D:\Documents\FYP\Multimodal_Assistant\Voice_Architecture\TTS\audio\out_piper_en.wav,ok,
2026-06-14T05:47:06Z,en,piper,"Sorry to hear that you're feeling sad, Lee. Would you like to talk about what's on your mind?",0.8484,D:\Documents\FYP\Multimodal_Assistant\Voice_Architecture\TTS\audio\out_piper_en.wav,ok,
2026-06-14T05:47:22Z,en,piper,"Computer science is the study of algorithms, computer systems, and software to solve real-world problems. It combines mathematics, engineering, and science to design, develop, and analyze computer sys",1.4339,D:\Documents\FYP\Multimodal_Assistant\Voice_Architecture\TTS\audio\out_piper_en.wav,ok,
2026-06-14T05:48:25Z,en,piper,"I didn't match a system command. You can say: set a timer, take a screenshot, open YouTube, or search the web.",0.9306,D:\Documents\FYP\Multimodal_Assistant\Voice_Architecture\TTS\audio\out_piper_en.wav,ok,
2026-06-14T05:48:40Z,en,piper,Opening gesture control,0.6531,D:\Documents\FYP\Multimodal_Assistant\Voice_Architecture\TTS\audio\out_piper_en.wav,ok,
2026-06-14T05:51:26Z,en,piper,"Once upon a time, in a far-off kingdom, there lived a brave knight named Sir Edward. He had a magical sword that shone brightly in the dark, and a noble steed that could run faster than the wind.",1.1702,D:\Documents\FYP\Multimodal_Assistant\Voice_Architecture\TTS\audio\out_piper_en.wav,ok,
2026-06-14T05:53:08Z,zh,edge-tts,自动化运行中在 YouTube,2.4555,D:\Documents\FYP\Multimodal_Assistant\Voice_Architecture\TTS\audio\out_edge_zh.mp3,ok,played directly
2026-06-14T05:53:21Z,zh,edge-tts,我不明白，请尝试以下命令。,1.4697,D:\Documents\FYP\Multimodal_Assistant\Voice_Architecture\TTS\audio\out_edge_zh.mp3,ok,played directly
2026-06-14T05:53:36Z,zh,edge-tts,完成。,1.2370,D:\Documents\FYP\Multimodal_Assistant\Voice_Architecture\TTS\audio\out_edge_zh.mp3,ok,played directly
2026-06-14T05:53:49Z,zh,edge-tts,正在播放第一个视频。,1.5274,D:\Documents\FYP\Multimodal_Assistant\Voice_Architecture\TTS\audio\out_edge_zh.mp3,ok,played directly
2026-06-14T05:54:15Z,zh,edge-tts,已调高音量。,1.4184,D:\Documents\FYP\Multimodal_Assistant\Voice_Architecture\TTS\audio\out_edge_zh.mp3,ok,played directly
2026-06-14T05:54:32Z,zh,edge-tts,已调低音量。,1.3866,D:\Documents\FYP\Multimodal_Assistant\Voice_Architecture\TTS\audio\out_edge_zh.mp3,ok,played directly
2026-06-14T05:54:43Z,zh,edge-tts,已停止播放。,1.3163,D:\Documents\FYP\Multimodal_Assistant\Voice_Architecture\TTS\audio\out_edge_zh.mp3,ok,played directly
2026-06-14T05:54:53Z,zh,edge-tts,已继续播放。,1.2107,D:\Documents\FYP\Multimodal_Assistant\Voice_Architecture\TTS\audio\out_edge_zh.mp3,ok,played directly
2026-06-14T05:55:05Z,zh,edge-tts,已结束会话。,1.3808,D:\Documents\FYP\Multimodal_Assistant\Voice_Architecture\TTS\audio\out_edge_zh.mp3,ok,played directly
2026-06-14T05:55:35Z,en,piper,Automation is running on WhatsApp.,0.6302,D:\Documents\FYP\Multimodal_Assistant\Voice_Architecture\TTS\audio\out_piper_en.wav,ok,
2026-06-14T05:55:45Z,en,piper,Selected the chat.,0.6893,D:\Documents\FYP\Multimodal_Assistant\Voice_Architecture\TTS\audio\out_piper_en.wav,ok,
2026-06-14T05:55:54Z,en,piper,Search updated.,0.6132,D:\Documents\FYP\Multimodal_Assistant\Voice_Architecture\TTS\audio\out_piper_en.wav,ok,
2026-06-14T05:56:08Z,en,piper,Selected the chat.,0.7637,D:\Documents\FYP\Multimodal_Assistant\Voice_Architecture\TTS\audio\out_piper_en.wav,ok,
2026-06-14T05:56:28Z,en,piper,Opening gesture control,0.5078,D:\Documents\FYP\Multimodal_Assistant\Voice_Architecture\TTS\audio\out_piper_en.wav,ok,
2026-06-14T05:57:00Z,en,piper,Search updated.,0.6625,D:\Documents\FYP\Multimodal_Assistant\Voice_Architecture\TTS\audio\out_piper_en.wav,ok,
2026-06-14T05:57:09Z,en,piper,Cleared the search.,0.6401,D:\Documents\FYP\Multimodal_Assistant\Voice_Architecture\TTS\audio\out_piper_en.wav,ok,
2026-06-14T05:57:17Z,en,piper,Selected the chat.,0.6758,D:\Documents\FYP\Multimodal_Assistant\Voice_Architecture\TTS\audio\out_piper_en.wav,ok,
2026-06-14T05:57:26Z,en,piper,Typed.,0.4582,D:\Documents\FYP\Multimodal_Assistant\Voice_Architecture\TTS\audio\out_piper_en.wav,ok,
2026-06-14T05:57:33Z,en,piper,Cleared the message.,0.5466,D:\Documents\FYP\Multimodal_Assistant\Voice_Architecture\TTS\audio\out_piper_en.wav,ok,
2026-06-14T05:57:42Z,en,piper,Typed.,0.5385,D:\Documents\FYP\Multimodal_Assistant\Voice_Architecture\TTS\audio\out_piper_en.wav,ok,
2026-06-14T05:57:51Z,en,piper,Sent.,0.5696,D:\Documents\FYP\Multimodal_Assistant\Voice_Architecture\TTS\audio\out_piper_en.wav,ok,
2026-06-14T05:57:58Z,en,piper,Session stopped.,0.5462,D:\Documents\FYP\Multimodal_Assistant\Voice_Architecture\TTS\audio\out_piper_en.wav,ok,
2026-06-14T06:07:34Z,en,piper,"You're interacting with me, Lee. I don't have any prior information about your identity.",0.7909,D:\Documents\FYP\Multimodal_Assistant\Voice_Architecture\TTS\audio\out_piper_en.wav,ok,
2026-06-14T06:07:52Z,en,piper,Your name is Lee.,0.4811,D:\Documents\FYP\Multimodal_Assistant\Voice_Architecture\TTS\audio\out_piper_en.wav,ok,
2026-06-14T06:08:10Z,en,piper,"The calculation is 4 divided by 2, which equals 2.",0.6441,D:\Documents\FYP\Multimodal_Assistant\Voice_Architecture\TTS\audio\out_piper_en.wav,ok,
2026-06-14T06:08:32Z,zh,edge-tts,今天是 2024 年 6 月 14 日。,1.9368,D:\Documents\FYP\Multimodal_Assistant\Voice_Architecture\TTS\audio\out_edge_zh.mp3,ok,played directly
2026-06-14T06:08:53Z,zh,edge-tts,当前时间是 14:30。,1.1977,D:\Documents\FYP\Multimodal_Assistant\Voice_Architecture\TTS\audio\out_edge_zh.mp3,ok,played directly
2026-06-14T06:09:14Z,zh,edge-tts,今天的日期是 2026 年 6 月 14 日。,1.2205,D:\Documents\FYP\Multimodal_Assistant\Voice_Architecture\TTS\audio\out_edge_zh.mp3,ok,played directly
2026-06-14T06:09:48Z,en,piper,Opening gesture control,0.5032,D:\Documents\FYP\Multimodal_Assistant\Voice_Architecture\TTS\audio\out_piper_en.wav,ok,
2026-06-14T06:11:58Z,en,piper,Done.,0.5919,D:\Documents\FYP\Multimodal_Assistant\Voice_Architecture\TTS\audio\out_piper_en.wav,ok,
2026-06-14T06:12:09Z,en,piper,Done.,0.6141,D:\Documents\FYP\Multimodal_Assistant\Voice_Architecture\TTS\audio\out_piper_en.wav,ok,
2026-06-14T06:12:18Z,en,piper,Playing the first video.,0.6143,D:\Documents\FYP\Multimodal_Assistant\Voice_Architecture\TTS\audio\out_piper_en.wav,ok,
2026-06-14T06:12:31Z,en,piper,"I did not understand, please try the following commands.",0.6207,D:\Documents\FYP\Multimodal_Assistant\Voice_Architecture\TTS\audio\out_piper_en.wav,ok,
2026-06-14T06:12:42Z,en,piper,Volume up.,0.5869,D:\Documents\FYP\Multimodal_Assistant\Voice_Architecture\TTS\audio\out_piper_en.wav,ok,
2026-06-14T06:12:50Z,en,piper,Volume down.,0.5354,D:\Documents\FYP\Multimodal_Assistant\Voice_Architecture\TTS\audio\out_piper_en.wav,ok,
2026-06-14T06:12:58Z,en,piper,Opening gesture control,0.5301,D:\Documents\FYP\Multimodal_Assistant\Voice_Architecture\TTS\audio\out_piper_en.wav,ok,
2026-06-14T06:13:54Z,en,piper,Paused.,0.4855,D:\Documents\FYP\Multimodal_Assistant\Voice_Architecture\TTS\audio\out_piper_en.wav,ok,
2026-06-14T06:14:01Z,en,piper,Session stopped.,0.6157,D:\Documents\FYP\Multimodal_Assistant\Voice_Architecture\TTS\audio\out_piper_en.wav,ok,
2026-06-14T06:17:09Z,en,piper,"Good morning. Your name is not mentioned in the conversation yet, but I can recall it from our previous interactions - you are yan02.",1.2802,D:\Documents\FYP\Multimodal_Assistant\Voice_Architecture\TTS\audio\out_piper_en.wav,ok,
2026-06-14T06:18:35Z,en,piper,"Good morning, yan02. Your name is yan02.",0.7320,D:\Documents\FYP\Multimodal_Assistant\Voice_Architecture\TTS\audio\out_piper_en.wav,ok,
2026-06-14T06:18:49Z,en,piper,The current date is not available to me. Can you please provide the current year or month so I can give you the correct date?,1.0986,D:\Documents\FYP\Multimodal_Assistant\Voice_Architecture\TTS\audio\out_piper_en.wav,ok,
2026-06-14T06:19:11Z,en,piper,Today is 2026-06-14.,0.8905,D:\Documents\FYP\Multimodal_Assistant\Voice_Architecture\TTS\audio\out_piper_en.wav,ok,
2026-06-14T06:20:15Z,en,piper,"Hello, your name is yan02.",0.9438,D:\Documents\FYP\Multimodal_Assistant\Voice_Architecture\TTS\audio\out_piper_en.wav,ok,
2026-06-14T06:20:26Z,en,piper,The result of 3 + 2 is 5.,0.8501,D:\Documents\FYP\Multimodal_Assistant\Voice_Architecture\TTS\audio\out_piper_en.wav,ok,
2026-06-14T06:20:47Z,zh,edge-tts,今天的时间是 14:30。,2.1118,D:\Documents\FYP\Multimodal_Assistant\Voice_Architecture\TTS\audio\out_edge_zh.mp3,ok,played directly
2026-06-14T06:21:02Z,en,piper,Opening gesture control,0.6043,D:\Documents\FYP\Multimodal_Assistant\Voice_Architecture\TTS\audio\out_piper_en.wav,ok,
2026-06-14T06:23:08Z,en,piper,"Good morning, it's Friday. Today's weather and schedule are available upon request.",1.1300,D:\Documents\FYP\Multimodal_Assistant\Voice_Architecture\TTS\audio\out_piper_en.wav,ok,
2026-06-14T06:23:22Z,en,piper,Your name is yan02.,0.5668,D:\Documents\FYP\Multimodal_Assistant\Voice_Architecture\TTS\audio\out_piper_en.wav,ok,
2026-06-14T06:23:33Z,en,piper,The result of 3 + 2 is 5.,0.9029,D:\Documents\FYP\Multimodal_Assistant\Voice_Architecture\TTS\audio\out_piper_en.wav,ok,
2026-06-14T06:23:48Z,zh,edge-tts,当前时间是 14:30。,1.8948,D:\Documents\FYP\Multimodal_Assistant\Voice_Architecture\TTS\audio\out_edge_zh.mp3,ok,played directly
2026-06-14T06:24:03Z,en,piper,Opening gesture control,0.7081,D:\Documents\FYP\Multimodal_Assistant\Voice_Architecture\TTS\audio\out_piper_en.wav,ok,
2026-06-14T06:24:53Z,en,piper,Automation is running on YouTube.,1.1142,D:\Documents\FYP\Multimodal_Assistant\Voice_Architecture\TTS\audio\out_piper_en.wav,ok,
2026-06-14T06:25:06Z,en,piper,Done.,1.6277,D:\Documents\FYP\Multimodal_Assistant\Voice_Architecture\TTS\audio\out_piper_en.wav,ok,
2026-06-14T06:25:14Z,en,piper,"I did not understand, please try the following commands.",0.8793,D:\Documents\FYP\Multimodal_Assistant\Voice_Architecture\TTS\audio\out_piper_en.wav,ok,
2026-06-14T06:25:26Z,en,piper,Playing the first video.,1.1749,D:\Documents\FYP\Multimodal_Assistant\Voice_Architecture\TTS\audio\out_piper_en.wav,ok,
2026-06-14T06:25:41Z,en,piper,"I did not understand, please try the following commands.",0.9256,D:\Documents\FYP\Multimodal_Assistant\Voice_Architecture\TTS\audio\out_piper_en.wav,ok,
2026-06-14T06:25:53Z,en,piper,Volume up.,0.7875,D:\Documents\FYP\Multimodal_Assistant\Voice_Architecture\TTS\audio\out_piper_en.wav,ok,
2026-06-14T06:26:01Z,en,piper,Paused.,0.6688,D:\Documents\FYP\Multimodal_Assistant\Voice_Architecture\TTS\audio\out_piper_en.wav,ok,
2026-06-14T06:26:08Z,en,piper,Opening gesture control,0.6683,D:\Documents\FYP\Multimodal_Assistant\Voice_Architecture\TTS\audio\out_piper_en.wav,ok,
2026-06-14T06:26:36Z,en,piper,Paused.,0.9143,D:\Documents\FYP\Multimodal_Assistant\Voice_Architecture\TTS\audio\out_piper_en.wav,ok,
2026-06-14T06:26:44Z,en,piper,Session stopped.,1.0941,D:\Documents\FYP\Multimodal_Assistant\Voice_Architecture\TTS\audio\out_piper_en.wav,ok,
2026-06-14T06:28:32Z,en,piper,"Good morning, it's Friday. Today's weather and schedule are available on your device.",1.1403,D:\Documents\FYP\Multimodal_Assistant\Voice_Architecture\TTS\audio\out_piper_en.wav,ok,
2026-06-14T06:28:47Z,en,piper,Your name is yan02.,0.5609,D:\Documents\FYP\Multimodal_Assistant\Voice_Architecture\TTS\audio\out_piper_en.wav,ok,
2026-06-14T06:28:58Z,en,piper,The result of 3 + 2 is 5.,0.6025,D:\Documents\FYP\Multimodal_Assistant\Voice_Architecture\TTS\audio\out_piper_en.wav,ok,
2026-06-14T06:29:13Z,zh,edge-tts,当前时间是 14:30。,1.8672,D:\Documents\FYP\Multimodal_Assistant\Voice_Architecture\TTS\audio\out_edge_zh.mp3,ok,played directly
2026-06-14T06:29:27Z,en,piper,Opening gesture control,0.8813,D:\Documents\FYP\Multimodal_Assistant\Voice_Architecture\TTS\audio\out_piper_en.wav,ok,
2026-06-14T06:30:14Z,en,piper,Done.,0.5899,D:\Documents\FYP\Multimodal_Assistant\Voice_Architecture\TTS\audio\out_piper_en.wav,ok,
2026-06-14T06:30:22Z,en,piper,"I did not understand, please try the following commands.",0.7979,D:\Documents\FYP\Multimodal_Assistant\Voice_Architecture\TTS\audio\out_piper_en.wav,ok,
2026-06-14T06:30:36Z,en,piper,Done.,0.9248,D:\Documents\FYP\Multimodal_Assistant\Voice_Architecture\TTS\audio\out_piper_en.wav,ok,
2026-06-14T06:30:45Z,en,piper,Playing the first video.,0.8421,D:\Documents\FYP\Multimodal_Assistant\Voice_Architecture\TTS\audio\out_piper_en.wav,ok,
2026-06-14T06:31:00Z,en,piper,Volume up.,1.0020,D:\Documents\FYP\Multimodal_Assistant\Voice_Architecture\TTS\audio\out_piper_en.wav,ok,
2026-06-14T06:31:09Z,en,piper,Paused.,0.8538,D:\Documents\FYP\Multimodal_Assistant\Voice_Architecture\TTS\audio\out_piper_en.wav,ok,
2026-06-14T06:31:16Z,en,piper,Opening gesture control,0.6636,D:\Documents\FYP\Multimodal_Assistant\Voice_Architecture\TTS\audio\out_piper_en.wav,ok,
2026-06-14T07:45:04Z,en,piper,Good morning. What can I help you with today?,0.7488,D:\Documents\FYP\Multimodal_Assistant\Voice_Architecture\TTS\audio\out_piper_en.wav,ok,
2026-06-26T08:30:29Z,en,piper,"Good morning, I'm functioning properly. How can I assist you today?",1.3240,D:\Documents\FYP\Multimodal_Assistant\Voice_Architecture\TTS\audio\out_piper_en.wav,ok,
2026-06-26T08:30:45Z,en,piper,Your name is yan02.,0.6065,D:\Documents\FYP\Multimodal_Assistant\Voice_Architecture\TTS\audio\out_piper_en.wav,ok,
2026-06-26T08:31:01Z,zh,edge-tts,答案是 1 + 1 = 2。,2.5696,D:\Documents\FYP\Multimodal_Assistant\Voice_Architecture\TTS\audio\out_edge_zh.mp3,ok,played directly
2026-06-26T08:31:35Z,en,piper,Opening gesture control,0.7027,D:\Documents\FYP\Multimodal_Assistant\Voice_Architecture\TTS\audio\out_piper_en.wav,ok,
2026-06-26T08:31:56Z,en,piper,"You're welcome, yan02.",0.6882,D:\Documents\FYP\Multimodal_Assistant\Voice_Architecture\TTS\audio\out_piper_en.wav,ok,
2026-06-27T08:36:34Z,en,piper,"The term ""Science"" refers to a systematic study of the natural world through observation, experimentation, and evidence-based reasoning. It encompasses various fields, including physics, biology, chem",1.4157,D:\Documents\FYP\Multimodal_Assistant\Voice_Architecture\TTS\audio\out_piper_en.wav,ok,
2026-06-27T08:36:57Z,en,piper,The result of 1 divided by 5 is 0.2.,0.7461,D:\Documents\FYP\Multimodal_Assistant\Voice_Architecture\TTS\audio\out_piper_en.wav,ok,
2026-06-27T08:37:09Z,en,piper,"There are various programs and initiatives that provide free food worldwide, such as food banks, soup kitchens, and government assistance programs. Some organizations also offer free meals to those in",1.3887,D:\Documents\FYP\Multimodal_Assistant\Voice_Architecture\TTS\audio\out_piper_en.wav,ok,
2026-06-27T08:37:39Z,zh,edge-tts,今天的日期是 2024 年 6 月 27 日。,1.4625,D:\Documents\FYP\Multimodal_Assistant\Voice_Architecture\TTS\audio\out_edge_zh.mp3,ok,played directly
2026-06-27T08:37:55Z,zh,edge-tts,现在时间是 16:37:55。,1.2999,D:\Documents\FYP\Multimodal_Assistant\Voice_Architecture\TTS\audio\out_edge_zh.mp3,ok,played directly
2026-06-27T08:38:21Z,zh,edge-tts,您想知道马来西亚的哪个地方？,1.1902,D:\Documents\FYP\Multimodal_Assistant\Voice_Architecture\TTS\audio\out_edge_zh.mp3,ok,played directly
2026-06-27T08:38:34Z,zh,edge-tts,未识别为系统指令。你可以说：计时、截图、打开 YouTube、或网页搜索。,1.4776,D:\Documents\FYP\Multimodal_Assistant\Voice_Architecture\TTS\audio\out_edge_zh.mp3,ok,played directly
2026-06-27T08:38:54Z,zh,edge-tts,Sabah 的起源可以追溯到公元前 1000 年左右的古代布鲁努人。,1.8454,D:\Documents\FYP\Multimodal_Assistant\Voice_Architecture\TTS\audio\out_edge_zh.mp3,ok,played directly
2026-06-27T08:39:11Z,zh,edge-tts,未识别为系统指令。你可以说：计时、截图、打开 YouTube、或网页搜索。,1.2373,D:\Documents\FYP\Multimodal_Assistant\Voice_Architecture\TTS\audio\out_edge_zh.mp3,ok,played directly
2026-06-27T08:39:28Z,zh,edge-tts,正在打开手势控制,1.6124,D:\Documents\FYP\Multimodal_Assistant\Voice_Architecture\TTS\audio\out_edge_zh.mp3,ok,played directly
2026-06-27T08:39:45Z,en,piper,The time is 16:39:45.,0.7585,D:\Documents\FYP\Multimodal_Assistant\Voice_Architecture\TTS\audio\out_piper_en.wav,ok,
2026-06-27T08:39:55Z,en,piper,Today is 2026-06-27.,0.7775,D:\Documents\FYP\Multimodal_Assistant\Voice_Architecture\TTS\audio\out_piper_en.wav,ok,
2026-06-27T08:40:16Z,en,piper,"The origin of the world is a complex and debated topic. According to scientific theories, the world was formed around 13.8 billion years ago through the Big Bang, a massive explosion that expanded the",1.4148,D:\Documents\FYP\Multimodal_Assistant\Voice_Architecture\TTS\audio\out_piper_en.wav,ok,
2026-06-27T08:40:39Z,en,piper,"You're welcome, chow03.",0.6306,D:\Documents\FYP\Multimodal_Assistant\Voice_Architecture\TTS\audio\out_piper_en.wav,ok,
2026-06-28T05:23:51Z,en,piper,"Good morning. I'm functioning properly, thank you for asking. How can I assist you today?",0.8982,D:\Documents\FYP\Multimodal_Assistant\Voice_Architecture\TTS\audio\out_piper_en.wav,ok,
2026-06-28T05:24:05Z,en,piper,"That's incorrect, 1 - 3 does not equal 2. The correct calculation is 1 - 3 = -2.",0.9443,D:\Documents\FYP\Multimodal_Assistant\Voice_Architecture\TTS\audio\out_piper_en.wav,ok,
2026-07-06T14:55:59Z,en,piper,"I didn't match a system command. You can say: set a timer, take a screenshot, open YouTube, or search the web.",1.8372,D:\Documents\FYP\Multimodal_Assistant\Voice_Architecture\TTS\audio\out_piper_en.wav,ok,
2026-07-06T14:56:18Z,en,piper,"Mathematics is a vast and ancient field, and its origins are not attributed to a single inventor. It evolved over time through contributions from various cultures and mathematicians.",1.1219,D:\Documents\FYP\Multimodal_Assistant\Voice_Architecture\TTS\audio\out_piper_en.wav,ok,
2026-07-06T14:56:38Z,en,piper,"I didn't match a system command. You can say: set a timer, take a screenshot, open YouTube, or search the web.",1.0564,D:\Documents\FYP\Multimodal_Assistant\Voice_Architecture\TTS\audio\out_piper_en.wav,ok,
2026-07-06T14:57:01Z,en,piper,"Chow03, the Python programming language was invented by Guido van Rossum in the late 1980s. He began working on Python in 1989 and released the first version in 1991.",1.3329,D:\Documents\FYP\Multimodal_Assistant\Voice_Architecture\TTS\audio\out_piper_en.wav,ok,
2026-07-06T14:57:27Z,zh,edge-tts,现在时间是 22:57:27。,2.5822,D:\Documents\FYP\Multimodal_Assistant\Voice_Architecture\TTS\audio\out_edge_zh.mp3,ok,played directly
2026-07-06T14:57:51Z,en,piper,Automation is running on WhatsApp.,0.8158,D:\Documents\FYP\Multimodal_Assistant\Voice_Architecture\TTS\audio\out_piper_en.wav,ok,
2026-07-06T14:58:01Z,en,piper,Selected the chat.,0.7975,D:\Documents\FYP\Multimodal_Assistant\Voice_Architecture\TTS\audio\out_piper_en.wav,ok,
2026-07-06T14:58:10Z,en,piper,Typed.,0.6790,D:\Documents\FYP\Multimodal_Assistant\Voice_Architecture\TTS\audio\out_piper_en.wav,ok,
2026-07-06T14:58:18Z,en,piper,Cleared the message.,0.6267,D:\Documents\FYP\Multimodal_Assistant\Voice_Architecture\TTS\audio\out_piper_en.wav,ok,
2026-07-06T14:58:29Z,en,piper,Typed.,0.5413,D:\Documents\FYP\Multimodal_Assistant\Voice_Architecture\TTS\audio\out_piper_en.wav,ok,
2026-07-06T14:58:37Z,en,piper,Sent.,0.6595,D:\Documents\FYP\Multimodal_Assistant\Voice_Architecture\TTS\audio\out_piper_en.wav,ok,
2026-07-06T14:58:45Z,en,piper,Session stopped.,0.6850,D:\Documents\FYP\Multimodal_Assistant\Voice_Architecture\TTS\audio\out_piper_en.wav,ok,
2026-07-07T04:53:54Z,en,piper,Automation is running on YouTube.,0.9510,D:\Documents\FYP\Multimodal_Assistant\Voice_Architecture\TTS\audio\out_piper_en.wav,ok,
2026-07-07T04:54:03Z,en,piper,"I did not understand, please try the following commands.",0.7113,D:\Documents\FYP\Multimodal_Assistant\Voice_Architecture\TTS\audio\out_piper_en.wav,ok,
2026-07-07T04:54:13Z,en,piper,"I did not understand, please try the following commands.",0.7107,D:\Documents\FYP\Multimodal_Assistant\Voice_Architecture\TTS\audio\out_piper_en.wav,ok,
2026-07-07T04:54:23Z,en,piper,Session stopped.,0.5075,D:\Documents\FYP\Multimodal_Assistant\Voice_Architecture\TTS\audio\out_piper_en.wav,ok,
2026-07-07T05:23:43Z,en,piper,"Good morning, I'm functioning properly.",0.6597,D:\Documents\FYP\Multimodal_Assistant\Voice_Architecture\TTS\audio\out_piper_en.wav,ok,
2026-07-07T05:23:54Z,en,piper,"Your name is not mentioned in our conversation history, Shanyue.",0.7572,D:\Documents\FYP\Multimodal_Assistant\Voice_Architecture\TTS\audio\out_piper_en.wav,ok,
2026-07-07T05:24:08Z,en,piper,"Your name is not mentioned in our conversation, Shanyue.",0.7881,D:\Documents\FYP\Multimodal_Assistant\Voice_Architecture\TTS\audio\out_piper_en.wav,ok,
2026-07-07T05:24:20Z,en,piper,"Hello, how can I assist you today?",0.6241,D:\Documents\FYP\Multimodal_Assistant\Voice_Architecture\TTS\audio\out_piper_en.wav,ok,
2026-07-07T05:24:30Z,en,piper,You haven't shared your identity with me yet.,0.5984,D:\Documents\FYP\Multimodal_Assistant\Voice_Architecture\TTS\audio\out_piper_en.wav,ok,
2026-07-07T05:24:40Z,en,piper,"Hello Sharni, how can I assist you today?",0.7300,D:\Documents\FYP\Multimodal_Assistant\Voice_Architecture\TTS\audio\out_piper_en.wav,ok,
2026-07-07T05:24:51Z,en,piper,"Your name is not mentioned in our conversation history, Shanyue.",0.7040,D:\Documents\FYP\Multimodal_Assistant\Voice_Architecture\TTS\audio\out_piper_en.wav,ok,
2026-07-07T05:25:06Z,en,piper,"I don't have any information about you, Shanyue. This is the start of our conversation. How can I assist you today?",0.7302,D:\Documents\FYP\Multimodal_Assistant\Voice_Architecture\TTS\audio\out_piper_en.wav,ok,
2026-07-07T05:25:22Z,en,piper,Opening gesture control,0.5104,D:\Documents\FYP\Multimodal_Assistant\Voice_Architecture\TTS\audio\out_piper_en.wav,ok,
2026-07-07T05:25:38Z,en,piper,"I didn't match a system command. You can say: set a timer, take a screenshot, open YouTube, or search the web.",0.8929,D:\Documents\FYP\Multimodal_Assistant\Voice_Architecture\TTS\audio\out_piper_en.wav,ok,
2026-07-07T05:25:54Z,en,piper,Opening gesture control,0.5034,D:\Documents\FYP\Multimodal_Assistant\Voice_Architecture\TTS\audio\out_piper_en.wav,ok,
2026-07-07T05:26:10Z,en,piper,I'm functioning properly. Your name is Shanyue.,0.5670,D:\Documents\FYP\Multimodal_Assistant\Voice_Architecture\TTS\audio\out_piper_en.wav,ok,
2026-07-07T05:28:42Z,en,piper,"Good afternoon. I'm functioning properly, thank you for asking.",0.6213,D:\Documents\FYP\Multimodal_Assistant\Voice_Architecture\TTS\audio\out_piper_en.wav,ok,
2026-07-07T05:28:56Z,en,piper,Today is 2026-07-07.,0.6831,D:\Documents\FYP\Multimodal_Assistant\Voice_Architecture\TTS\audio\out_piper_en.wav,ok,
2026-07-07T05:29:09Z,en,piper,The time is 13:29:09.,0.5722,D:\Documents\FYP\Multimodal_Assistant\Voice_Architecture\TTS\audio\out_piper_en.wav,ok,
2026-07-07T05:29:22Z,en,piper,"The invention of the computer is a complex process, but Charles Babbage is often credited with designing the first mechanical computer, the Difference Engine, in the early 19th century.",1.1680,D:\Documents\FYP\Multimodal_Assistant\Voice_Architecture\TTS\audio\out_piper_en.wav,ok,
2026-07-07T05:29:43Z,en,piper,Opening Notepad now.,0.6583,D:\Documents\FYP\Multimodal_Assistant\Voice_Architecture\TTS\audio\out_piper_en.wav,ok,
2026-07-07T05:30:05Z,zh,edge-tts,今天是 2026-07-07。,1.7746,D:\Documents\FYP\Multimodal_Assistant\Voice_Architecture\TTS\audio\out_edge_zh.mp3,ok,played directly
2026-07-07T05:30:19Z,zh,edge-tts,"Shanyue, 一加一等于 2。",1.3690,D:\Documents\FYP\Multimodal_Assistant\Voice_Architecture\TTS\audio\out_edge_zh.mp3,ok,played directly
2026-07-07T05:31:37Z,en,piper,Done.,0.5978,D:\Documents\FYP\Multimodal_Assistant\Voice_Architecture\TTS\audio\out_piper_en.wav,ok,
2026-07-07T05:31:46Z,en,piper,Playing the first video.,0.7425,D:\Documents\FYP\Multimodal_Assistant\Voice_Architecture\TTS\audio\out_piper_en.wav,ok,
2026-07-07T05:31:55Z,en,piper,"I did not understand, please try the following commands.",0.6973,D:\Documents\FYP\Multimodal_Assistant\Voice_Architecture\TTS\audio\out_piper_en.wav,ok,
2026-07-07T05:32:05Z,en,piper,"I did not understand, please try the following commands.",0.6469,D:\Documents\FYP\Multimodal_Assistant\Voice_Architecture\TTS\audio\out_piper_en.wav,ok,
2026-07-07T05:32:16Z,en,piper,Volume down.,0.5804,D:\Documents\FYP\Multimodal_Assistant\Voice_Architecture\TTS\audio\out_piper_en.wav,ok,
2026-07-07T05:32:24Z,en,piper,Volume down.,0.5580,D:\Documents\FYP\Multimodal_Assistant\Voice_Architecture\TTS\audio\out_piper_en.wav,ok,
2026-07-07T05:32:32Z,en,piper,Paused.,0.4951,D:\Documents\FYP\Multimodal_Assistant\Voice_Architecture\TTS\audio\out_piper_en.wav,ok,
2026-07-07T05:32:39Z,en,piper,Resumed.,0.6038,D:\Documents\FYP\Multimodal_Assistant\Voice_Architecture\TTS\audio\out_piper_en.wav,ok,
2026-07-07T05:33:04Z,en,piper,Opening gesture control,0.5085,D:\Documents\FYP\Multimodal_Assistant\Voice_Architecture\TTS\audio\out_piper_en.wav,ok,
2026-07-07T05:33:54Z,en,piper,Session stopped.,0.6198,D:\Documents\FYP\Multimodal_Assistant\Voice_Architecture\TTS\audio\out_piper_en.wav,ok,
2026-07-07T05:34:32Z,zh,edge-tts,自动化运行中在 谷歌新闻,1.4004,D:\Documents\FYP\Multimodal_Assistant\Voice_Architecture\TTS\audio\out_edge_zh.mp3,ok,played directly
2026-07-07T05:34:45Z,zh,edge-tts,完成。,1.2932,D:\Documents\FYP\Multimodal_Assistant\Voice_Architecture\TTS\audio\out_edge_zh.mp3,ok,played directly
2026-07-07T05:34:54Z,zh,edge-tts,我不明白，请尝试以下命令。,1.4125,D:\Documents\FYP\Multimodal_Assistant\Voice_Architecture\TTS\audio\out_edge_zh.mp3,ok,played directly
2026-07-07T05:35:06Z,zh,edge-tts,已结束会话。,1.2044,D:\Documents\FYP\Multimodal_Assistant\Voice_Architecture\TTS\audio\out_edge_zh.mp3,ok,played directly
2026-07-07T05:35:38Z,en,piper,Automation is running on WhatsApp.,0.6332,D:\Documents\FYP\Multimodal_Assistant\Voice_Architecture\TTS\audio\out_piper_en.wav,ok,
2026-07-07T05:35:47Z,en,piper,Session stopped.,0.5316,D:\Documents\FYP\Multimodal_Assistant\Voice_Architecture\TTS\audio\out_piper_en.wav,ok,
2026-07-07T05:36:21Z,en,piper,Opening gesture control,0.5026,D:\Documents\FYP\Multimodal_Assistant\Voice_Architecture\TTS\audio\out_piper_en.wav,ok,
2026-07-07T06:13:01Z,en,piper,"Good morning. I'm functioning properly, thanks for asking.",0.7117,D:\Documents\FYP\Multimodal_Assistant\Voice_Architecture\TTS\audio\out_piper_en.wav,ok,
2026-07-07T06:14:14Z,en,piper,"Good day, I'm functioning properly. What can I assist you with today?",0.6702,D:\Documents\FYP\Multimodal_Assistant\Voice_Architecture\TTS\audio\out_piper_en.wav,ok,
2026-07-07T06:14:26Z,en,piper,The time is 14:14:26.,0.6076,D:\Documents\FYP\Multimodal_Assistant\Voice_Architecture\TTS\audio\out_piper_en.wav,ok,
2026-07-07T06:14:39Z,en,piper,"The invention of the computer is a complex process that involved the contributions of many individuals over time. Charles Babbage is often credited with designing the first mechanical computer, the Di",1.3129,D:\Documents\FYP\Multimodal_Assistant\Voice_Architecture\TTS\audio\out_piper_en.wav,ok,
2026-07-07T06:15:02Z,en,piper,Opening Notepad now.,0.8320,D:\Documents\FYP\Multimodal_Assistant\Voice_Architecture\TTS\audio\out_piper_en.wav,ok,
2026-07-07T06:16:33Z,en,piper,"Good day, I'm functioning properly. What can I assist you with today?",0.7293,D:\Documents\FYP\Multimodal_Assistant\Voice_Architecture\TTS\audio\out_piper_en.wav,ok,
2026-07-07T06:16:45Z,en,piper,The time is 14:16:45.,0.5969,D:\Documents\FYP\Multimodal_Assistant\Voice_Architecture\TTS\audio\out_piper_en.wav,ok,
2026-07-07T06:16:58Z,en,piper,"The invention of the calculator is credited to Blaise Pascal, who created the first mechanical calculator in 1642.",0.9234,D:\Documents\FYP\Multimodal_Assistant\Voice_Architecture\TTS\audio\out_piper_en.wav,ok,
2026-07-07T06:17:15Z,en,piper,Opening Notepad now.,0.6486,D:\Documents\FYP\Multimodal_Assistant\Voice_Architecture\TTS\audio\out_piper_en.wav,ok,
2026-07-07T06:17:41Z,zh,edge-tts,今天是 2026-07-07。,1.6152,D:\Documents\FYP\Multimodal_Assistant\Voice_Architecture\TTS\audio\out_edge_zh.mp3,ok,played directly
2026-07-07T06:17:55Z,zh,edge-tts,您很感谢。1+1等于2。,1.7375,D:\Documents\FYP\Multimodal_Assistant\Voice_Architecture\TTS\audio\out_edge_zh.mp3,ok,played directly
2026-07-07T06:18:55Z,en,piper,Done.,0.6832,D:\Documents\FYP\Multimodal_Assistant\Voice_Architecture\TTS\audio\out_piper_en.wav,ok,
2026-07-07T06:19:06Z,en,piper,Done.,0.7976,D:\Documents\FYP\Multimodal_Assistant\Voice_Architecture\TTS\audio\out_piper_en.wav,ok,
2026-07-07T06:19:14Z,en,piper,"I did not understand, please try the following commands.",0.8994,D:\Documents\FYP\Multimodal_Assistant\Voice_Architecture\TTS\audio\out_piper_en.wav,ok,
2026-07-07T06:19:25Z,en,piper,Session stopped.,0.4823,D:\Documents\FYP\Multimodal_Assistant\Voice_Architecture\TTS\audio\out_piper_en.wav,ok,
2026-07-07T06:19:41Z,en,piper,The answer to 1 + 1 is 2.,0.5476,D:\Documents\FYP\Multimodal_Assistant\Voice_Architecture\TTS\audio\out_piper_en.wav,ok,
2026-07-07T06:19:51Z,en,piper,"Good morning Shanyue, I'm here to assist you. I don't have any prior information about your identity.",0.7138,D:\Documents\FYP\Multimodal_Assistant\Voice_Architecture\TTS\audio\out_piper_en.wav,ok,
2026-07-07T06:20:05Z,en,piper,"You're welcome, Shanyue.",0.5120,D:\Documents\FYP\Multimodal_Assistant\Voice_Architecture\TTS\audio\out_piper_en.wav,ok,
2026-07-07T06:21:12Z,en,piper,"Good morning Shanyue. I'm here to assist you, and I don't have any prior information about your identity.",0.7752,D:\Documents\FYP\Multimodal_Assistant\Voice_Architecture\TTS\audio\out_piper_en.wav,ok,
2026-07-07T06:21:26Z,en,piper,The time is 14:21:26.,0.5927,D:\Documents\FYP\Multimodal_Assistant\Voice_Architecture\TTS\audio\out_piper_en.wav,ok,
2026-07-07T06:21:37Z,en,piper,"The invention of the calculator is credited to Blaise Pascal, who created the Pascaline in 1642.",0.8370,D:\Documents\FYP\Multimodal_Assistant\Voice_Architecture\TTS\audio\out_piper_en.wav,ok,
2026-07-07T06:21:53Z,en,piper,Opening Notepad now.,0.6664,D:\Documents\FYP\Multimodal_Assistant\Voice_Architecture\TTS\audio\out_piper_en.wav,ok,
2026-07-07T06:22:17Z,zh,edge-tts,今天是 2026-07-07。,1.2511,D:\Documents\FYP\Multimodal_Assistant\Voice_Architecture\TTS\audio\out_edge_zh.mp3,ok,played directly
2026-07-07T06:22:31Z,zh,edge-tts,"Shanyue, 1 + 1 等于 2。",1.2755,D:\Documents\FYP\Multimodal_Assistant\Voice_Architecture\TTS\audio\out_edge_zh.mp3,ok,played directly
2026-07-07T06:22:44Z,zh,edge-tts,未识别为系统指令。你可以说：计时、截图、打开 YouTube、或网页搜索。,1.3288,D:\Documents\FYP\Multimodal_Assistant\Voice_Architecture\TTS\audio\out_edge_zh.mp3,ok,played directly
2026-07-07T06:24:07Z,en,piper,"Good morning Shanyue. I'm here to assist you, and I don't have any prior information about your identity.",0.8314,D:\Documents\FYP\Multimodal_Assistant\Voice_Architecture\TTS\audio\out_piper_en.wav,ok,
2026-07-07T06:24:22Z,en,piper,The time is 14:24:22.,0.6444,D:\Documents\FYP\Multimodal_Assistant\Voice_Architecture\TTS\audio\out_piper_en.wav,ok,
2026-07-07T06:24:33Z,en,piper,"The calculator was invented by Charles Babbage, an English mathematician, in the early 19th century.",0.8463,D:\Documents\FYP\Multimodal_Assistant\Voice_Architecture\TTS\audio\out_piper_en.wav,ok,
2026-07-07T06:24:49Z,en,piper,Opening Notepad now.,0.6949,D:\Documents\FYP\Multimodal_Assistant\Voice_Architecture\TTS\audio\out_piper_en.wav,ok,
2026-07-07T06:25:15Z,zh,edge-tts,今天是 2026 年 7 月 7 日。,1.3450,D:\Documents\FYP\Multimodal_Assistant\Voice_Architecture\TTS\audio\out_edge_zh.mp3,ok,played directly
2026-07-07T06:25:28Z,zh,edge-tts,"Shanyue, 一加一等于二。",1.1745,D:\Documents\FYP\Multimodal_Assistant\Voice_Architecture\TTS\audio\out_edge_zh.mp3,ok,played directly
2026-07-07T06:27:21Z,en,piper,Done.,0.6020,D:\Documents\FYP\Multimodal_Assistant\Voice_Architecture\TTS\audio\out_piper_en.wav,ok,
2026-07-07T06:27:32Z,en,piper,Done.,0.7717,D:\Documents\FYP\Multimodal_Assistant\Voice_Architecture\TTS\audio\out_piper_en.wav,ok,
2026-07-07T06:27:40Z,en,piper,Session stopped.,1.1366,D:\Documents\FYP\Multimodal_Assistant\Voice_Architecture\TTS\audio\out_piper_en.wav,ok,
2026-07-07T06:28:59Z,en,piper,Done.,0.5522,D:\Documents\FYP\Multimodal_Assistant\Voice_Architecture\TTS\audio\out_piper_en.wav,ok,
2026-07-07T06:29:10Z,en,piper,Done.,0.6214,D:\Documents\FYP\Multimodal_Assistant\Voice_Architecture\TTS\audio\out_piper_en.wav,ok,
2026-07-07T06:29:22Z,en,piper,Done.,0.6627,D:\Documents\FYP\Multimodal_Assistant\Voice_Architecture\TTS\audio\out_piper_en.wav,ok,
2026-07-07T06:29:29Z,en,piper,Session stopped.,0.6797,D:\Documents\FYP\Multimodal_Assistant\Voice_Architecture\TTS\audio\out_piper_en.wav,ok,
2026-07-07T06:31:07Z,en,piper,Done.,0.5913,D:\Documents\FYP\Multimodal_Assistant\Voice_Architecture\TTS\audio\out_piper_en.wav,ok,
2026-07-07T06:31:18Z,en,piper,Done.,0.6193,D:\Documents\FYP\Multimodal_Assistant\Voice_Architecture\TTS\audio\out_piper_en.wav,ok,
2026-07-07T06:31:28Z,en,piper,Playing the first video.,0.7237,D:\Documents\FYP\Multimodal_Assistant\Voice_Architecture\TTS\audio\out_piper_en.wav,ok,
2026-07-07T06:31:36Z,en,piper,Volume down.,0.7843,D:\Documents\FYP\Multimodal_Assistant\Voice_Architecture\TTS\audio\out_piper_en.wav,ok,
2026-07-07T06:31:50Z,en,piper,"I did not understand, please try the following commands.",0.7849,D:\Documents\FYP\Multimodal_Assistant\Voice_Architecture\TTS\audio\out_piper_en.wav,ok,
2026-07-07T06:32:00Z,en,piper,Session stopped.,0.6612,D:\Documents\FYP\Multimodal_Assistant\Voice_Architecture\TTS\audio\out_piper_en.wav,ok,
2026-07-07T06:34:27Z,en,piper,Automation is running on YouTube.,0.9256,D:\Documents\FYP\Multimodal_Assistant\Voice_Architecture\TTS\audio\out_piper_en.wav,ok,
2026-07-07T06:34:40Z,en,piper,Done.,0.6968,D:\Documents\FYP\Multimodal_Assistant\Voice_Architecture\TTS\audio\out_piper_en.wav,ok,
2026-07-07T06:34:47Z,en,piper,Session stopped.,0.6634,D:\Documents\FYP\Multimodal_Assistant\Voice_Architecture\TTS\audio\out_piper_en.wav,ok,
2026-07-07T06:36:14Z,en,piper,Automation is running on YouTube.,0.8537,D:\Documents\FYP\Multimodal_Assistant\Voice_Architecture\TTS\audio\out_piper_en.wav,ok,
2026-07-07T06:36:23Z,en,piper,"I did not understand, please try the following commands.",0.8427,D:\Documents\FYP\Multimodal_Assistant\Voice_Architecture\TTS\audio\out_piper_en.wav,ok,
2026-07-07T06:36:34Z,en,piper,Session stopped.,0.6528,D:\Documents\FYP\Multimodal_Assistant\Voice_Architecture\TTS\audio\out_piper_en.wav,ok,
2026-07-07T06:37:03Z,en,piper,"I didn't match a system command. You can say: set a timer, take a screenshot, open YouTube, or search the web.",0.8798,D:\Documents\FYP\Multimodal_Assistant\Voice_Architecture\TTS\audio\out_piper_en.wav,ok,
2026-07-07T06:38:36Z,en,piper,Automation is running on YouTube.,0.7878,D:\Documents\FYP\Multimodal_Assistant\Voice_Architecture\TTS\audio\out_piper_en.wav,ok,
2026-07-07T06:38:48Z,en,piper,Done.,0.4934,D:\Documents\FYP\Multimodal_Assistant\Voice_Architecture\TTS\audio\out_piper_en.wav,ok,
2026-07-07T06:38:57Z,en,piper,Playing the first video.,0.8515,D:\Documents\FYP\Multimodal_Assistant\Voice_Architecture\TTS\audio\out_piper_en.wav,ok,
2026-07-07T06:39:12Z,en,piper,Volume down.,0.6921,D:\Documents\FYP\Multimodal_Assistant\Voice_Architecture\TTS\audio\out_piper_en.wav,ok,
2026-07-07T06:39:25Z,en,piper,Paused.,0.6121,D:\Documents\FYP\Multimodal_Assistant\Voice_Architecture\TTS\audio\out_piper_en.wav,ok,
2026-07-07T06:39:33Z,en,piper,Resumed.,0.6494,D:\Documents\FYP\Multimodal_Assistant\Voice_Architecture\TTS\audio\out_piper_en.wav,ok,
2026-07-07T06:39:46Z,en,piper,Opening gesture control,0.6029,D:\Documents\FYP\Multimodal_Assistant\Voice_Architecture\TTS\audio\out_piper_en.wav,ok,
2026-07-07T06:40:24Z,en,piper,Paused.,0.5034,D:\Documents\FYP\Multimodal_Assistant\Voice_Architecture\TTS\audio\out_piper_en.wav,ok,
2026-07-07T06:40:32Z,en,piper,Session stopped.,0.5231,D:\Documents\FYP\Multimodal_Assistant\Voice_Architecture\TTS\audio\out_piper_en.wav,ok,
2026-07-07T06:41:51Z,en,piper,Automation is running on Google News.,0.8487,D:\Documents\FYP\Multimodal_Assistant\Voice_Architecture\TTS\audio\out_piper_en.wav,ok,
2026-07-07T06:42:07Z,en,piper,Done.,0.6339,D:\Documents\FYP\Multimodal_Assistant\Voice_Architecture\TTS\audio\out_piper_en.wav,ok,
2026-07-07T06:42:15Z,en,piper,"I did not understand, please try the following commands.",0.6824,D:\Documents\FYP\Multimodal_Assistant\Voice_Architecture\TTS\audio\out_piper_en.wav,ok,
2026-07-07T06:42:25Z,en,piper,Session stopped.,0.5068,D:\Documents\FYP\Multimodal_Assistant\Voice_Architecture\TTS\audio\out_piper_en.wav,ok,
2026-07-07T06:43:01Z,zh,edge-tts,自动化运行中在 谷歌地图,3.4218,D:\Documents\FYP\Multimodal_Assistant\Voice_Architecture\TTS\audio\out_edge_zh.mp3,ok,played directly
2026-07-07T06:43:15Z,zh,edge-tts,完成。,1.7410,D:\Documents\FYP\Multimodal_Assistant\Voice_Architecture\TTS\audio\out_edge_zh.mp3,ok,played directly
2026-07-07T06:43:26Z,zh,edge-tts,完成。,1.5286,D:\Documents\FYP\Multimodal_Assistant\Voice_Architecture\TTS\audio\out_edge_zh.mp3,ok,played directly
2026-07-07T06:43:37Z,zh,edge-tts,完成。,1.5347,D:\Documents\FYP\Multimodal_Assistant\Voice_Architecture\TTS\audio\out_edge_zh.mp3,ok,played directly
2026-07-07T06:43:47Z,zh,edge-tts,已结束会话。,1.1266,D:\Documents\FYP\Multimodal_Assistant\Voice_Architecture\TTS\audio\out_edge_zh.mp3,ok,played directly
2026-07-07T06:44:32Z,en,piper,Automation is running on WhatsApp.,0.7747,D:\Documents\FYP\Multimodal_Assistant\Voice_Architecture\TTS\audio\out_piper_en.wav,ok,
2026-07-07T06:44:41Z,en,piper,Selected the chat.,0.8652,D:\Documents\FYP\Multimodal_Assistant\Voice_Architecture\TTS\audio\out_piper_en.wav,ok,
2026-07-07T06:44:51Z,en,piper,Search updated.,0.7489,D:\Documents\FYP\Multimodal_Assistant\Voice_Architecture\TTS\audio\out_piper_en.wav,ok,
2026-07-07T06:44:59Z,en,piper,Selected the chat.,0.6218,D:\Documents\FYP\Multimodal_Assistant\Voice_Architecture\TTS\audio\out_piper_en.wav,ok,
2026-07-07T06:45:07Z,en,piper,Session stopped.,0.5844,D:\Documents\FYP\Multimodal_Assistant\Voice_Architecture\TTS\audio\out_piper_en.wav,ok,
2026-07-07T06:46:22Z,en,piper,Automation is running on WhatsApp.,0.6202,D:\Documents\FYP\Multimodal_Assistant\Voice_Architecture\TTS\audio\out_piper_en.wav,ok,
2026-07-07T06:46:32Z,en,piper,Search updated.,0.5795,D:\Documents\FYP\Multimodal_Assistant\Voice_Architecture\TTS\audio\out_piper_en.wav,ok,
2026-07-07T06:46:40Z,en,piper,Cleared the search.,0.6507,D:\Documents\FYP\Multimodal_Assistant\Voice_Architecture\TTS\audio\out_piper_en.wav,ok,
2026-07-07T06:46:49Z,en,piper,Search updated.,0.6037,D:\Documents\FYP\Multimodal_Assistant\Voice_Architecture\TTS\audio\out_piper_en.wav,ok,
2026-07-07T06:46:58Z,en,piper,Selected the chat.,0.6968,D:\Documents\FYP\Multimodal_Assistant\Voice_Architecture\TTS\audio\out_piper_en.wav,ok,
2026-07-07T06:47:09Z,en,piper,Session stopped.,0.6813,D:\Documents\FYP\Multimodal_Assistant\Voice_Architecture\TTS\audio\out_piper_en.wav,ok,
2026-07-07T06:47:29Z,en,piper,Automation is running on WhatsApp.,0.6014,D:\Documents\FYP\Multimodal_Assistant\Voice_Architecture\TTS\audio\out_piper_en.wav,ok,
2026-07-07T06:47:39Z,en,piper,Selected the chat.,0.6185,D:\Documents\FYP\Multimodal_Assistant\Voice_Architecture\TTS\audio\out_piper_en.wav,ok,
2026-07-07T06:47:48Z,en,piper,Search updated.,0.5583,D:\Documents\FYP\Multimodal_Assistant\Voice_Architecture\TTS\audio\out_piper_en.wav,ok,
2026-07-07T06:47:56Z,en,piper,"I did not understand, please try the following commands.",0.6493,D:\Documents\FYP\Multimodal_Assistant\Voice_Architecture\TTS\audio\out_piper_en.wav,ok,
2026-07-07T06:48:06Z,en,piper,Selected the chat.,0.4889,D:\Documents\FYP\Multimodal_Assistant\Voice_Architecture\TTS\audio\out_piper_en.wav,ok,
2026-07-07T06:48:21Z,en,piper,Cleared the search.,0.6129,D:\Documents\FYP\Multimodal_Assistant\Voice_Architecture\TTS\audio\out_piper_en.wav,ok,
2026-07-07T06:48:29Z,en,piper,Selected the chat.,0.5648,D:\Documents\FYP\Multimodal_Assistant\Voice_Architecture\TTS\audio\out_piper_en.wav,ok,
2026-07-07T06:48:38Z,en,piper,Search updated.,0.5094,D:\Documents\FYP\Multimodal_Assistant\Voice_Architecture\TTS\audio\out_piper_en.wav,ok,
2026-07-07T06:48:47Z,en,piper,Selected the chat.,0.5349,D:\Documents\FYP\Multimodal_Assistant\Voice_Architecture\TTS\audio\out_piper_en.wav,ok,
2026-07-07T06:48:55Z,en,piper,Session stopped.,0.5539,D:\Documents\FYP\Multimodal_Assistant\Voice_Architecture\TTS\audio\out_piper_en.wav,ok,
2026-07-07T07:09:50Z,en,piper,Good morning. What can I help you with today?,0.7878,D:\Documents\FYP\Multimodal_Assistant\Voice_Architecture\TTS\audio\out_piper_en.wav,ok,
2026-07-07T07:10:01Z,en,piper,The result of 1 + 1 is 2.,0.6380,D:\Documents\FYP\Multimodal_Assistant\Voice_Architecture\TTS\audio\out_piper_en.wav,ok,
2026-07-07T07:16:16Z,en,piper,"Good afternoon Shanyue. I'm here to assist you, but you haven't told me your name yet.",0.9069,D:\Documents\FYP\Multimodal_Assistant\Voice_Architecture\TTS\audio\out_piper_en.wav,ok,
2026-07-07T07:16:30Z,en,piper,The time is 15:16:30.,0.6797,D:\Documents\FYP\Multimodal_Assistant\Voice_Architecture\TTS\audio\out_piper_en.wav,ok,
2026-07-07T07:16:42Z,en,piper,"The invention of the calculator is credited to Blaise Pascal, who created the Pascaline in 1642.",0.9321,D:\Documents\FYP\Multimodal_Assistant\Voice_Architecture\TTS\audio\out_piper_en.wav,ok,
2026-07-07T07:16:58Z,en,piper,Opening Notepad now.,0.6683,D:\Documents\FYP\Multimodal_Assistant\Voice_Architecture\TTS\audio\out_piper_en.wav,ok,
2026-07-07T07:17:30Z,zh,edge-tts,今天是 2026-07-07。,1.4157,D:\Documents\FYP\Multimodal_Assistant\Voice_Architecture\TTS\audio\out_edge_zh.mp3,ok,played directly
2026-07-07T07:17:42Z,zh,edge-tts,"Shanyue, 一加一等于 2。",1.0972,D:\Documents\FYP\Multimodal_Assistant\Voice_Architecture\TTS\audio\out_edge_zh.mp3,ok,played directly
2026-07-07T07:18:55Z,en,piper,Automation is running on YouTube.,0.9235,D:\Documents\FYP\Multimodal_Assistant\Voice_Architecture\TTS\audio\out_piper_en.wav,ok,
2026-07-07T07:19:07Z,en,piper,Done.,0.6696,D:\Documents\FYP\Multimodal_Assistant\Voice_Architecture\TTS\audio\out_piper_en.wav,ok,
2026-07-07T07:19:17Z,en,piper,Playing the first video.,0.8684,D:\Documents\FYP\Multimodal_Assistant\Voice_Architecture\TTS\audio\out_piper_en.wav,ok,
2026-07-07T07:19:26Z,en,piper,Volume down.,0.9249,D:\Documents\FYP\Multimodal_Assistant\Voice_Architecture\TTS\audio\out_piper_en.wav,ok,
2026-07-07T07:19:48Z,en,piper,Paused.,0.6223,D:\Documents\FYP\Multimodal_Assistant\Voice_Architecture\TTS\audio\out_piper_en.wav,ok,
2026-07-07T07:19:55Z,en,piper,Resumed.,0.6913,D:\Documents\FYP\Multimodal_Assistant\Voice_Architecture\TTS\audio\out_piper_en.wav,ok,
2026-07-07T07:20:02Z,en,piper,Opening gesture control,0.7296,D:\Documents\FYP\Multimodal_Assistant\Voice_Architecture\TTS\audio\out_piper_en.wav,ok,
2026-07-07T07:20:43Z,en,piper,Paused.,0.5725,D:\Documents\FYP\Multimodal_Assistant\Voice_Architecture\TTS\audio\out_piper_en.wav,ok,
2026-07-07T07:20:51Z,en,piper,Session stopped.,0.5710,D:\Documents\FYP\Multimodal_Assistant\Voice_Architecture\TTS\audio\out_piper_en.wav,ok,
2026-07-07T07:22:51Z,en,piper,Done.,0.5986,D:\Documents\FYP\Multimodal_Assistant\Voice_Architecture\TTS\audio\out_piper_en.wav,ok,
2026-07-07T07:22:58Z,en,piper,Opening gesture control,0.8264,D:\Documents\FYP\Multimodal_Assistant\Voice_Architecture\TTS\audio\out_piper_en.wav,ok,
2026-07-07T07:23:24Z,en,piper,Done.,0.7121,D:\Documents\FYP\Multimodal_Assistant\Voice_Architecture\TTS\audio\out_piper_en.wav,ok,
2026-07-07T07:23:34Z,en,piper,Playing the first video.,0.9653,D:\Documents\FYP\Multimodal_Assistant\Voice_Architecture\TTS\audio\out_piper_en.wav,ok,
2026-07-07T07:23:45Z,en,piper,Volume down.,0.8496,D:\Documents\FYP\Multimodal_Assistant\Voice_Architecture\TTS\audio\out_piper_en.wav,ok,
2026-07-07T07:23:53Z,en,piper,Paused.,0.7047,D:\Documents\FYP\Multimodal_Assistant\Voice_Architecture\TTS\audio\out_piper_en.wav,ok,
2026-07-07T07:24:00Z,en,piper,Resumed.,0.7074,D:\Documents\FYP\Multimodal_Assistant\Voice_Architecture\TTS\audio\out_piper_en.wav,ok,
2026-07-07T07:24:08Z,en,piper,Volume up.,0.8032,D:\Documents\FYP\Multimodal_Assistant\Voice_Architecture\TTS\audio\out_piper_en.wav,ok,
2026-07-07T07:24:16Z,en,piper,Opening gesture control,1.3570,D:\Documents\FYP\Multimodal_Assistant\Voice_Architecture\TTS\audio\out_piper_en.wav,ok,
2026-07-07T07:24:40Z,en,piper,Paused.,0.7893,D:\Documents\FYP\Multimodal_Assistant\Voice_Architecture\TTS\audio\out_piper_en.wav,ok,
2026-07-07T07:24:48Z,en,piper,Session stopped.,0.7338,D:\Documents\FYP\Multimodal_Assistant\Voice_Architecture\TTS\audio\out_piper_en.wav,ok,
2026-07-07T07:25:34Z,zh,edge-tts,自动化运行中在 谷歌地图,2.0108,D:\Documents\FYP\Multimodal_Assistant\Voice_Architecture\TTS\audio\out_edge_zh.mp3,ok,played directly
2026-07-07T07:25:48Z,zh,edge-tts,完成。,2.4853,D:\Documents\FYP\Multimodal_Assistant\Voice_Architecture\TTS\audio\out_edge_zh.mp3,ok,played directly
2026-07-07T07:25:58Z,zh,edge-tts,我不明白，请尝试以下命令。,1.4603,D:\Documents\FYP\Multimodal_Assistant\Voice_Architecture\TTS\audio\out_edge_zh.mp3,ok,played directly
2026-07-07T07:26:11Z,zh,edge-tts,已结束会话。,1.5831,D:\Documents\FYP\Multimodal_Assistant\Voice_Architecture\TTS\audio\out_edge_zh.mp3,ok,played directly
2026-07-07T07:27:05Z,zh,edge-tts,自动化运行中在 谷歌新闻,1.7883,D:\Documents\FYP\Multimodal_Assistant\Voice_Architecture\TTS\audio\out_edge_zh.mp3,ok,played directly
2026-07-07T07:27:19Z,zh,edge-tts,完成。,1.3337,D:\Documents\FYP\Multimodal_Assistant\Voice_Architecture\TTS\audio\out_edge_zh.mp3,ok,played directly
2026-07-07T07:27:29Z,zh,edge-tts,我不明白，请尝试以下命令。,1.3706,D:\Documents\FYP\Multimodal_Assistant\Voice_Architecture\TTS\audio\out_edge_zh.mp3,ok,played directly
2026-07-07T07:27:41Z,zh,edge-tts,已结束会话。,1.3242,D:\Documents\FYP\Multimodal_Assistant\Voice_Architecture\TTS\audio\out_edge_zh.mp3,ok,played directly
2026-07-07T07:28:36Z,en,piper,Automation is running on WhatsApp.,0.8693,D:\Documents\FYP\Multimodal_Assistant\Voice_Architecture\TTS\audio\out_piper_en.wav,ok,
2026-07-07T07:28:46Z,en,piper,"I did not understand, please try the following commands.",0.8635,D:\Documents\FYP\Multimodal_Assistant\Voice_Architecture\TTS\audio\out_piper_en.wav,ok,
2026-07-07T07:28:56Z,en,piper,Session stopped.,0.6696,D:\Documents\FYP\Multimodal_Assistant\Voice_Architecture\TTS\audio\out_piper_en.wav,ok,
2026-07-07T07:29:41Z,en,piper,Automation is running on WhatsApp.,0.5842,D:\Documents\FYP\Multimodal_Assistant\Voice_Architecture\TTS\audio\out_piper_en.wav,ok,
2026-07-07T07:29:50Z,en,piper,Selected the chat.,0.9258,D:\Documents\FYP\Multimodal_Assistant\Voice_Architecture\TTS\audio\out_piper_en.wav,ok,
2026-07-07T07:29:59Z,en,piper,Search updated.,0.7443,D:\Documents\FYP\Multimodal_Assistant\Voice_Architecture\TTS\audio\out_piper_en.wav,ok,
2026-07-07T07:30:07Z,en,piper,"I did not understand, please try the following commands.",0.8623,D:\Documents\FYP\Multimodal_Assistant\Voice_Architecture\TTS\audio\out_piper_en.wav,ok,
2026-07-07T07:30:19Z,en,piper,Selected the chat.,0.8455,D:\Documents\FYP\Multimodal_Assistant\Voice_Architecture\TTS\audio\out_piper_en.wav,ok,
2026-07-07T07:30:27Z,en,piper,Session stopped.,0.5678,D:\Documents\FYP\Multimodal_Assistant\Voice_Architecture\TTS\audio\out_piper_en.wav,ok,
2026-07-07T07:31:08Z,en,piper,Automation is running on WhatsApp.,0.5577,D:\Documents\FYP\Multimodal_Assistant\Voice_Architecture\TTS\audio\out_piper_en.wav,ok,
2026-07-07T07:31:17Z,en,piper,Selected the chat.,0.6670,D:\Documents\FYP\Multimodal_Assistant\Voice_Architecture\TTS\audio\out_piper_en.wav,ok,
2026-07-07T07:31:26Z,en,piper,Search updated.,0.7329,D:\Documents\FYP\Multimodal_Assistant\Voice_Architecture\TTS\audio\out_piper_en.wav,ok,
2026-07-07T07:31:35Z,en,piper,Selected the chat.,0.6750,D:\Documents\FYP\Multimodal_Assistant\Voice_Architecture\TTS\audio\out_piper_en.wav,ok,
2026-07-07T07:31:43Z,en,piper,Opening gesture control,0.6306,D:\Documents\FYP\Multimodal_Assistant\Voice_Architecture\TTS\audio\out_piper_en.wav,ok,
2026-07-07T07:32:07Z,en,piper,"I did not understand, please try the following commands.",0.6883,D:\Documents\FYP\Multimodal_Assistant\Voice_Architecture\TTS\audio\out_piper_en.wav,ok,
2026-07-07T07:32:17Z,en,piper,Session stopped.,0.6004,D:\Documents\FYP\Multimodal_Assistant\Voice_Architecture\TTS\audio\out_piper_en.wav,ok,
2026-07-07T07:32:58Z,en,piper,Automation is running on WhatsApp.,0.6773,D:\Documents\FYP\Multimodal_Assistant\Voice_Architecture\TTS\audio\out_piper_en.wav,ok,
2026-07-07T07:33:07Z,en,piper,Selected the chat.,0.6897,D:\Documents\FYP\Multimodal_Assistant\Voice_Architecture\TTS\audio\out_piper_en.wav,ok,
2026-07-07T07:33:16Z,en,piper,Search updated.,0.7341,D:\Documents\FYP\Multimodal_Assistant\Voice_Architecture\TTS\audio\out_piper_en.wav,ok,
2026-07-07T07:33:25Z,en,piper,Selected the chat.,0.7216,D:\Documents\FYP\Multimodal_Assistant\Voice_Architecture\TTS\audio\out_piper_en.wav,ok,
2026-07-07T07:33:33Z,en,piper,"I did not understand, please try the following commands.",0.7337,D:\Documents\FYP\Multimodal_Assistant\Voice_Architecture\TTS\audio\out_piper_en.wav,ok,
2026-07-07T07:33:43Z,en,piper,"I did not understand, please try the following commands.",0.7528,D:\Documents\FYP\Multimodal_Assistant\Voice_Architecture\TTS\audio\out_piper_en.wav,ok,
2026-07-07T07:33:53Z,en,piper,Session stopped.,0.6777,D:\Documents\FYP\Multimodal_Assistant\Voice_Architecture\TTS\audio\out_piper_en.wav,ok,
2026-07-07T07:34:05Z,en,piper,"You're welcome, Shanyue.",0.5628,D:\Documents\FYP\Multimodal_Assistant\Voice_Architecture\TTS\audio\out_piper_en.wav,ok,
2026-07-07T07:34:49Z,en,piper,Automation is running on WhatsApp.,0.7701,D:\Documents\FYP\Multimodal_Assistant\Voice_Architecture\TTS\audio\out_piper_en.wav,ok,
2026-07-07T07:34:59Z,en,piper,Selected the chat.,0.6707,D:\Documents\FYP\Multimodal_Assistant\Voice_Architecture\TTS\audio\out_piper_en.wav,ok,
2026-07-07T07:35:08Z,en,piper,Search updated.,0.6825,D:\Documents\FYP\Multimodal_Assistant\Voice_Architecture\TTS\audio\out_piper_en.wav,ok,
2026-07-07T07:35:17Z,en,piper,Selected the chat.,0.6237,D:\Documents\FYP\Multimodal_Assistant\Voice_Architecture\TTS\audio\out_piper_en.wav,ok,
2026-07-07T07:35:26Z,en,piper,Typed.,0.5128,D:\Documents\FYP\Multimodal_Assistant\Voice_Architecture\TTS\audio\out_piper_en.wav,ok,
2026-07-07T07:35:33Z,en,piper,Cleared the message.,0.5240,D:\Documents\FYP\Multimodal_Assistant\Voice_Architecture\TTS\audio\out_piper_en.wav,ok,
2026-07-07T07:35:42Z,en,piper,Typed.,0.5155,D:\Documents\FYP\Multimodal_Assistant\Voice_Architecture\TTS\audio\out_piper_en.wav,ok,
2026-07-07T07:35:50Z,en,piper,Sent.,0.7405,D:\Documents\FYP\Multimodal_Assistant\Voice_Architecture\TTS\audio\out_piper_en.wav,ok,
2026-07-07T07:35:57Z,en,piper,Session stopped.,0.5964,D:\Documents\FYP\Multimodal_Assistant\Voice_Architecture\TTS\audio\out_piper_en.wav,ok,
2026-07-07T07:37:09Z,en,piper,Opening gesture control,0.5637,D:\Documents\FYP\Multimodal_Assistant\Voice_Architecture\TTS\audio\out_piper_en.wav,ok,
2026-07-07T07:43:07Z,en,piper,Good morning. I'm here to help. How can I assist you today?,0.7781,D:\Documents\FYP\Multimodal_Assistant\Voice_Architecture\TTS\audio\out_piper_en.wav,ok,
2026-07-07T07:44:06Z,en,piper,Opening gesture control,0.7283,D:\Documents\FYP\Multimodal_Assistant\Voice_Architecture\TTS\audio\out_piper_en.wav,ok,
2026-07-07T07:46:07Z,en,piper,Opening gesture control,0.6422,D:\Documents\FYP\Multimodal_Assistant\Voice_Architecture\TTS\audio\out_piper_en.wav,ok,
2026-07-07T07:51:47Z,en,piper,Opening gesture control,0.6369,D:\Documents\FYP\Multimodal_Assistant\Voice_Architecture\TTS\audio\out_piper_en.wav,ok,
2026-07-07T07:54:20Z,en,piper,Opening gesture control,0.7032,D:\Documents\FYP\Multimodal_Assistant\Voice_Architecture\TTS\audio\out_piper_en.wav,ok,
2026-07-07T07:55:36Z,en,piper,Opening gesture control,0.6331,D:\Documents\FYP\Multimodal_Assistant\Voice_Architecture\TTS\audio\out_piper_en.wav,ok,
2026-07-07T08:12:13Z,en,piper,"Good morning Shanyue. I'm here to assist you, and I don't have any prior information about your identity.",0.8709,D:\Documents\FYP\Multimodal_Assistant\Voice_Architecture\TTS\audio\out_piper_en.wav,ok,
2026-07-07T08:12:28Z,en,piper,The time is 16:12:28.,0.6315,D:\Documents\FYP\Multimodal_Assistant\Voice_Architecture\TTS\audio\out_piper_en.wav,ok,
2026-07-07T08:12:41Z,en,piper,"The calculator was invented by Charles Babbage, an English mathematician, in the early 19th century.",0.7845,D:\Documents\FYP\Multimodal_Assistant\Voice_Architecture\TTS\audio\out_piper_en.wav,ok,
2026-07-07T08:12:55Z,en,piper,Opening Notepad now.,0.5857,D:\Documents\FYP\Multimodal_Assistant\Voice_Architecture\TTS\audio\out_piper_en.wav,ok,
2026-07-07T08:13:18Z,zh,edge-tts,今天是 2026-07-07。,1.9690,D:\Documents\FYP\Multimodal_Assistant\Voice_Architecture\TTS\audio\out_edge_zh.mp3,ok,played directly
2026-07-07T08:13:31Z,zh,edge-tts,"Shanyue, 一加一等于2。",1.5300,D:\Documents\FYP\Multimodal_Assistant\Voice_Architecture\TTS\audio\out_edge_zh.mp3,ok,played directly
2026-07-07T08:19:54Z,en,piper,"Good morning Shanyue. You are interacting with me, your voice assistant.",0.7402,D:\Documents\FYP\Multimodal_Assistant\Voice_Architecture\TTS\audio\out_piper_en.wav,ok,
2026-07-07T08:20:08Z,en,piper,The time is 16:20:08.,0.6264,D:\Documents\FYP\Multimodal_Assistant\Voice_Architecture\TTS\audio\out_piper_en.wav,ok,
2026-07-07T08:20:19Z,en,piper,"The calculator was invented by Charles Babbage, an English mathematician, in the early 19th century.",0.7822,D:\Documents\FYP\Multimodal_Assistant\Voice_Architecture\TTS\audio\out_piper_en.wav,ok,
2026-07-07T08:20:34Z,en,piper,Opening Notepad now.,0.7431,D:\Documents\FYP\Multimodal_Assistant\Voice_Architecture\TTS\audio\out_piper_en.wav,ok,
2026-07-07T08:21:00Z,zh,edge-tts,今天是 2026-07-07。,1.2948,D:\Documents\FYP\Multimodal_Assistant\Voice_Architecture\TTS\audio\out_edge_zh.mp3,ok,played directly
2026-07-07T08:21:13Z,zh,edge-tts,"Shanyue, 一加一等于 2。",1.3313,D:\Documents\FYP\Multimodal_Assistant\Voice_Architecture\TTS\audio\out_edge_zh.mp3,ok,played directly
2026-07-07T08:22:20Z,en,piper,Done.,0.6502,D:\Documents\FYP\Multimodal_Assistant\Voice_Architecture\TTS\audio\out_piper_en.wav,ok,
2026-07-07T08:22:32Z,en,piper,Done.,0.7308,D:\Documents\FYP\Multimodal_Assistant\Voice_Architecture\TTS\audio\out_piper_en.wav,ok,
2026-07-07T08:22:40Z,en,piper,Session stopped.,0.8459,D:\Documents\FYP\Multimodal_Assistant\Voice_Architecture\TTS\audio\out_piper_en.wav,ok,
2026-07-07T08:24:06Z,en,piper,"Good morning Shanyue, I'm here to help. You're interacting with me, your voice assistant.",0.7439,D:\Documents\FYP\Multimodal_Assistant\Voice_Architecture\TTS\audio\out_piper_en.wav,ok,
2026-07-07T08:24:19Z,en,piper,The time is 16:24:19.,0.5952,D:\Documents\FYP\Multimodal_Assistant\Voice_Architecture\TTS\audio\out_piper_en.wav,ok,
2026-07-07T08:24:33Z,en,piper,"The invention of the calculator is credited to Blaise Pascal, who created the Pascaline in 1642, and Gottfried Wilhelm Leibniz, who developed the first mechanical calculator in 1671.",1.6142,D:\Documents\FYP\Multimodal_Assistant\Voice_Architecture\TTS\audio\out_piper_en.wav,ok,
2026-07-07T08:29:29Z,en,piper,"Good evening Shanyue. I'm here to assist you, and I don't have any prior information about your identity.",0.8535,D:\Documents\FYP\Multimodal_Assistant\Voice_Architecture\TTS\audio\out_piper_en.wav,ok,
2026-07-07T08:29:43Z,en,piper,The time is 16:29:43.,0.6215,D:\Documents\FYP\Multimodal_Assistant\Voice_Architecture\TTS\audio\out_piper_en.wav,ok,
2026-07-07T08:29:55Z,en,piper,"The invention of the calculator is credited to Blaise Pascal, who created the Pascaline in 1642, and Gottfried Wilhelm Leibniz, who developed the first mechanical calculator in 1671.",1.2926,D:\Documents\FYP\Multimodal_Assistant\Voice_Architecture\TTS\audio\out_piper_en.wav,ok,
2026-07-07T08:30:17Z,en,piper,Opening Notepad now.,0.6981,D:\Documents\FYP\Multimodal_Assistant\Voice_Architecture\TTS\audio\out_piper_en.wav,ok,
2026-07-07T08:30:41Z,zh,edge-tts,今天是 2026-07-07。,1.1584,D:\Documents\FYP\Multimodal_Assistant\Voice_Architecture\TTS\audio\out_edge_zh.mp3,ok,played directly
2026-07-07T08:30:54Z,zh,edge-tts,"Shanyue, 一加一等于 2。",1.4302,D:\Documents\FYP\Multimodal_Assistant\Voice_Architecture\TTS\audio\out_edge_zh.mp3,ok,played directly
2026-07-07T08:32:08Z,en,piper,Automation is running on YouTube.,0.8428,D:\Documents\FYP\Multimodal_Assistant\Voice_Architecture\TTS\audio\out_piper_en.wav,ok,
2026-07-07T08:32:21Z,en,piper,Done.,0.7315,D:\Documents\FYP\Multimodal_Assistant\Voice_Architecture\TTS\audio\out_piper_en.wav,ok,
2026-07-07T08:32:29Z,en,piper,"I did not understand, please try the following commands.",0.9505,D:\Documents\FYP\Multimodal_Assistant\Voice_Architecture\TTS\audio\out_piper_en.wav,ok,
2026-07-07T08:32:52Z,en,piper,"I did not understand, please try the following commands.",0.6692,D:\Documents\FYP\Multimodal_Assistant\Voice_Architecture\TTS\audio\out_piper_en.wav,ok,
2026-07-07T08:33:02Z,en,piper,Session stopped.,0.5312,D:\Documents\FYP\Multimodal_Assistant\Voice_Architecture\TTS\audio\out_piper_en.wav,ok,
2026-07-07T08:34:11Z,en,piper,Automation is running on YouTube.,0.8512,D:\Documents\FYP\Multimodal_Assistant\Voice_Architecture\TTS\audio\out_piper_en.wav,ok,
2026-07-07T08:34:23Z,en,piper,Done.,0.7492,D:\Documents\FYP\Multimodal_Assistant\Voice_Architecture\TTS\audio\out_piper_en.wav,ok,
2026-07-07T08:34:33Z,en,piper,Playing the first video.,0.9392,D:\Documents\FYP\Multimodal_Assistant\Voice_Architecture\TTS\audio\out_piper_en.wav,ok,
2026-07-07T08:34:49Z,en,piper,Volume down.,0.8619,D:\Documents\FYP\Multimodal_Assistant\Voice_Architecture\TTS\audio\out_piper_en.wav,ok,
2026-07-07T08:35:03Z,en,piper,Paused.,0.7369,D:\Documents\FYP\Multimodal_Assistant\Voice_Architecture\TTS\audio\out_piper_en.wav,ok,
2026-07-07T08:35:10Z,en,piper,Opening gesture control,0.7853,D:\Documents\FYP\Multimodal_Assistant\Voice_Architecture\TTS\audio\out_piper_en.wav,ok,
2026-07-07T08:35:47Z,en,piper,Session stopped.,0.6981,D:\Documents\FYP\Multimodal_Assistant\Voice_Architecture\TTS\audio\out_piper_en.wav,ok,
2026-07-07T08:42:34Z,en,piper,"Good morning Shanyue. You're interacting with me, your voice assistant.",0.7872,D:\Documents\FYP\Multimodal_Assistant\Voice_Architecture\TTS\audio\out_piper_en.wav,ok,
2026-07-07T08:42:46Z,en,piper,The time is 16:42:46.,0.6562,D:\Documents\FYP\Multimodal_Assistant\Voice_Architecture\TTS\audio\out_piper_en.wav,ok,
2026-07-07T08:42:59Z,en,piper,"The invention of the calculator is credited to Blaise Pascal, who created the Pascaline in 1642, and Gottfried Wilhelm Leibniz, who developed the first mechanical calculator in 1671.",1.6062,D:\Documents\FYP\Multimodal_Assistant\Voice_Architecture\TTS\audio\out_piper_en.wav,ok,
2026-07-07T08:43:23Z,en,piper,Opening Notepad now.,0.7534,D:\Documents\FYP\Multimodal_Assistant\Voice_Architecture\TTS\audio\out_piper_en.wav,ok,
2026-07-07T08:44:01Z,zh,edge-tts,今天是 2026-07-07。,1.4549,D:\Documents\FYP\Multimodal_Assistant\Voice_Architecture\TTS\audio\out_edge_zh.mp3,ok,played directly
2026-07-07T08:44:15Z,zh,edge-tts,"Shanyue, 1 + 1 等于 2。",1.4146,D:\Documents\FYP\Multimodal_Assistant\Voice_Architecture\TTS\audio\out_edge_zh.mp3,ok,played directly
2026-07-07T08:45:25Z,en,piper,Automation is running on YouTube.,1.0595,D:\Documents\FYP\Multimodal_Assistant\Voice_Architecture\TTS\audio\out_piper_en.wav,ok,
2026-07-07T08:45:38Z,en,piper,Done.,0.8146,D:\Documents\FYP\Multimodal_Assistant\Voice_Architecture\TTS\audio\out_piper_en.wav,ok,
2026-07-07T08:45:47Z,en,piper,Playing the first video.,1.0898,D:\Documents\FYP\Multimodal_Assistant\Voice_Architecture\TTS\audio\out_piper_en.wav,ok,
2026-07-07T08:46:03Z,en,piper,Volume down.,0.9467,D:\Documents\FYP\Multimodal_Assistant\Voice_Architecture\TTS\audio\out_piper_en.wav,ok,
2026-07-07T08:46:11Z,en,piper,Volume up.,0.7496,D:\Documents\FYP\Multimodal_Assistant\Voice_Architecture\TTS\audio\out_piper_en.wav,ok,
2026-07-07T08:46:19Z,en,piper,Paused.,0.6524,D:\Documents\FYP\Multimodal_Assistant\Voice_Architecture\TTS\audio\out_piper_en.wav,ok,
2026-07-07T08:46:28Z,en,piper,Opening gesture control,0.8060,D:\Documents\FYP\Multimodal_Assistant\Voice_Architecture\TTS\audio\out_piper_en.wav,ok,
2026-07-07T08:47:12Z,en,piper,Session stopped.,0.6917,D:\Documents\FYP\Multimodal_Assistant\Voice_Architecture\TTS\audio\out_piper_en.wav,ok,
2026-07-07T08:48:16Z,en,piper,"Good evening Shanyue. I'm not aware of any specific information about you, but I'm here to help with any questions or tasks you may have.",0.9267,D:\Documents\FYP\Multimodal_Assistant\Voice_Architecture\TTS\audio\out_piper_en.wav,ok,
2026-07-07T08:48:31Z,en,piper,The time is 16:48:31.,0.6224,D:\Documents\FYP\Multimodal_Assistant\Voice_Architecture\TTS\audio\out_piper_en.wav,ok,
2026-07-07T08:48:43Z,en,piper,"The calculator was invented by Charles Babbage, an English mathematician, in the early 19th century.",0.7921,D:\Documents\FYP\Multimodal_Assistant\Voice_Architecture\TTS\audio\out_piper_en.wav,ok,
2026-07-07T08:48:57Z,en,piper,Opening Notepad now.,0.6574,D:\Documents\FYP\Multimodal_Assistant\Voice_Architecture\TTS\audio\out_piper_en.wav,ok,
2026-07-07T08:49:25Z,zh,edge-tts,今天是 2026-07-07。,1.2586,D:\Documents\FYP\Multimodal_Assistant\Voice_Architecture\TTS\audio\out_edge_zh.mp3,ok,played directly
2026-07-07T08:49:38Z,zh,edge-tts,"Shanyue, 1 + 1 = 2。",1.3492,D:\Documents\FYP\Multimodal_Assistant\Voice_Architecture\TTS\audio\out_edge_zh.mp3,ok,played directly
2026-07-07T08:50:55Z,en,piper,Automation is running on YouTube.,0.9159,D:\Documents\FYP\Multimodal_Assistant\Voice_Architecture\TTS\audio\out_piper_en.wav,ok,
2026-07-07T08:51:08Z,en,piper,Done.,0.7535,D:\Documents\FYP\Multimodal_Assistant\Voice_Architecture\TTS\audio\out_piper_en.wav,ok,
2026-07-07T08:51:18Z,en,piper,Playing the first video.,0.9744,D:\Documents\FYP\Multimodal_Assistant\Voice_Architecture\TTS\audio\out_piper_en.wav,ok,
2026-07-07T08:51:33Z,en,piper,Volume down.,0.9038,D:\Documents\FYP\Multimodal_Assistant\Voice_Architecture\TTS\audio\out_piper_en.wav,ok,
2026-07-07T08:51:42Z,en,piper,Paused.,0.8632,D:\Documents\FYP\Multimodal_Assistant\Voice_Architecture\TTS\audio\out_piper_en.wav,ok,
2026-07-07T08:51:49Z,en,piper,Opening gesture control,0.7677,D:\Documents\FYP\Multimodal_Assistant\Voice_Architecture\TTS\audio\out_piper_en.wav,ok,
2026-07-07T08:52:56Z,en,piper,Resumed.,0.7862,D:\Documents\FYP\Multimodal_Assistant\Voice_Architecture\TTS\audio\out_piper_en.wav,ok,
2026-07-07T08:53:04Z,en,piper,"I did not understand, please try the following commands.",0.9253,D:\Documents\FYP\Multimodal_Assistant\Voice_Architecture\TTS\audio\out_piper_en.wav,ok,
2026-07-07T08:53:15Z,en,piper,Paused.,0.6563,D:\Documents\FYP\Multimodal_Assistant\Voice_Architecture\TTS\audio\out_piper_en.wav,ok,
2026-07-07T08:53:22Z,en,piper,Session stopped.,0.7140,D:\Documents\FYP\Multimodal_Assistant\Voice_Architecture\TTS\audio\out_piper_en.wav,ok,
2026-07-07T08:54:28Z,en,piper,Automation is running on WhatsApp.,0.6211,D:\Documents\FYP\Multimodal_Assistant\Voice_Architecture\TTS\audio\out_piper_en.wav,ok,
2026-07-07T08:54:37Z,en,piper,Selected the chat.,0.8159,D:\Documents\FYP\Multimodal_Assistant\Voice_Architecture\TTS\audio\out_piper_en.wav,ok,
2026-07-07T08:54:47Z,en,piper,Search updated.,0.8542,D:\Documents\FYP\Multimodal_Assistant\Voice_Architecture\TTS\audio\out_piper_en.wav,ok,
2026-07-07T08:54:56Z,en,piper,Selected the chat.,0.7036,D:\Documents\FYP\Multimodal_Assistant\Voice_Architecture\TTS\audio\out_piper_en.wav,ok,
2026-07-07T08:55:05Z,en,piper,Typed.,0.7131,D:\Documents\FYP\Multimodal_Assistant\Voice_Architecture\TTS\audio\out_piper_en.wav,ok,
2026-07-07T08:55:13Z,en,piper,Cleared the message.,0.6871,D:\Documents\FYP\Multimodal_Assistant\Voice_Architecture\TTS\audio\out_piper_en.wav,ok,
2026-07-07T08:55:22Z,en,piper,Typed.,0.4948,D:\Documents\FYP\Multimodal_Assistant\Voice_Architecture\TTS\audio\out_piper_en.wav,ok,
2026-07-07T08:55:30Z,en,piper,Sent.,0.7792,D:\Documents\FYP\Multimodal_Assistant\Voice_Architecture\TTS\audio\out_piper_en.wav,ok,
2026-07-07T08:55:43Z,en,piper,Session stopped.,0.5307,D:\Documents\FYP\Multimodal_Assistant\Voice_Architecture\TTS\audio\out_piper_en.wav,ok,
2026-07-07T08:56:11Z,en,piper,Opening gesture control,0.5868,D:\Documents\FYP\Multimodal_Assistant\Voice_Architecture\TTS\audio\out_piper_en.wav,ok,
2026-07-07T09:20:53Z,en,piper,"Good evening Shanyue, I'm here to assist you. I don't have any prior information about your identity.",0.9194,D:\Documents\FYP\Multimodal_Assistant\Voice_Architecture\TTS\audio\out_piper_en.wav,ok,
2026-07-07T09:21:07Z,en,piper,The time is 17:21:07.,0.6656,D:\Documents\FYP\Multimodal_Assistant\Voice_Architecture\TTS\audio\out_piper_en.wav,ok,
2026-07-07T09:21:20Z,en,piper,"The invention of the calculator is credited to Blaise Pascal, who created the Pascaline in 1642.",0.8519,D:\Documents\FYP\Multimodal_Assistant\Voice_Architecture\TTS\audio\out_piper_en.wav,ok,
2026-07-07T09:21:35Z,en,piper,Opening Notepad now.,0.6694,D:\Documents\FYP\Multimodal_Assistant\Voice_Architecture\TTS\audio\out_piper_en.wav,ok,
2026-07-07T09:22:04Z,zh,edge-tts,今天是 2026-07-07。,1.4862,D:\Documents\FYP\Multimodal_Assistant\Voice_Architecture\TTS\audio\out_edge_zh.mp3,ok,played directly
2026-07-07T09:22:18Z,zh,edge-tts,一加一等于二。,1.1346,D:\Documents\FYP\Multimodal_Assistant\Voice_Architecture\TTS\audio\out_edge_zh.mp3,ok,played directly
2026-07-07T09:23:23Z,en,piper,Automation is running on YouTube.,0.8849,D:\Documents\FYP\Multimodal_Assistant\Voice_Architecture\TTS\audio\out_piper_en.wav,ok,
2026-07-07T09:23:36Z,en,piper,Done.,0.7896,D:\Documents\FYP\Multimodal_Assistant\Voice_Architecture\TTS\audio\out_piper_en.wav,ok,
2026-07-07T09:23:47Z,en,piper,Playing the first video.,0.9603,D:\Documents\FYP\Multimodal_Assistant\Voice_Architecture\TTS\audio\out_piper_en.wav,ok,
2026-07-07T09:24:01Z,en,piper,Volume up.,0.9477,D:\Documents\FYP\Multimodal_Assistant\Voice_Architecture\TTS\audio\out_piper_en.wav,ok,
2026-07-07T09:24:16Z,en,piper,Volume down.,1.0815,D:\Documents\FYP\Multimodal_Assistant\Voice_Architecture\TTS\audio\out_piper_en.wav,ok,
2026-07-07T09:24:24Z,en,piper,Paused.,0.7558,D:\Documents\FYP\Multimodal_Assistant\Voice_Architecture\TTS\audio\out_piper_en.wav,ok,
2026-07-07T09:24:32Z,en,piper,Session stopped.,0.6516,D:\Documents\FYP\Multimodal_Assistant\Voice_Architecture\TTS\audio\out_piper_en.wav,ok,
2026-07-07T09:25:42Z,en,piper,Good evening Shanyue. I don't have any information about your identity.,0.7019,D:\Documents\FYP\Multimodal_Assistant\Voice_Architecture\TTS\audio\out_piper_en.wav,ok,
2026-07-07T09:25:54Z,en,piper,The time is 17:25:54.,0.6322,D:\Documents\FYP\Multimodal_Assistant\Voice_Architecture\TTS\audio\out_piper_en.wav,ok,
2026-07-07T09:26:06Z,en,piper,"The calculator was invented by Charles Babbage, an English mathematician, in the early 19th century.",0.8448,D:\Documents\FYP\Multimodal_Assistant\Voice_Architecture\TTS\audio\out_piper_en.wav,ok,
2026-07-07T09:26:20Z,en,piper,Opening Notepad now.,0.7581,D:\Documents\FYP\Multimodal_Assistant\Voice_Architecture\TTS\audio\out_piper_en.wav,ok,
2026-07-07T09:26:47Z,zh,edge-tts,今天是 2026-07-07。,1.2511,D:\Documents\FYP\Multimodal_Assistant\Voice_Architecture\TTS\audio\out_edge_zh.mp3,ok,played directly
2026-07-07T09:27:00Z,zh,edge-tts,"Shanyue, 一加一等于二。",1.3806,D:\Documents\FYP\Multimodal_Assistant\Voice_Architecture\TTS\audio\out_edge_zh.mp3,ok,played directly
2026-07-07T09:28:35Z,en,piper,Automation is running on YouTube.,0.9798,D:\Documents\FYP\Multimodal_Assistant\Voice_Architecture\TTS\audio\out_piper_en.wav,ok,
2026-07-07T09:28:48Z,en,piper,Done.,0.6811,D:\Documents\FYP\Multimodal_Assistant\Voice_Architecture\TTS\audio\out_piper_en.wav,ok,
2026-07-07T09:29:00Z,en,piper,Done.,0.6789,D:\Documents\FYP\Multimodal_Assistant\Voice_Architecture\TTS\audio\out_piper_en.wav,ok,
2026-07-07T09:29:09Z,en,piper,Playing the first video.,1.0187,D:\Documents\FYP\Multimodal_Assistant\Voice_Architecture\TTS\audio\out_piper_en.wav,ok,
2026-07-07T09:29:19Z,en,piper,Volume down.,0.8497,D:\Documents\FYP\Multimodal_Assistant\Voice_Architecture\TTS\audio\out_piper_en.wav,ok,
2026-07-07T09:29:28Z,en,piper,Volume up.,0.9031,D:\Documents\FYP\Multimodal_Assistant\Voice_Architecture\TTS\audio\out_piper_en.wav,ok,
2026-07-07T09:29:36Z,en,piper,Paused.,0.6883,D:\Documents\FYP\Multimodal_Assistant\Voice_Architecture\TTS\audio\out_piper_en.wav,ok,
2026-07-07T09:29:44Z,en,piper,Opening gesture control,0.8718,D:\Documents\FYP\Multimodal_Assistant\Voice_Architecture\TTS\audio\out_piper_en.wav,ok,
2026-07-07T09:31:32Z,en,piper,Resumed.,0.8640,D:\Documents\FYP\Multimodal_Assistant\Voice_Architecture\TTS\audio\out_piper_en.wav,ok,
2026-07-07T09:31:40Z,en,piper,Paused.,0.6925,D:\Documents\FYP\Multimodal_Assistant\Voice_Architecture\TTS\audio\out_piper_en.wav,ok,
2026-07-07T09:31:48Z,en,piper,Session stopped.,0.7117,D:\Documents\FYP\Multimodal_Assistant\Voice_Architecture\TTS\audio\out_piper_en.wav,ok,
2026-07-07T09:32:41Z,zh,edge-tts,自动化运行中在 谷歌地图,2.2664,D:\Documents\FYP\Multimodal_Assistant\Voice_Architecture\TTS\audio\out_edge_zh.mp3,ok,played directly
2026-07-07T09:32:53Z,zh,edge-tts,完成。,1.9435,D:\Documents\FYP\Multimodal_Assistant\Voice_Architecture\TTS\audio\out_edge_zh.mp3,ok,played directly
2026-07-07T09:33:05Z,zh,edge-tts,完成。,1.9968,D:\Documents\FYP\Multimodal_Assistant\Voice_Architecture\TTS\audio\out_edge_zh.mp3,ok,played directly
2026-07-07T09:33:15Z,zh,edge-tts,已结束会话。,2.0998,D:\Documents\FYP\Multimodal_Assistant\Voice_Architecture\TTS\audio\out_edge_zh.mp3,ok,played directly
2026-07-07T09:33:52Z,en,piper,Automation is running on WhatsApp.,0.6370,D:\Documents\FYP\Multimodal_Assistant\Voice_Architecture\TTS\audio\out_piper_en.wav,ok,
2026-07-07T09:34:03Z,en,piper,Selected the chat.,0.7863,D:\Documents\FYP\Multimodal_Assistant\Voice_Architecture\TTS\audio\out_piper_en.wav,ok,
2026-07-07T09:34:13Z,en,piper,Search updated.,0.8020,D:\Documents\FYP\Multimodal_Assistant\Voice_Architecture\TTS\audio\out_piper_en.wav,ok,
2026-07-07T09:34:22Z,en,piper,Selected the chat.,0.6578,D:\Documents\FYP\Multimodal_Assistant\Voice_Architecture\TTS\audio\out_piper_en.wav,ok,
2026-07-07T09:34:31Z,en,piper,Typed.,0.6680,D:\Documents\FYP\Multimodal_Assistant\Voice_Architecture\TTS\audio\out_piper_en.wav,ok,
2026-07-07T09:34:39Z,en,piper,Cleared the message.,0.5395,D:\Documents\FYP\Multimodal_Assistant\Voice_Architecture\TTS\audio\out_piper_en.wav,ok,
2026-07-07T09:34:48Z,en,piper,Typed.,0.5038,D:\Documents\FYP\Multimodal_Assistant\Voice_Architecture\TTS\audio\out_piper_en.wav,ok,
2026-07-07T09:34:56Z,en,piper,Sent.,0.8251,D:\Documents\FYP\Multimodal_Assistant\Voice_Architecture\TTS\audio\out_piper_en.wav,ok,
2026-07-07T09:35:05Z,en,piper,Session stopped.,0.5725,D:\Documents\FYP\Multimodal_Assistant\Voice_Architecture\TTS\audio\out_piper_en.wav,ok,
2026-07-07T09:35:35Z,en,piper,Opening gesture control,0.6430,D:\Documents\FYP\Multimodal_Assistant\Voice_Architecture\TTS\audio\out_piper_en.wav,ok,
2026-07-07T09:36:49Z,en,piper,Opening gesture control,0.6035,D:\Documents\FYP\Multimodal_Assistant\Voice_Architecture\TTS\audio\out_piper_en.wav,ok,
2026-07-07T10:07:24Z,en,piper,Opening gesture control,0.7745,D:\Documents\FYP\Multimodal_Assistant\Voice_Architecture\TTS\audio\out_piper_en.wav,ok,
2026-07-07T10:08:28Z,en,piper,Opening gesture control,0.7550,D:\Documents\FYP\Multimodal_Assistant\Voice_Architecture\TTS\audio\out_piper_en.wav,ok,
2026-07-07T10:15:52Z,en,piper,Opening gesture control,0.7668,D:\Documents\FYP\Multimodal_Assistant\Voice_Architecture\TTS\audio\out_piper_en.wav,ok,
2026-07-07T10:17:39Z,en,piper,Opening gesture control,0.6867,D:\Documents\FYP\Multimodal_Assistant\Voice_Architecture\TTS\audio\out_piper_en.wav,ok,
2026-07-07T10:18:45Z,en,piper,Opening gesture control,0.7172,D:\Documents\FYP\Multimodal_Assistant\Voice_Architecture\TTS\audio\out_piper_en.wav,ok,
2026-07-07T10:21:55Z,en,piper,"You're welcome, Shanyue. I'm here to assist you. How can I help today?",0.8893,D:\Documents\FYP\Multimodal_Assistant\Voice_Architecture\TTS\audio\out_piper_en.wav,ok,
2026-07-07T10:26:32Z,en,piper,Opening gesture control,0.7048,D:\Documents\FYP\Multimodal_Assistant\Voice_Architecture\TTS\audio\out_piper_en.wav,ok,
2026-07-07T10:29:37Z,en,piper,"I didn't match a system command. You can say: set a timer, take a screenshot, open YouTube, or search the web.",1.1559,D:\Documents\FYP\Multimodal_Assistant\Voice_Architecture\TTS\audio\out_piper_en.wav,ok,
2026-07-07T10:29:54Z,en,piper,"You're welcome, Shanyue. I'm here to help. What can I assist you with today?",0.8338,D:\Documents\FYP\Multimodal_Assistant\Voice_Architecture\TTS\audio\out_piper_en.wav,ok,
2026-07-07T10:30:23Z,en,piper,"You're welcome, Shanyue. I'm here to help. What can I assist you with today?",0.8081,D:\Documents\FYP\Multimodal_Assistant\Voice_Architecture\TTS\audio\out_piper_en.wav,ok,
2026-07-13T06:00:10Z,en,piper,"Good morning. I'm functioning properly, thank you for asking. How can I assist you today?",1.2371,D:\Documents\FYP\Multimodal_Assistant\Voice_Architecture\TTS\audio\out_piper_en.wav,ok,
2026-07-13T06:00:49Z,en,piper,"I'm functioning within normal parameters, Shanyue. Everything seems to be working smoothly.",0.8238,D:\Documents\FYP\Multimodal_Assistant\Voice_Architecture\TTS\audio\out_piper_en.wav,ok,
2026-07-13T06:01:03Z,en,piper,"I'm functioning within normal parameters, Shanyue. Everything seems to be working smoothly.",0.8143,D:\Documents\FYP\Multimodal_Assistant\Voice_Architecture\TTS\audio\out_piper_en.wav,ok,
2026-07-13T06:01:17Z,en,piper,"Hello, how can I assist you today?",0.6070,D:\Documents\FYP\Multimodal_Assistant\Voice_Architecture\TTS\audio\out_piper_en.wav,ok,
2026-07-13T06:02:30Z,en,piper,Opening gesture control,0.6535,D:\Documents\FYP\Multimodal_Assistant\Voice_Architecture\TTS\audio\out_piper_en.wav,ok,
2026-07-13T06:04:03Z,en,piper,"I didn't match a system command. You can say: set a timer, take a screenshot, open YouTube, or search the web.",1.2058,D:\Documents\FYP\Multimodal_Assistant\Voice_Architecture\TTS\audio\out_piper_en.wav,ok,
2026-07-13T06:04:39Z,en,piper,"I didn't match a system command. You can say: set a timer, take a screenshot, open YouTube, or search the web.",0.8644,D:\Documents\FYP\Multimodal_Assistant\Voice_Architecture\TTS\audio\out_piper_en.wav,ok,
2026-07-13T06:04:56Z,en,piper,"I didn't match a system command. You can say: set a timer, take a screenshot, open YouTube, or search the web.",0.8976,D:\Documents\FYP\Multimodal_Assistant\Voice_Architecture\TTS\audio\out_piper_en.wav,ok,
2026-07-13T06:05:12Z,en,piper,"You're welcome, Shanyue. I'm here to assist you. How can I help today?",0.6605,D:\Documents\FYP\Multimodal_Assistant\Voice_Architecture\TTS\audio\out_piper_en.wav,ok,
2026-07-13T06:05:35Z,en,piper,Automation is running on WhatsApp.,0.5273,D:\Documents\FYP\Multimodal_Assistant\Voice_Architecture\TTS\audio\out_piper_en.wav,ok,
2026-07-13T06:05:44Z,en,piper,Selected the chat.,0.5613,D:\Documents\FYP\Multimodal_Assistant\Voice_Architecture\TTS\audio\out_piper_en.wav,ok,
2026-07-13T06:05:53Z,en,piper,Search updated.,0.6549,D:\Documents\FYP\Multimodal_Assistant\Voice_Architecture\TTS\audio\out_piper_en.wav,ok,
2026-07-13T06:06:02Z,en,piper,Selected the chat.,0.6532,D:\Documents\FYP\Multimodal_Assistant\Voice_Architecture\TTS\audio\out_piper_en.wav,ok,
2026-07-13T06:06:10Z,en,piper,Session stopped.,0.5083,D:\Documents\FYP\Multimodal_Assistant\Voice_Architecture\TTS\audio\out_piper_en.wav,ok,
2026-07-13T06:43:48Z,en,piper,"Good morning, how can I assist you today?",0.7059,D:\Documents\FYP\Multimodal_Assistant\Voice_Architecture\TTS\audio\out_piper_en.wav,ok,
2026-07-13T07:01:29Z,en,piper,Timer set for 10 seconds.,0.6077,D:\Documents\FYP\Multimodal_Assistant\Voice_Architecture\TTS\audio\out_piper_en.wav,ok,
2026-07-13T09:16:41Z,en,piper,"Good morning, I'm functioning properly. Today is indeed Friday.",0.7579,D:\Documents\FYP\Multimodal_Assistant\Voice_Architecture\TTS\audio\out_piper_en.wav,ok,
2026-07-13T09:16:58Z,en,piper,The time is 17:16:58.,0.5943,D:\Documents\FYP\Multimodal_Assistant\Voice_Architecture\TTS\audio\out_piper_en.wav,ok,
2026-07-13T09:17:15Z,en,piper,"The invention of the microscope is credited to Zacharias Janssen, a Dutch spectacle maker, in the late 16th century.",0.8432,D:\Documents\FYP\Multimodal_Assistant\Voice_Architecture\TTS\audio\out_piper_en.wav,ok,
2026-07-13T09:17:31Z,en,piper,Opening Notepad now.,0.5409,D:\Documents\FYP\Multimodal_Assistant\Voice_Architecture\TTS\audio\out_piper_en.wav,ok,
2026-07-13T09:18:13Z,zh,edge-tts,今天是 2026-07-13。,2.3313,D:\Documents\FYP\Multimodal_Assistant\Voice_Architecture\TTS\audio\out_edge_zh.mp3,ok,played directly
2026-07-13T09:18:27Z,zh,edge-tts,Shanyue，1 加 1 等于 2。,1.2692,D:\Documents\FYP\Multimodal_Assistant\Voice_Architecture\TTS\audio\out_edge_zh.mp3,ok,played directly
2026-07-13T09:19:45Z,en,piper,"Hello, how can I assist you today?",0.5651,D:\Documents\FYP\Multimodal_Assistant\Voice_Architecture\TTS\audio\out_piper_en.wav,ok,
2026-07-13T12:13:56Z,en,piper,"I think there might be a calculation error. 3 * 3 equals 9, not 2.",0.9681,D:\Documents\FYP\Multimodal_Assistant\Voice_Architecture\TTS\audio\out_piper_en.wav,ok,
2026-07-13T12:14:18Z,en,piper,The answer to 3 is 3.,0.8706,D:\Documents\FYP\Multimodal_Assistant\Voice_Architecture\TTS\audio\out_piper_en.wav,ok,
2026-07-13T12:14:29Z,en,piper,The answer to 3 * 2 is 6.,0.7288,D:\Documents\FYP\Multimodal_Assistant\Voice_Architecture\TTS\audio\out_piper_en.wav,ok,
2026-07-13T12:58:19Z,en,piper,"Good morning. I'm functioning properly, thank you for asking.",0.7240,D:\Documents\FYP\Multimodal_Assistant\Voice_Architecture\TTS\audio\out_piper_en.wav,ok,
2026-07-13T12:58:36Z,en,piper,The time is 20:58:36.,0.5929,D:\Documents\FYP\Multimodal_Assistant\Voice_Architecture\TTS\audio\out_piper_en.wav,ok,
2026-07-13T12:58:52Z,en,piper,Opening Notepad now.,0.5574,D:\Documents\FYP\Multimodal_Assistant\Voice_Architecture\TTS\audio\out_piper_en.wav,ok,
2026-07-13T12:59:32Z,zh,edge-tts,今天是 2026-07-13。,1.7369,D:\Documents\FYP\Multimodal_Assistant\Voice_Architecture\TTS\audio\out_edge_zh.mp3,ok,played directly
2026-07-13T12:59:47Z,zh,edge-tts,好的，Shanyue。1+1等于2。,1.5719,D:\Documents\FYP\Multimodal_Assistant\Voice_Architecture\TTS\audio\out_edge_zh.mp3,ok,played directly
2026-07-13T13:01:36Z,en,piper,Automation is running on YouTube.,0.8512,D:\Documents\FYP\Multimodal_Assistant\Voice_Architecture\TTS\audio\out_piper_en.wav,ok,
2026-07-13T13:01:45Z,en,piper,"I did not understand, please try the following commands.",0.7796,D:\Documents\FYP\Multimodal_Assistant\Voice_Architecture\TTS\audio\out_piper_en.wav,ok,
2026-07-13T13:01:59Z,en,piper,Done.,0.5945,D:\Documents\FYP\Multimodal_Assistant\Voice_Architecture\TTS\audio\out_piper_en.wav,ok,
2026-07-13T13:02:09Z,en,piper,Playing the first video.,0.7496,D:\Documents\FYP\Multimodal_Assistant\Voice_Architecture\TTS\audio\out_piper_en.wav,ok,
2026-07-13T13:02:25Z,en,piper,Paused.,0.5770,D:\Documents\FYP\Multimodal_Assistant\Voice_Architecture\TTS\audio\out_piper_en.wav,ok,
2026-07-13T13:02:32Z,en,piper,Opening gesture control,0.6098,D:\Documents\FYP\Multimodal_Assistant\Voice_Architecture\TTS\audio\out_piper_en.wav,ok,
2026-07-13T13:03:01Z,en,piper,Session stopped.,0.6587,D:\Documents\FYP\Multimodal_Assistant\Voice_Architecture\TTS\audio\out_piper_en.wav,ok,
2026-07-13T13:50:42Z,en,piper,"Good morning. I'm functioning properly, thank you for asking. How can I assist you today?",0.7948,D:\Documents\FYP\Multimodal_Assistant\Voice_Architecture\TTS\audio\out_piper_en.wav,ok,
2026-07-13T13:50:56Z,en,piper,The time is 21:50:56.,0.5794,D:\Documents\FYP\Multimodal_Assistant\Voice_Architecture\TTS\audio\out_piper_en.wav,ok,
2026-07-13T13:51:08Z,en,piper,"The origin of the school bag is often attributed to the French, who used canvas bags to carry books in the 18th century.",0.8825,D:\Documents\FYP\Multimodal_Assistant\Voice_Architecture\TTS\audio\out_piper_en.wav,ok,
2026-07-13T13:51:24Z,en,piper,Opening Notepad now.,0.6324,D:\Documents\FYP\Multimodal_Assistant\Voice_Architecture\TTS\audio\out_piper_en.wav,ok,
2026-07-13T13:52:17Z,zh,edge-tts,今天是 2026-07-13。,1.3160,D:\Documents\FYP\Multimodal_Assistant\Voice_Architecture\TTS\audio\out_edge_zh.mp3,ok,played directly
2026-07-13T13:52:32Z,zh,edge-tts,未识别为系统指令。你可以说：计时、截图、打开 YouTube、或网页搜索。,1.5543,D:\Documents\FYP\Multimodal_Assistant\Voice_Architecture\TTS\audio\out_edge_zh.mp3,ok,played directly
2026-07-13T13:52:50Z,zh,edge-tts,"Shanyue, 两加两等于四。",1.7470,D:\Documents\FYP\Multimodal_Assistant\Voice_Architecture\TTS\audio\out_edge_zh.mp3,ok,played directly
2026-07-13T13:53:58Z,zh,edge-tts,自动化运行中在 YouTube,1.4409,D:\Documents\FYP\Multimodal_Assistant\Voice_Architecture\TTS\audio\out_edge_zh.mp3,ok,played directly
2026-07-13T13:54:15Z,zh,edge-tts,我不明白，请尝试以下命令。,1.6074,D:\Documents\FYP\Multimodal_Assistant\Voice_Architecture\TTS\audio\out_edge_zh.mp3,ok,played directly
2026-07-13T13:54:27Z,zh,edge-tts,已结束会话。,1.3636,D:\Documents\FYP\Multimodal_Assistant\Voice_Architecture\TTS\audio\out_edge_zh.mp3,ok,played directly
2026-07-13T13:54:41Z,en,piper,Automation is running on YouTube.,0.8527,D:\Documents\FYP\Multimodal_Assistant\Voice_Architecture\TTS\audio\out_piper_en.wav,ok,
2026-07-13T13:54:50Z,en,piper,"I did not understand, please try the following commands.",0.6363,D:\Documents\FYP\Multimodal_Assistant\Voice_Architecture\TTS\audio\out_piper_en.wav,ok,
2026-07-13T13:55:04Z,en,piper,Done.,0.4907,D:\Documents\FYP\Multimodal_Assistant\Voice_Architecture\TTS\audio\out_piper_en.wav,ok,
2026-07-13T13:55:13Z,en,piper,Playing the first video.,0.6115,D:\Documents\FYP\Multimodal_Assistant\Voice_Architecture\TTS\audio\out_piper_en.wav,ok,
2026-07-13T13:55:27Z,en,piper,Paused.,0.5099,D:\Documents\FYP\Multimodal_Assistant\Voice_Architecture\TTS\audio\out_piper_en.wav,ok,
2026-07-13T13:55:34Z,en,piper,Resumed.,0.5654,D:\Documents\FYP\Multimodal_Assistant\Voice_Architecture\TTS\audio\out_piper_en.wav,ok,
2026-07-13T13:55:43Z,en,piper,Volume up.,0.6182,D:\Documents\FYP\Multimodal_Assistant\Voice_Architecture\TTS\audio\out_piper_en.wav,ok,
2026-07-13T13:55:50Z,en,piper,"I did not understand, please try the following commands.",0.6492,D:\Documents\FYP\Multimodal_Assistant\Voice_Architecture\TTS\audio\out_piper_en.wav,ok,
2026-07-13T13:56:01Z,en,piper,Volume down.,0.7104,D:\Documents\FYP\Multimodal_Assistant\Voice_Architecture\TTS\audio\out_piper_en.wav,ok,
2026-07-13T13:56:09Z,en,piper,Paused.,0.4688,D:\Documents\FYP\Multimodal_Assistant\Voice_Architecture\TTS\audio\out_piper_en.wav,ok,
2026-07-13T13:56:16Z,en,piper,Session stopped.,0.4950,D:\Documents\FYP\Multimodal_Assistant\Voice_Architecture\TTS\audio\out_piper_en.wav,ok,
2026-07-13T14:01:37Z,en,piper,"I'm functioning properly, thank you for asking. How can I assist you today?",0.6713,D:\Documents\FYP\Multimodal_Assistant\Voice_Architecture\TTS\audio\out_piper_en.wav,ok,
2026-07-13T14:01:49Z,en,piper,The time is 22:01:49.,0.5544,D:\Documents\FYP\Multimodal_Assistant\Voice_Architecture\TTS\audio\out_piper_en.wav,ok,
2026-07-13T14:02:00Z,en,piper,"The invention of the school bag is credited to the Chinese during the Han Dynasty, around 100 BC.",0.8036,D:\Documents\FYP\Multimodal_Assistant\Voice_Architecture\TTS\audio\out_piper_en.wav,ok,
2026-07-13T14:02:15Z,en,piper,Opening Notepad now.,0.6035,D:\Documents\FYP\Multimodal_Assistant\Voice_Architecture\TTS\audio\out_piper_en.wav,ok,
2026-07-13T14:02:56Z,zh,edge-tts,您好，今天是 2024 年 7 月 13 日。,1.4129,D:\Documents\FYP\Multimodal_Assistant\Voice_Architecture\TTS\audio\out_edge_zh.mp3,ok,played directly
2026-07-13T14:03:17Z,zh,edge-tts,好啊，Shanyue。当前时间是 14:30。,1.5227,D:\Documents\FYP\Multimodal_Assistant\Voice_Architecture\TTS\audio\out_edge_zh.mp3,ok,played directly
2026-07-13T14:03:44Z,en,piper,"Hello, I'm here to help.",0.5193,D:\Documents\FYP\Multimodal_Assistant\Voice_Architecture\TTS\audio\out_piper_en.wav,ok,
2026-07-13T14:03:58Z,zh,edge-tts,您可以称呼我为小助手。,1.3102,D:\Documents\FYP\Multimodal_Assistant\Voice_Architecture\TTS\audio\out_edge_zh.mp3,ok,played directly
2026-07-13T14:04:12Z,zh,edge-tts,Shanyue，答案是 2 + 2 = 4。,1.2651,D:\Documents\FYP\Multimodal_Assistant\Voice_Architecture\TTS\audio\out_edge_zh.mp3,ok,played directly
2026-07-13T14:07:15Z,en,piper,Automation is running on YouTube.,0.6998,D:\Documents\FYP\Multimodal_Assistant\Voice_Architecture\TTS\audio\out_piper_en.wav,ok,
2026-07-13T14:07:28Z,en,piper,Done.,0.4834,D:\Documents\FYP\Multimodal_Assistant\Voice_Architecture\TTS\audio\out_piper_en.wav,ok,
2026-07-13T14:07:37Z,en,piper,Playing the first video.,0.5811,D:\Documents\FYP\Multimodal_Assistant\Voice_Architecture\TTS\audio\out_piper_en.wav,ok,
2026-07-13T14:07:50Z,en,piper,"I did not understand, please try the following commands.",0.7027,D:\Documents\FYP\Multimodal_Assistant\Voice_Architecture\TTS\audio\out_piper_en.wav,ok,
2026-07-13T14:08:00Z,en,piper,"I did not understand, please try the following commands.",0.6424,D:\Documents\FYP\Multimodal_Assistant\Voice_Architecture\TTS\audio\out_piper_en.wav,ok,
2026-07-13T14:08:11Z,en,piper,Volume up.,0.6643,D:\Documents\FYP\Multimodal_Assistant\Voice_Architecture\TTS\audio\out_piper_en.wav,ok,
2026-07-13T14:08:18Z,en,piper,Paused.,0.4919,D:\Documents\FYP\Multimodal_Assistant\Voice_Architecture\TTS\audio\out_piper_en.wav,ok,
2026-07-13T14:08:26Z,en,piper,Opening gesture control,0.5352,D:\Documents\FYP\Multimodal_Assistant\Voice_Architecture\TTS\audio\out_piper_en.wav,ok,
2026-07-13T14:08:56Z,en,piper,Paused.,0.4832,D:\Documents\FYP\Multimodal_Assistant\Voice_Architecture\TTS\audio\out_piper_en.wav,ok,
2026-07-13T14:09:03Z,en,piper,Session stopped.,0.5353,D:\Documents\FYP\Multimodal_Assistant\Voice_Architecture\TTS\audio\out_piper_en.wav,ok,
2026-07-13T14:13:16Z,en,piper,Automation is running on WhatsApp.,0.5667,D:\Documents\FYP\Multimodal_Assistant\Voice_Architecture\TTS\audio\out_piper_en.wav,ok,
2026-07-13T14:13:25Z,en,piper,"I did not understand, please try the following commands.",0.7485,D:\Documents\FYP\Multimodal_Assistant\Voice_Architecture\TTS\audio\out_piper_en.wav,ok,
2026-07-13T14:13:35Z,en,piper,Selected the chat.,0.8964,D:\Documents\FYP\Multimodal_Assistant\Voice_Architecture\TTS\audio\out_piper_en.wav,ok,
2026-07-13T14:13:45Z,en,piper,Search updated.,0.6339,D:\Documents\FYP\Multimodal_Assistant\Voice_Architecture\TTS\audio\out_piper_en.wav,ok,
2026-07-13T14:13:59Z,en,piper,Selected the chat.,0.8366,D:\Documents\FYP\Multimodal_Assistant\Voice_Architecture\TTS\audio\out_piper_en.wav,ok,
2026-07-13T14:14:07Z,en,piper,"I did not understand, please try the following commands.",0.6892,D:\Documents\FYP\Multimodal_Assistant\Voice_Architecture\TTS\audio\out_piper_en.wav,ok,
2026-07-13T14:14:18Z,en,piper,"I did not understand, please try the following commands.",0.6019,D:\Documents\FYP\Multimodal_Assistant\Voice_Architecture\TTS\audio\out_piper_en.wav,ok,
2026-07-13T14:14:30Z,en,piper,Typed.,0.4532,D:\Documents\FYP\Multimodal_Assistant\Voice_Architecture\TTS\audio\out_piper_en.wav,ok,
2026-07-13T14:14:37Z,en,piper,Cleared the message.,0.5064,D:\Documents\FYP\Multimodal_Assistant\Voice_Architecture\TTS\audio\out_piper_en.wav,ok,
2026-07-13T14:14:45Z,en,piper,Session stopped.,0.5118,D:\Documents\FYP\Multimodal_Assistant\Voice_Architecture\TTS\audio\out_piper_en.wav,ok,
2026-07-13T14:57:13Z,en,piper,"I'm functioning properly, thank you for asking. How can I assist you today?",0.7561,D:\Documents\FYP\Multimodal_Assistant\Voice_Architecture\TTS\audio\out_piper_en.wav,ok,
2026-07-13T14:57:25Z,en,piper,"The invention of the school bag is often attributed to the French, who created a bag called a ""sac à dos"" in the 17th century.",0.8575,D:\Documents\FYP\Multimodal_Assistant\Voice_Architecture\TTS\audio\out_piper_en.wav,ok,
2026-07-13T14:57:49Z,en,piper,Opening Notepad now.,0.5867,D:\Documents\FYP\Multimodal_Assistant\Voice_Architecture\TTS\audio\out_piper_en.wav,ok,
2026-07-13T14:58:18Z,zh,edge-tts,"你好 Shanyue, 科学是指通过科学方法和证据来理解自然界和世界的知识体系。",2.3677,D:\Documents\FYP\Multimodal_Assistant\Voice_Architecture\TTS\audio\out_edge_zh.mp3,ok,played directly
2026-07-13T14:58:37Z,zh,edge-tts,"Shanyue, 两加两等于四。",1.4174,D:\Documents\FYP\Multimodal_Assistant\Voice_Architecture\TTS\audio\out_edge_zh.mp3,ok,played directly
2026-07-13T15:00:11Z,en,piper,Automation is running on YouTube.,0.8991,D:\Documents\FYP\Multimodal_Assistant\Voice_Architecture\TTS\audio\out_piper_en.wav,ok,
2026-07-13T15:00:24Z,en,piper,Done.,0.5948,D:\Documents\FYP\Multimodal_Assistant\Voice_Architecture\TTS\audio\out_piper_en.wav,ok,
2026-07-13T15:00:33Z,en,piper,Playing the first video.,0.6776,D:\Documents\FYP\Multimodal_Assistant\Voice_Architecture\TTS\audio\out_piper_en.wav,ok,
2026-07-13T15:00:42Z,en,piper,Volume up.,0.5529,D:\Documents\FYP\Multimodal_Assistant\Voice_Architecture\TTS\audio\out_piper_en.wav,ok,
2026-07-13T15:00:49Z,en,piper,Opening gesture control,0.5489,D:\Documents\FYP\Multimodal_Assistant\Voice_Architecture\TTS\audio\out_piper_en.wav,ok,
2026-07-13T15:01:16Z,en,piper,Resumed.,0.6279,D:\Documents\FYP\Multimodal_Assistant\Voice_Architecture\TTS\audio\out_piper_en.wav,ok,
2026-07-13T15:01:23Z,en,piper,Paused.,0.4813,D:\Documents\FYP\Multimodal_Assistant\Voice_Architecture\TTS\audio\out_piper_en.wav,ok,
2026-07-13T15:01:30Z,en,piper,Session stopped.,0.5020,D:\Documents\FYP\Multimodal_Assistant\Voice_Architecture\TTS\audio\out_piper_en.wav,ok,
2026-07-13T15:04:28Z,en,piper,Automation is running on WhatsApp.,0.6464,D:\Documents\FYP\Multimodal_Assistant\Voice_Architecture\TTS\audio\out_piper_en.wav,ok,
2026-07-13T15:04:38Z,en,piper,Selected the chat.,0.6386,D:\Documents\FYP\Multimodal_Assistant\Voice_Architecture\TTS\audio\out_piper_en.wav,ok,
2026-07-13T15:04:46Z,en,piper,Opening gesture control,0.6217,D:\Documents\FYP\Multimodal_Assistant\Voice_Architecture\TTS\audio\out_piper_en.wav,ok,
2026-07-13T15:05:15Z,en,piper,Session stopped.,0.5844,D:\Documents\FYP\Multimodal_Assistant\Voice_Architecture\TTS\audio\out_piper_en.wav,ok,
2026-07-13T15:26:09Z,en,piper,"Good morning. I'm functioning properly, thank you for asking. How can I assist you today?",0.7689,D:\Documents\FYP\Multimodal_Assistant\Voice_Architecture\TTS\audio\out_piper_en.wav,ok,
2026-07-13T15:26:24Z,en,piper,"The invention of the school bag is often attributed to the Chinese during the Han Dynasty, around 100 BC.",0.8033,D:\Documents\FYP\Multimodal_Assistant\Voice_Architecture\TTS\audio\out_piper_en.wav,ok,
2026-07-13T15:26:40Z,en,piper,Opening Notepad now.,0.5746,D:\Documents\FYP\Multimodal_Assistant\Voice_Architecture\TTS\audio\out_piper_en.wav,ok,
2026-07-13T15:27:20Z,zh,edge-tts,你好 Shanyue。科学是研究自然界和人类社会的方法和知识体系。,1.7117,D:\Documents\FYP\Multimodal_Assistant\Voice_Architecture\TTS\audio\out_edge_zh.mp3,ok,played directly
2026-07-13T15:27:38Z,zh,edge-tts,Shanyue，两个加起来是四。,1.3727,D:\Documents\FYP\Multimodal_Assistant\Voice_Architecture\TTS\audio\out_edge_zh.mp3,ok,played directly
2026-07-13T15:28:14Z,zh,edge-tts,"Shanyue, 520 乘以零等于零。",1.2673,D:\Documents\FYP\Multimodal_Assistant\Voice_Architecture\TTS\audio\out_edge_zh.mp3,ok,played directly
2026-07-13T15:30:36Z,en,piper,Automation is running on YouTube.,0.8003,D:\Documents\FYP\Multimodal_Assistant\Voice_Architecture\TTS\audio\out_piper_en.wav,ok,
2026-07-13T15:30:48Z,en,piper,Done.,0.5676,D:\Documents\FYP\Multimodal_Assistant\Voice_Architecture\TTS\audio\out_piper_en.wav,ok,
2026-07-13T15:30:57Z,en,piper,Playing the first video.,0.6628,D:\Documents\FYP\Multimodal_Assistant\Voice_Architecture\TTS\audio\out_piper_en.wav,ok,
2026-07-13T15:31:06Z,en,piper,Volume up.,0.6560,D:\Documents\FYP\Multimodal_Assistant\Voice_Architecture\TTS\audio\out_piper_en.wav,ok,
2026-07-13T15:31:14Z,en,piper,Paused.,0.4814,D:\Documents\FYP\Multimodal_Assistant\Voice_Architecture\TTS\audio\out_piper_en.wav,ok,
2026-07-13T15:31:21Z,en,piper,Opening gesture control,0.5765,D:\Documents\FYP\Multimodal_Assistant\Voice_Architecture\TTS\audio\out_piper_en.wav,ok,
2026-07-13T15:31:53Z,en,piper,Paused.,0.5416,D:\Documents\FYP\Multimodal_Assistant\Voice_Architecture\TTS\audio\out_piper_en.wav,ok,
2026-07-13T15:32:00Z,en,piper,Session stopped.,0.5106,D:\Documents\FYP\Multimodal_Assistant\Voice_Architecture\TTS\audio\out_piper_en.wav,ok,
2026-07-13T15:34:54Z,en,piper,Automation is running on WhatsApp.,0.5157,D:\Documents\FYP\Multimodal_Assistant\Voice_Architecture\TTS\audio\out_piper_en.wav,ok,
2026-07-13T15:35:04Z,en,piper,Selected the chat.,0.6092,D:\Documents\FYP\Multimodal_Assistant\Voice_Architecture\TTS\audio\out_piper_en.wav,ok,
2026-07-13T15:35:12Z,en,piper,Opening gesture control,0.5780,D:\Documents\FYP\Multimodal_Assistant\Voice_Architecture\TTS\audio\out_piper_en.wav,ok,
2026-07-13T15:35:34Z,en,piper,Typed.,0.5277,D:\Documents\FYP\Multimodal_Assistant\Voice_Architecture\TTS\audio\out_piper_en.wav,ok,
2026-07-13T15:35:41Z,en,piper,Cleared the message.,0.4950,D:\Documents\FYP\Multimodal_Assistant\Voice_Architecture\TTS\audio\out_piper_en.wav,ok,
2026-07-13T15:35:49Z,en,piper,Typed.,0.4541,D:\Documents\FYP\Multimodal_Assistant\Voice_Architecture\TTS\audio\out_piper_en.wav,ok,
2026-07-13T15:35:56Z,en,piper,Session stopped.,0.5294,D:\Documents\FYP\Multimodal_Assistant\Voice_Architecture\TTS\audio\out_piper_en.wav,ok,
2026-07-14T00:01:21Z,en,piper,"Good morning, I'm functioning properly. How can I assist you today?",0.9482,D:\Documents\FYP\Multimodal_Assistant\Voice_Architecture\TTS\audio\out_piper_en.wav,ok,
2026-07-14T00:23:35Z,en,piper,"Good morning, I'm functioning properly. How can I assist you today?",0.7818,D:\Documents\FYP\Multimodal_Assistant\Voice_Architecture\TTS\audio\out_piper_en.wav,ok,
2026-07-14T00:23:48Z,en,piper,The invention of the telephone is credited to Alexander Graham Bell.,0.6568,D:\Documents\FYP\Multimodal_Assistant\Voice_Architecture\TTS\audio\out_piper_en.wav,ok,
2026-07-14T00:24:00Z,en,piper,Opening Notepad now.,0.5696,D:\Documents\FYP\Multimodal_Assistant\Voice_Architecture\TTS\audio\out_piper_en.wav,ok,
2026-07-14T00:24:31Z,zh,edge-tts,您好，Shanyue。科学是指通过实验和观察来研究和理解自然界和社会的方法和知识。,1.7520,D:\Documents\FYP\Multimodal_Assistant\Voice_Architecture\TTS\audio\out_edge_zh.mp3,ok,played directly
2026-07-14T00:24:49Z,zh,edge-tts,"Shanyue, 两加两等于四。",1.1865,D:\Documents\FYP\Multimodal_Assistant\Voice_Architecture\TTS\audio\out_edge_zh.mp3,ok,played directly
2026-07-14T00:26:03Z,en,piper,Automation is running on YouTube.,0.7209,D:\Documents\FYP\Multimodal_Assistant\Voice_Architecture\TTS\audio\out_piper_en.wav,ok,
2026-07-14T00:26:16Z,en,piper,Done.,0.5112,D:\Documents\FYP\Multimodal_Assistant\Voice_Architecture\TTS\audio\out_piper_en.wav,ok,
2026-07-14T00:26:37Z,en,piper,Playing the first video.,0.7620,D:\Documents\FYP\Multimodal_Assistant\Voice_Architecture\TTS\audio\out_piper_en.wav,ok,
2026-07-14T00:26:46Z,en,piper,Paused.,0.5814,D:\Documents\FYP\Multimodal_Assistant\Voice_Architecture\TTS\audio\out_piper_en.wav,ok,
2026-07-14T00:26:53Z,en,piper,Opening gesture control,0.5474,D:\Documents\FYP\Multimodal_Assistant\Voice_Architecture\TTS\audio\out_piper_en.wav,ok,
2026-07-14T00:27:32Z,en,piper,Paused.,0.4974,D:\Documents\FYP\Multimodal_Assistant\Voice_Architecture\TTS\audio\out_piper_en.wav,ok,
2026-07-14T00:27:39Z,en,piper,Session stopped.,0.5162,D:\Documents\FYP\Multimodal_Assistant\Voice_Architecture\TTS\audio\out_piper_en.wav,ok,
2026-07-14T00:30:13Z,en,piper,Automation is running on WhatsApp.,0.6612,D:\Documents\FYP\Multimodal_Assistant\Voice_Architecture\TTS\audio\out_piper_en.wav,ok,
2026-07-14T00:30:22Z,en,piper,"I did not understand, please try the following commands.",0.6922,D:\Documents\FYP\Multimodal_Assistant\Voice_Architecture\TTS\audio\out_piper_en.wav,ok,
2026-07-14T00:30:33Z,en,piper,Selected the chat.,0.6864,D:\Documents\FYP\Multimodal_Assistant\Voice_Architecture\TTS\audio\out_piper_en.wav,ok,
2026-07-14T00:30:42Z,en,piper,Selected the chat.,0.7015,D:\Documents\FYP\Multimodal_Assistant\Voice_Architecture\TTS\audio\out_piper_en.wav,ok,
2026-07-14T00:30:51Z,en,piper,Search updated.,0.7227,D:\Documents\FYP\Multimodal_Assistant\Voice_Architecture\TTS\audio\out_piper_en.wav,ok,
2026-07-14T00:31:00Z,en,piper,Selected the chat.,0.7526,D:\Documents\FYP\Multimodal_Assistant\Voice_Architecture\TTS\audio\out_piper_en.wav,ok,
2026-07-14T00:31:08Z,en,piper,"I did not understand, please try the following commands.",0.7953,D:\Documents\FYP\Multimodal_Assistant\Voice_Architecture\TTS\audio\out_piper_en.wav,ok,
2026-07-14T00:31:19Z,en,piper,Typed.,0.4886,D:\Documents\FYP\Multimodal_Assistant\Voice_Architecture\TTS\audio\out_piper_en.wav,ok,
2026-07-14T00:31:26Z,en,piper,Opening gesture control,0.5533,D:\Documents\FYP\Multimodal_Assistant\Voice_Architecture\TTS\audio\out_piper_en.wav,ok,
2026-07-14T00:31:55Z,en,piper,Session stopped.,0.5621,D:\Documents\FYP\Multimodal_Assistant\Voice_Architecture\TTS\audio\out_piper_en.wav,ok,
2026-07-14T00:32:58Z,en,piper,Automation is running on YouTube.,0.7587,D:\Documents\FYP\Multimodal_Assistant\Voice_Architecture\TTS\audio\out_piper_en.wav,ok,
2026-07-14T00:33:11Z,en,piper,Done.,0.5230,D:\Documents\FYP\Multimodal_Assistant\Voice_Architecture\TTS\audio\out_piper_en.wav,ok,
2026-07-14T00:33:19Z,en,piper,Playing the first video.,0.6511,D:\Documents\FYP\Multimodal_Assistant\Voice_Architecture\TTS\audio\out_piper_en.wav,ok,
2026-07-14T00:33:28Z,en,piper,Session stopped.,0.6414,D:\Documents\FYP\Multimodal_Assistant\Voice_Architecture\TTS\audio\out_piper_en.wav,ok,
2026-07-14T03:20:23Z,en,piper,"I'm functioning properly, thank you for asking. How can I assist you today?",0.8843,D:\Documents\FYP\Multimodal_Assistant\Voice_Architecture\TTS\audio\out_piper_en.wav,ok,
2026-07-14T03:20:37Z,en,piper,"The invention of the school bag is often attributed to the French, who created a bag called a ""sac à dos"" in the 18th century.",0.9178,D:\Documents\FYP\Multimodal_Assistant\Voice_Architecture\TTS\audio\out_piper_en.wav,ok,
2026-07-14T03:20:52Z,en,piper,Opening Notepad now.,0.6425,D:\Documents\FYP\Multimodal_Assistant\Voice_Architecture\TTS\audio\out_piper_en.wav,ok,
2026-07-14T03:21:18Z,zh,edge-tts,你好 Shanyue，科学是指通过系统的观察、实验和研究，来了解自然界和社会规律的过程。,2.2140,D:\Documents\FYP\Multimodal_Assistant\Voice_Architecture\TTS\audio\out_edge_zh.mp3,ok,played directly
2026-07-14T03:21:36Z,zh,edge-tts,Shanyue，答案是 2 + 2 = 4。,1.3477,D:\Documents\FYP\Multimodal_Assistant\Voice_Architecture\TTS\audio\out_edge_zh.mp3,ok,played directly
2026-07-14T03:22:35Z,en,piper,Automation is running on YouTube.,1.0039,D:\Documents\FYP\Multimodal_Assistant\Voice_Architecture\TTS\audio\out_piper_en.wav,ok,
2026-07-14T03:22:48Z,en,piper,Done.,0.6747,D:\Documents\FYP\Multimodal_Assistant\Voice_Architecture\TTS\audio\out_piper_en.wav,ok,
2026-07-14T03:22:57Z,en,piper,Playing the first video.,0.8679,D:\Documents\FYP\Multimodal_Assistant\Voice_Architecture\TTS\audio\out_piper_en.wav,ok,
2026-07-14T03:23:06Z,en,piper,Volume up.,1.0187,D:\Documents\FYP\Multimodal_Assistant\Voice_Architecture\TTS\audio\out_piper_en.wav,ok,
2026-07-14T03:23:14Z,en,piper,Opening gesture control,0.6291,D:\Documents\FYP\Multimodal_Assistant\Voice_Architecture\TTS\audio\out_piper_en.wav,ok,
2026-07-14T03:23:38Z,en,piper,Paused.,0.5483,D:\Documents\FYP\Multimodal_Assistant\Voice_Architecture\TTS\audio\out_piper_en.wav,ok,
2026-07-14T03:23:45Z,en,piper,Session stopped.,0.6156,D:\Documents\FYP\Multimodal_Assistant\Voice_Architecture\TTS\audio\out_piper_en.wav,ok,
2026-07-14T03:26:35Z,en,piper,Automation is running on WhatsApp.,0.6365,D:\Documents\FYP\Multimodal_Assistant\Voice_Architecture\TTS\audio\out_piper_en.wav,ok,
2026-07-14T03:26:44Z,en,piper,Selected the chat.,0.7966,D:\Documents\FYP\Multimodal_Assistant\Voice_Architecture\TTS\audio\out_piper_en.wav,ok,
2026-07-14T03:26:53Z,en,piper,Typed.,0.6259,D:\Documents\FYP\Multimodal_Assistant\Voice_Architecture\TTS\audio\out_piper_en.wav,ok,
2026-07-14T03:27:00Z,en,piper,Sent.,0.6358,D:\Documents\FYP\Multimodal_Assistant\Voice_Architecture\TTS\audio\out_piper_en.wav,ok,
2026-07-14T03:27:07Z,en,piper,Opening gesture control,0.6845,D:\Documents\FYP\Multimodal_Assistant\Voice_Architecture\TTS\audio\out_piper_en.wav,ok,
2026-07-14T03:27:31Z,en,piper,Session stopped.,0.7089,D:\Documents\FYP\Multimodal_Assistant\Voice_Architecture\TTS\audio\out_piper_en.wav,ok,
2026-07-29T09:09:52Z,en,piper,Automation is running on WhatsApp.,1.1403,D:\Documents\FYP\Multimodal_Assistant\Voice_Architecture\TTS\audio\out_piper_en.wav,ok,
2026-07-29T09:10:02Z,en,piper,Selected the chat.,0.8897,D:\Documents\FYP\Multimodal_Assistant\Voice_Architecture\TTS\audio\out_piper_en.wav,ok,
2026-07-29T09:10:10Z,en,piper,Session stopped.,0.6143,D:\Documents\FYP\Multimodal_Assistant\Voice_Architecture\TTS\audio\out_piper_en.wav,ok,
