timestamp_utc,user_language,model,transcript_original,transcript_english,latency_s,audio_path,notes
2026-05-14T07:41:59Z,en,Google SR,good morning can you explain the meaning of life,good morning can you explain the meaning of life,0.6391,D:\Documents\FYP\Multimodal_Assistant\Voice_Architecture\ASR\audio\session_input.wav,
2026-05-14T07:43:35Z,en,Google SR,good afternoon what is 2 * 2,good afternoon what is 2 * 2,0.9278,D:\Documents\FYP\Multimodal_Assistant\Voice_Architecture\ASR\audio\session_input.wav,
2026-05-14T07:45:28Z,en,Google SR,what is computer science,what is computer science,0.6477,D:\Documents\FYP\Multimodal_Assistant\Voice_Architecture\ASR\audio\session_input.wav,
2026-05-14T07:49:08Z,zh,Google SR,"Hello, can you tell me what the computer field is?","Hello, can you tell me what the computer field is?",3.0462,D:\Documents\FYP\Multimodal_Assistant\Voice_Architecture\ASR\audio\session_input.wav,
2026-05-14T07:53:50Z,en,Google SR,hi could you tell me what is the difference between computer science and data science,hi could you tell me what is the difference between computer science and data science,1.3892,D:\Documents\FYP\Multimodal_Assistant\Voice_Architecture\ASR\audio\session_input.wav,
2026-05-14T07:59:18Z,en,Google SR,hi May I know what is the meaning of text,hi May I know what is the meaning of text,0.7348,D:\Documents\FYP\Multimodal_Assistant\Voice_Architecture\ASR\audio\session_input.wav,
2026-05-14T08:08:35Z,en,Google SR,can you tell me who is Stephen Curry,can you tell me who is Stephen Curry,0.5923,D:\Documents\FYP\Multimodal_Assistant\Voice_Architecture\ASR\audio\session_input.wav,
2026-05-14T08:10:20Z,en,Google SR,can you tell me what is LeBron James famous for,can you tell me what is LeBron James famous for,0.6780,D:\Documents\FYP\Multimodal_Assistant\Voice_Architecture\ASR\audio\session_input.wav,
2026-05-14T08:15:52Z,en,Google SR,can you tell me what is the meaning of data scientist,can you tell me what is the meaning of data scientist,0.7141,D:\Documents\FYP\Multimodal_Assistant\Voice_Architecture\ASR\audio\session_input.wav,
2026-05-14T08:20:23Z,en,Google SR,open YouTube,open YouTube,0.4930,D:\Documents\FYP\Multimodal_Assistant\Voice_Architecture\ASR\audio\session_input.wav,
2026-05-14T08:20:36Z,en,Google SR,,,0.4660,D:\Documents\FYP\Multimodal_Assistant\Voice_Architecture\ASR\audio\session_input.wav,empty_transcript
2026-05-14T08:20:41Z,en,Google SR,search Justin Bieber daisies,search Justin Bieber daisies,0.7005,D:\Documents\FYP\Multimodal_Assistant\Voice_Architecture\ASR\audio\session_input.wav,
2026-05-14T08:20:53Z,en,Google SR,,,0.3353,D:\Documents\FYP\Multimodal_Assistant\Voice_Architecture\ASR\audio\session_input.wav,empty_transcript
2026-05-14T08:20:58Z,en,Google SR,,,1.6412,D:\Documents\FYP\Multimodal_Assistant\Voice_Architecture\ASR\audio\session_input.wav,empty_transcript
2026-05-14T08:21:05Z,en,Google SR,,,0.2125,D:\Documents\FYP\Multimodal_Assistant\Voice_Architecture\ASR\audio\session_input.wav,empty_transcript
2026-05-14T08:21:10Z,en,Google SR,,,0.3959,D:\Documents\FYP\Multimodal_Assistant\Voice_Architecture\ASR\audio\session_input.wav,empty_transcript
2026-05-14T08:21:16Z,en,Google SR,,,0.3425,D:\Documents\FYP\Multimodal_Assistant\Voice_Architecture\ASR\audio\session_input.wav,empty_transcript
2026-05-14T08:21:22Z,en,Google SR,pause video,pause video,0.4986,D:\Documents\FYP\Multimodal_Assistant\Voice_Architecture\ASR\audio\session_input.wav,
2026-05-14T08:21:29Z,en,Google SR,play video,play video,0.5267,D:\Documents\FYP\Multimodal_Assistant\Voice_Architecture\ASR\audio\session_input.wav,
2026-05-14T08:21:37Z,en,Google SR,stop automation,stop automation,0.3920,D:\Documents\FYP\Multimodal_Assistant\Voice_Architecture\ASR\audio\session_input.wav,
2026-05-14T08:22:07Z,en,Google SR,can you explain to me what is the result of 2 + 2,can you explain to me what is the result of 2 + 2,0.6382,D:\Documents\FYP\Multimodal_Assistant\Voice_Architecture\ASR\audio\session_input.wav,
2026-05-14T08:53:15Z,en,Google SR,good morning what is 2 * 2 = 2,good morning what is 2 * 2 = 2,0.7668,D:\Documents\FYP\Multimodal_Assistant\Voice_Architecture\ASR\audio\session_input.wav,
2026-05-14T08:53:48Z,en,Google SR,good morning what is the meaning of life,good morning what is the meaning of life,8.8635,D:\Documents\FYP\Multimodal_Assistant\Voice_Architecture\ASR\audio\session_input.wav,
2026-05-14T08:54:40Z,en,Google SR,hi there could you help me to take a screenshot,hi there could you help me to take a screenshot,0.8654,D:\Documents\FYP\Multimodal_Assistant\Voice_Architecture\ASR\audio\session_input.wav,
2026-05-14T08:55:15Z,en,Google SR,take screenshot,take screenshot,0.6649,D:\Documents\FYP\Multimodal_Assistant\Voice_Architecture\ASR\audio\session_input.wav,
2026-05-14T08:56:32Z,zh,Google SR,"Hello, can you tell me what is the Internet?","Hello, can you tell me what is the Internet?",1.9949,D:\Documents\FYP\Multimodal_Assistant\Voice_Architecture\ASR\audio\session_input.wav,
2026-05-14T08:57:18Z,zh,Google SR,Hello please help me open the oil pipe,Hello please help me open the oil pipe,7.8653,D:\Documents\FYP\Multimodal_Assistant\Voice_Architecture\ASR\audio\session_input.wav,
2026-05-14T08:57:40Z,zh,Google SR,Search Jay Chou Daoxiang,Search Jay Chou Daoxiang,3.9728,D:\Documents\FYP\Multimodal_Assistant\Voice_Architecture\ASR\audio\session_input.wav,
2026-05-14T08:57:56Z,zh,Google SR,play first,play first,1.3307,D:\Documents\FYP\Multimodal_Assistant\Voice_Architecture\ASR\audio\session_input.wav,
2026-05-14T08:58:09Z,zh,Google SR,,,0.1439,D:\Documents\FYP\Multimodal_Assistant\Voice_Architecture\ASR\audio\session_input.wav,empty_transcript
2026-05-14T08:58:14Z,zh,Google SR,Pause playback,Pause playback,1.8116,D:\Documents\FYP\Multimodal_Assistant\Voice_Architecture\ASR\audio\session_input.wav,
2026-05-14T08:58:24Z,zh,Google SR,continue playing,continue playing,10.1749,D:\Documents\FYP\Multimodal_Assistant\Voice_Architecture\ASR\audio\session_input.wav,
2026-05-14T08:58:43Z,zh,Google SR,Stop automation,Stop automation,2.2728,D:\Documents\FYP\Multimodal_Assistant\Voice_Architecture\ASR\audio\session_input.wav,
2026-05-14T08:59:03Z,en,Google SR,hi there please open WhatsApp,hi there please open WhatsApp,0.6890,D:\Documents\FYP\Multimodal_Assistant\Voice_Architecture\ASR\audio\session_input.wav,
2026-05-14T08:59:15Z,en,Google SR,select third chat,select third chat,0.4597,D:\Documents\FYP\Multimodal_Assistant\Voice_Architecture\ASR\audio\session_input.wav,
2026-05-14T08:59:24Z,en,Google SR,,,0.3611,D:\Documents\FYP\Multimodal_Assistant\Voice_Architecture\ASR\audio\session_input.wav,empty_transcript
2026-05-14T08:59:29Z,en,Google SR,,,0.3595,D:\Documents\FYP\Multimodal_Assistant\Voice_Architecture\ASR\audio\session_input.wav,empty_transcript
2026-05-14T08:59:35Z,en,Google SR,send message,send message,0.3962,D:\Documents\FYP\Multimodal_Assistant\Voice_Architecture\ASR\audio\session_input.wav,
2026-05-14T08:59:42Z,en,Google SR,select third chat,select third chat,0.4548,D:\Documents\FYP\Multimodal_Assistant\Voice_Architecture\ASR\audio\session_input.wav,
2026-05-14T08:59:51Z,en,Google SR,type ok thank you,type ok thank you,0.4710,D:\Documents\FYP\Multimodal_Assistant\Voice_Architecture\ASR\audio\session_input.wav,
2026-05-14T08:59:59Z,en,Google SR,send message,send message,0.3586,D:\Documents\FYP\Multimodal_Assistant\Voice_Architecture\ASR\audio\session_input.wav,
2026-05-14T09:00:07Z,en,Google SR,search user PG,search user PG,0.4608,D:\Documents\FYP\Multimodal_Assistant\Voice_Architecture\ASR\audio\session_input.wav,
2026-05-14T09:00:16Z,en,Google SR,select first chat,select first chat,0.5055,D:\Documents\FYP\Multimodal_Assistant\Voice_Architecture\ASR\audio\session_input.wav,
2026-05-14T09:00:25Z,en,Google SR,clear search,clear search,0.4366,D:\Documents\FYP\Multimodal_Assistant\Voice_Architecture\ASR\audio\session_input.wav,
2026-05-14T09:00:35Z,en,Google SR,select third chat,select third chat,0.6404,D:\Documents\FYP\Multimodal_Assistant\Voice_Architecture\ASR\audio\session_input.wav,
2026-05-14T09:00:44Z,en,Google SR,stop automation,stop automation,0.3769,D:\Documents\FYP\Multimodal_Assistant\Voice_Architecture\ASR\audio\session_input.wav,
2026-05-14T09:01:04Z,en,Google SR,I am very sad could you cheer me up,I am very sad could you cheer me up,1.3037,D:\Documents\FYP\Multimodal_Assistant\Voice_Architecture\ASR\audio\session_input.wav,
2026-05-14T13:19:18Z,zh,Google SR,Can you tell me what computer technology is?,Can you tell me what computer technology is?,2.4338,D:\Documents\FYP\Multimodal_Assistant\Voice_Architecture\ASR\audio\session_input.wav,
2026-05-14T13:20:01Z,en,Google SR,good evening what is the meaning of data science between computer science difference,good evening what is the meaning of data science between computer science difference,0.8969,D:\Documents\FYP\Multimodal_Assistant\Voice_Architecture\ASR\audio\session_input.wav,
2026-05-14T13:20:45Z,zh,Google SR,,,0.0000,D:\Documents\FYP\Multimodal_Assistant\Voice_Architecture\ASR\audio\session_input.wav,error: The read operation timed out
2026-05-14T13:21:27Z,zh,Google SR,Can you please tell me whether data science or computer comparative thinking in this modern society?,Can you please tell me whether data science or computer comparative thinking in this modern society?,3.8677,D:\Documents\FYP\Multimodal_Assistant\Voice_Architecture\ASR\audio\session_input.wav,
2026-05-14T13:22:24Z,zh,Google SR,Can you tell me whether data science or computing will be more popular in the next 10 years?,Can you tell me whether data science or computing will be more popular in the next 10 years?,4.9327,D:\Documents\FYP\Multimodal_Assistant\Voice_Architecture\ASR\audio\session_input.wav,
2026-05-14T13:25:57Z,zh,Google SR,I want to know whether the computer science department will still be popular in the next 20 years,I want to know whether the computer science department will still be popular in the next 20 years,4.4585,D:\Documents\FYP\Multimodal_Assistant\Voice_Architecture\ASR\audio\session_input.wav,
2026-05-14T13:26:42Z,zh,Google SR,Can you tell me whether computer science departments will still be popular in the next 20 years?,Can you tell me whether computer science departments will still be popular in the next 20 years?,6.2437,D:\Documents\FYP\Multimodal_Assistant\Voice_Architecture\ASR\audio\session_input.wav,
2026-05-14T13:27:24Z,en,Google SR,tell me the trend of computer science in the next 20 years,tell me the trend of computer science in the next 20 years,0.8824,D:\Documents\FYP\Multimodal_Assistant\Voice_Architecture\ASR\audio\session_input.wav,
2026-05-14T13:28:26Z,zh,Google SR,Please open the chat app,Please open the chat app,2.2754,D:\Documents\FYP\Multimodal_Assistant\Voice_Architecture\ASR\audio\session_input.wav,
2026-05-14T13:28:41Z,zh,Google SR,,,0.0000,D:\Documents\FYP\Multimodal_Assistant\Voice_Architecture\ASR\audio\session_input.wav,error: The read operation timed out
2026-05-14T13:36:27Z,zh,Google SR,请打开聊天应用,请打开聊天应用,4.1950,D:\Documents\FYP\Multimodal_Assistant\Voice_Architecture\ASR\audio\session_input.wav,googletrans_fallback
2026-05-14T13:36:44Z,zh,Google SR,选择第一个聊天,选择第一个聊天,3.7754,D:\Documents\FYP\Multimodal_Assistant\Voice_Architecture\ASR\audio\session_input.wav,googletrans_fallback
2026-05-14T13:36:57Z,zh,Google SR,输入正在来着,输入正在来着,3.6126,D:\Documents\FYP\Multimodal_Assistant\Voice_Architecture\ASR\audio\session_input.wav,googletrans_fallback
2026-05-14T13:37:10Z,zh,Google SR,,,0.6808,D:\Documents\FYP\Multimodal_Assistant\Voice_Architecture\ASR\audio\session_input.wav,empty_transcript
2026-05-14T13:37:16Z,zh,Google SR,发送,发送,3.4212,D:\Documents\FYP\Multimodal_Assistant\Voice_Architecture\ASR\audio\session_input.wav,googletrans_fallback
2026-05-14T13:37:28Z,zh,Google SR,选,选,3.4185,D:\Documents\FYP\Multimodal_Assistant\Voice_Architecture\ASR\audio\session_input.wav,googletrans_fallback
2026-05-14T13:37:47Z,zh,Google SR,选择第二个聊天,选择第二个聊天,3.7007,D:\Documents\FYP\Multimodal_Assistant\Voice_Architecture\ASR\audio\session_input.wav,googletrans_fallback
2026-05-14T13:38:00Z,zh,Google SR,输入好的,输入好的,3.5294,D:\Documents\FYP\Multimodal_Assistant\Voice_Architecture\ASR\audio\session_input.wav,googletrans_fallback
2026-05-14T13:38:13Z,zh,Google SR,,,0.4854,D:\Documents\FYP\Multimodal_Assistant\Voice_Architecture\ASR\audio\session_input.wav,empty_transcript
2026-05-14T13:38:18Z,zh,Google SR,,,0.6678,D:\Documents\FYP\Multimodal_Assistant\Voice_Architecture\ASR\audio\session_input.wav,empty_transcript
2026-05-14T13:38:24Z,zh,Google SR,,,0.5767,D:\Documents\FYP\Multimodal_Assistant\Voice_Architecture\ASR\audio\session_input.wav,empty_transcript
2026-05-14T13:38:30Z,zh,Google SR,清除消息,清除消息,3.4842,D:\Documents\FYP\Multimodal_Assistant\Voice_Architecture\ASR\audio\session_input.wav,googletrans_fallback
2026-05-14T13:38:43Z,zh,Google SR,停止自动化,停止自动化,3.5453,D:\Documents\FYP\Multimodal_Assistant\Voice_Architecture\ASR\audio\session_input.wav,googletrans_fallback
2026-05-14T13:55:36Z,en,Google SR,please open WhatsApp,please open WhatsApp,0.6649,D:\Documents\FYP\Multimodal_Assistant\Voice_Architecture\ASR\audio\session_input.wav,
2026-05-14T13:55:48Z,en,Google SR,,,0.3611,D:\Documents\FYP\Multimodal_Assistant\Voice_Architecture\ASR\audio\session_input.wav,empty_transcript
2026-05-14T13:55:53Z,en,Google SR,search chat,search chat,0.4378,D:\Documents\FYP\Multimodal_Assistant\Voice_Architecture\ASR\audio\session_input.wav,
2026-05-14T13:56:06Z,en,Google SR,select third check,select third check,0.6446,D:\Documents\FYP\Multimodal_Assistant\Voice_Architecture\ASR\audio\session_input.wav,
2026-05-14T13:56:18Z,en,Google SR,stop automation,stop automation,0.6903,D:\Documents\FYP\Multimodal_Assistant\Voice_Architecture\ASR\audio\session_input.wav,
2026-05-14T15:17:01Z,zh,Google SR,请帮我打开油管,请帮我打开油管,3.7712,D:\Documents\FYP\Multimodal_Assistant\Voice_Architecture\ASR\audio\session_input.wav,googletrans_fallback
2026-05-14T15:18:04Z,zh,Google SR,请帮我打开油管,请帮我打开油管,3.8483,D:\Documents\FYP\Multimodal_Assistant\Voice_Architecture\ASR\audio\session_input.wav,googletrans_fallback
2026-05-14T15:18:22Z,zh,Google SR,搜索周杰伦,搜索周杰伦,5.0429,D:\Documents\FYP\Multimodal_Assistant\Voice_Architecture\ASR\audio\session_input.wav,googletrans_fallback
2026-05-14T15:18:40Z,zh,Google SR,播放第一个,播放第一个,3.6899,D:\Documents\FYP\Multimodal_Assistant\Voice_Architecture\ASR\audio\session_input.wav,googletrans_fallback
2026-05-14T15:18:54Z,zh,Google SR,,,0.6826,D:\Documents\FYP\Multimodal_Assistant\Voice_Architecture\ASR\audio\session_input.wav,empty_transcript
2026-05-14T15:19:00Z,zh,Google SR,暂停音乐,暂停音乐,3.6491,D:\Documents\FYP\Multimodal_Assistant\Voice_Architecture\ASR\audio\session_input.wav,googletrans_fallback
2026-05-14T15:19:12Z,zh,Google SR,,,0.9039,D:\Documents\FYP\Multimodal_Assistant\Voice_Architecture\ASR\audio\session_input.wav,empty_transcript
2026-05-14T15:19:18Z,zh,Google SR,停止自动化,停止自动化,3.5918,D:\Documents\FYP\Multimodal_Assistant\Voice_Architecture\ASR\audio\session_input.wav,googletrans_fallback
2026-05-15T15:24:32Z,en,Google SR,tell me briefly what is agentic AI,tell me briefly what is agentic AI,1.1748,D:\Documents\FYP\Multimodal_Assistant\Voice_Architecture\ASR\audio\session_input.wav,
2026-05-15T15:25:22Z,en,Google SR,tell me in short sentence what is agentic AI,tell me in short sentence what is agentic AI,0.7359,D:\Documents\FYP\Multimodal_Assistant\Voice_Architecture\ASR\audio\session_input.wav,
2026-05-15T15:28:59Z,en,Google SR,please open WhatsApp,please open WhatsApp,0.7121,D:\Documents\FYP\Multimodal_Assistant\Voice_Architecture\ASR\audio\session_input.wav,
2026-05-15T15:29:12Z,en,Google SR,,,0.3568,D:\Documents\FYP\Multimodal_Assistant\Voice_Architecture\ASR\audio\session_input.wav,empty_transcript
2026-05-15T15:29:17Z,en,Google SR,Select second chat,Select second chat,0.6645,D:\Documents\FYP\Multimodal_Assistant\Voice_Architecture\ASR\audio\session_input.wav,
2026-05-15T15:29:27Z,en,Google SR,,,0.6116,D:\Documents\FYP\Multimodal_Assistant\Voice_Architecture\ASR\audio\session_input.wav,empty_transcript
2026-05-15T15:29:33Z,en,Google SR,pipe ok no problem,pipe ok no problem,0.4959,D:\Documents\FYP\Multimodal_Assistant\Voice_Architecture\ASR\audio\session_input.wav,
2026-05-15T15:29:45Z,en,Google SR,pipe ok no problem,pipe ok no problem,0.8268,D:\Documents\FYP\Multimodal_Assistant\Voice_Architecture\ASR\audio\session_input.wav,
2026-05-15T15:29:58Z,en,Google SR,could you type no problem,could you type no problem,0.7329,D:\Documents\FYP\Multimodal_Assistant\Voice_Architecture\ASR\audio\session_input.wav,
2026-05-15T15:30:07Z,en,Google SR,remove message,remove message,0.5572,D:\Documents\FYP\Multimodal_Assistant\Voice_Architecture\ASR\audio\session_input.wav,
2026-05-15T15:30:16Z,en,Google SR,search user y r n,search user y r n,0.6636,D:\Documents\FYP\Multimodal_Assistant\Voice_Architecture\ASR\audio\session_input.wav,
2026-05-15T15:30:25Z,en,Google SR,clear search,clear search,1.3901,D:\Documents\FYP\Multimodal_Assistant\Voice_Architecture\ASR\audio\session_input.wav,
2026-05-15T15:30:36Z,en,Google SR,select third chat,select third chat,0.5377,D:\Documents\FYP\Multimodal_Assistant\Voice_Architecture\ASR\audio\session_input.wav,
2026-05-15T15:30:44Z,en,Google SR,search user y r n,search user y r n,0.5660,D:\Documents\FYP\Multimodal_Assistant\Voice_Architecture\ASR\audio\session_input.wav,
2026-05-15T15:30:54Z,en,Google SR,search user y r n,search user y r n,0.6215,D:\Documents\FYP\Multimodal_Assistant\Voice_Architecture\ASR\audio\session_input.wav,
2026-05-15T15:31:03Z,en,Google SR,,,0.4734,D:\Documents\FYP\Multimodal_Assistant\Voice_Architecture\ASR\audio\session_input.wav,empty_transcript
2026-05-15T15:31:09Z,en,Google SR,search user ABC,search user ABC,0.5596,D:\Documents\FYP\Multimodal_Assistant\Voice_Architecture\ASR\audio\session_input.wav,
2026-05-15T15:31:18Z,en,Google SR,select first chat,select first chat,0.6382,D:\Documents\FYP\Multimodal_Assistant\Voice_Architecture\ASR\audio\session_input.wav,
2026-05-15T15:31:27Z,en,Google SR,clear search,clear search,0.3946,D:\Documents\FYP\Multimodal_Assistant\Voice_Architecture\ASR\audio\session_input.wav,
2026-05-15T15:31:37Z,en,Google SR,stop operation,stop operation,0.5461,D:\Documents\FYP\Multimodal_Assistant\Voice_Architecture\ASR\audio\session_input.wav,
2026-05-16T08:27:09Z,en,Google SR,good morning please open WhatsApp,good morning please open WhatsApp,0.6450,D:\Documents\FYP\Multimodal_Assistant\Voice_Architecture\ASR\audio\session_input.wav,
2026-05-16T08:27:21Z,en,Google SR,select first chat,select first chat,0.7311,D:\Documents\FYP\Multimodal_Assistant\Voice_Architecture\ASR\audio\session_input.wav,
2026-05-16T08:27:31Z,en,Google SR,,,1.2592,D:\Documents\FYP\Multimodal_Assistant\Voice_Architecture\ASR\audio\session_input.wav,empty_transcript
2026-05-16T08:27:37Z,en,Google SR,,,0.6133,D:\Documents\FYP\Multimodal_Assistant\Voice_Architecture\ASR\audio\session_input.wav,empty_transcript
2026-05-16T08:27:43Z,en,Google SR,please type oh my god,please type oh my god,0.4588,D:\Documents\FYP\Multimodal_Assistant\Voice_Architecture\ASR\audio\session_input.wav,
2026-05-16T08:27:51Z,en,Google SR,,,1.4004,D:\Documents\FYP\Multimodal_Assistant\Voice_Architecture\ASR\audio\session_input.wav,empty_transcript
2026-05-16T08:27:58Z,en,Google SR,,,0.3194,D:\Documents\FYP\Multimodal_Assistant\Voice_Architecture\ASR\audio\session_input.wav,empty_transcript
2026-05-16T08:28:03Z,en,Google SR,,,0.4226,D:\Documents\FYP\Multimodal_Assistant\Voice_Architecture\ASR\audio\session_input.wav,empty_transcript
2026-05-16T08:28:09Z,en,Google SR,search user y a n,search user y a n,0.7948,D:\Documents\FYP\Multimodal_Assistant\Voice_Architecture\ASR\audio\session_input.wav,
2026-05-16T08:28:19Z,en,Google SR,clear search,clear search,0.4354,D:\Documents\FYP\Multimodal_Assistant\Voice_Architecture\ASR\audio\session_input.wav,
2026-05-16T08:28:29Z,en,Google SR,select first chat,select first chat,0.6232,D:\Documents\FYP\Multimodal_Assistant\Voice_Architecture\ASR\audio\session_input.wav,
2026-05-16T08:28:38Z,en,Google SR,send,send,0.7516,D:\Documents\FYP\Multimodal_Assistant\Voice_Architecture\ASR\audio\session_input.wav,
2026-05-16T08:28:47Z,en,Google SR,search user PG,search user PG,0.6472,D:\Documents\FYP\Multimodal_Assistant\Voice_Architecture\ASR\audio\session_input.wav,
2026-05-16T08:28:57Z,en,Google SR,select first chat,select first chat,0.5464,D:\Documents\FYP\Multimodal_Assistant\Voice_Architecture\ASR\audio\session_input.wav,
2026-05-16T08:29:06Z,en,Google SR,stop automation,stop automation,0.4143,D:\Documents\FYP\Multimodal_Assistant\Voice_Architecture\ASR\audio\session_input.wav,
2026-05-16T08:33:30Z,en,Google SR,please open Google News,please open Google News,1.5302,D:\Documents\FYP\Multimodal_Assistant\Voice_Architecture\ASR\audio\session_input.wav,
2026-05-16T08:33:46Z,en,Google SR,search for news in USA and China,search for news in USA and China,0.9573,D:\Documents\FYP\Multimodal_Assistant\Voice_Architecture\ASR\audio\session_input.wav,
2026-05-16T08:33:56Z,en,Google SR,,,0.2638,D:\Documents\FYP\Multimodal_Assistant\Voice_Architecture\ASR\audio\session_input.wav,empty_transcript
2026-05-16T08:34:02Z,en,Google SR,search for news in Sabah,search for news in Sabah,0.5971,D:\Documents\FYP\Multimodal_Assistant\Voice_Architecture\ASR\audio\session_input.wav,
2026-05-16T08:34:11Z,en,Google SR,search for fighting news in Kuala Lumpur,search for fighting news in Kuala Lumpur,0.7522,D:\Documents\FYP\Multimodal_Assistant\Voice_Architecture\ASR\audio\session_input.wav,
2026-05-16T08:34:20Z,en,Google SR,,,0.6618,D:\Documents\FYP\Multimodal_Assistant\Voice_Architecture\ASR\audio\session_input.wav,empty_transcript
2026-05-16T08:34:26Z,en,Google SR,,,0.2850,D:\Documents\FYP\Multimodal_Assistant\Voice_Architecture\ASR\audio\session_input.wav,empty_transcript
2026-05-16T08:34:31Z,en,Google SR,stop automation,stop automation,0.6362,D:\Documents\FYP\Multimodal_Assistant\Voice_Architecture\ASR\audio\session_input.wav,
2026-05-16T08:35:23Z,zh,Google SR,可以告诉我马来西亚未来发展趋势吗,可以告诉我马来西亚未来发展趋势吗,4.5239,D:\Documents\FYP\Multimodal_Assistant\Voice_Architecture\ASR\audio\session_input.wav,googletrans_fallback
2026-05-16T08:36:22Z,en,Google SR,,,1.2109,D:\Documents\FYP\Multimodal_Assistant\Voice_Architecture\ASR\audio\session_input.wav,empty_transcript
2026-05-16T08:37:04Z,zh,Google SR,解释什么是数字经济,解释什么是数字经济,3.9459,D:\Documents\FYP\Multimodal_Assistant\Voice_Architecture\ASR\audio\session_input.wav,googletrans_fallback
2026-05-16T08:43:20Z,zh,Google SR,Tell me which major is most suitable for digital economy?,Tell me which major is most suitable for digital economy?,11.0976,D:\Documents\FYP\Multimodal_Assistant\Voice_Architecture\ASR\audio\session_input.wav,
2026-05-16T08:44:16Z,zh,Google SR,Please help me open the oil pipe,Please help me open the oil pipe,2.1995,D:\Documents\FYP\Multimodal_Assistant\Voice_Architecture\ASR\audio\session_input.wav,
2026-05-16T08:44:33Z,zh,Google SR,,,0.2561,D:\Documents\FYP\Multimodal_Assistant\Voice_Architecture\ASR\audio\session_input.wav,empty_transcript
2026-05-16T08:44:38Z,zh,Google SR,Search for JJ Lin I miss,Search for JJ Lin I miss,2.3948,D:\Documents\FYP\Multimodal_Assistant\Voice_Architecture\ASR\audio\session_input.wav,
2026-05-16T08:44:53Z,zh,Google SR,play first,play first,1.0612,D:\Documents\FYP\Multimodal_Assistant\Voice_Architecture\ASR\audio\session_input.wav,
2026-05-16T08:45:05Z,zh,Google SR,Pause playback,Pause playback,2.2596,D:\Documents\FYP\Multimodal_Assistant\Voice_Architecture\ASR\audio\session_input.wav,
2026-05-16T08:45:16Z,zh,Google SR,continue playing,continue playing,2.6178,D:\Documents\FYP\Multimodal_Assistant\Voice_Architecture\ASR\audio\session_input.wav,
2026-05-16T08:45:27Z,zh,Google SR,,,0.1871,D:\Documents\FYP\Multimodal_Assistant\Voice_Architecture\ASR\audio\session_input.wav,empty_transcript
2026-05-16T08:45:33Z,zh,Google SR,Stop automation,Stop automation,0.9747,D:\Documents\FYP\Multimodal_Assistant\Voice_Architecture\ASR\audio\session_input.wav,
2026-05-16T08:47:38Z,en,Google SR,please open WhatsApp,please open WhatsApp,0.6542,D:\Documents\FYP\Multimodal_Assistant\Voice_Architecture\ASR\audio\session_input.wav,
2026-05-16T08:47:50Z,en,Google SR,select first chat,select first chat,1.5929,D:\Documents\FYP\Multimodal_Assistant\Voice_Architecture\ASR\audio\session_input.wav,
2026-05-16T08:48:01Z,en,Google SR,stop automation,stop automation,0.6388,D:\Documents\FYP\Multimodal_Assistant\Voice_Architecture\ASR\audio\session_input.wav,
2026-05-17T13:42:13Z,en,Google SR,hello please open WhatsApp,hello please open WhatsApp,0.6582,D:\Documents\FYP\Multimodal_Assistant\Voice_Architecture\ASR\audio\session_input.wav,
2026-05-17T13:42:25Z,en,Google SR,select first chat,select first chat,0.6264,D:\Documents\FYP\Multimodal_Assistant\Voice_Architecture\ASR\audio\session_input.wav,
2026-05-17T13:42:34Z,en,Google SR,please type go asla,please type go asla,0.6523,D:\Documents\FYP\Multimodal_Assistant\Voice_Architecture\ASR\audio\session_input.wav,
2026-05-17T13:42:42Z,en,Google SR,send message,send message,0.4956,D:\Documents\FYP\Multimodal_Assistant\Voice_Architecture\ASR\audio\session_input.wav,
2026-05-17T13:42:50Z,en,Google SR,close automation,close automation,0.5584,D:\Documents\FYP\Multimodal_Assistant\Voice_Architecture\ASR\audio\session_input.wav,
2026-05-17T13:43:03Z,en,Google SR,stop automation,stop automation,0.4903,D:\Documents\FYP\Multimodal_Assistant\Voice_Architecture\ASR\audio\session_input.wav,
2026-05-18T13:46:26Z,en,Google SR,,,0.3083,D:\Documents\FYP\Multimodal_Assistant\Voice_Architecture\ASR\audio\session_input.wav,empty_transcript
2026-05-18T13:46:36Z,en,Google SR,hi what is the meaning of computer science,hi what is the meaning of computer science,0.4781,D:\Documents\FYP\Multimodal_Assistant\Voice_Architecture\ASR\audio\session_input.wav,
2026-05-18T13:52:25Z,zh,Google SR,Please open the oil pipe,Please open the oil pipe,3.2634,D:\Documents\FYP\Multimodal_Assistant\Voice_Architecture\ASR\audio\session_input.wav,
2026-05-18T13:53:15Z,zh,Google SR,Stop automation,Stop automation,2.1353,D:\Documents\FYP\Multimodal_Assistant\Voice_Architecture\ASR\audio\session_input.wav,
2026-05-18T14:01:18Z,zh,Google SR,请帮我截图,Please help me take a screenshot,2.6818,D:\Documents\FYP\Multimodal_Assistant\Voice_Architecture\ASR\audio\session_input.wav,
2026-05-18T14:06:21Z,zh,Google SR,请打开WhatsApp,Please open WhatsApp,2.2204,D:\Documents\FYP\Multimodal_Assistant\Voice_Architecture\ASR\audio\session_input.wav,
2026-05-18T14:06:41Z,zh,Google SR,停止自动化,Stop automation,1.1621,D:\Documents\FYP\Multimodal_Assistant\Voice_Architecture\ASR\audio\session_input.wav,
2026-05-18T14:16:36Z,en,Google SR,hey Friday open downloads,hey Friday open downloads,0.7490,D:\Documents\FYP\Multimodal_Assistant\Voice_Architecture\ASR\audio\session_input.wav,
2026-05-18T14:17:44Z,en,Google SR,hey Friday open my downloads,hey Friday open my downloads,1.6253,D:\Documents\FYP\Multimodal_Assistant\Voice_Architecture\ASR\audio\session_input.wav,
2026-05-18T14:18:17Z,zh,Google SR,请问一加一等于多少,What is one plus one equal to?,3.9180,D:\Documents\FYP\Multimodal_Assistant\Voice_Architecture\ASR\audio\session_input.wav,
2026-05-18T14:19:55Z,zh,Google SR,一加一是什么答案,What is the answer to one plus one?,3.1273,D:\Documents\FYP\Multimodal_Assistant\Voice_Architecture\ASR\audio\session_input.wav,
2026-05-18T14:20:56Z,zh,Google SR,能否告诉我一加一等于什么,Can you tell me what one plus one equals?,2.2719,D:\Documents\FYP\Multimodal_Assistant\Voice_Architecture\ASR\audio\session_input.wav,
2026-05-18T14:22:12Z,en,Google SR,can you tell me what is computer science in software engineering,can you tell me what is computer science in software engineering,0.7623,D:\Documents\FYP\Multimodal_Assistant\Voice_Architecture\ASR\audio\session_input.wav,
2026-05-18T15:39:48Z,en,Google SR,please open YouTube,please open YouTube,1.9829,D:\Documents\FYP\Multimodal_Assistant\Voice_Architecture\ASR\audio\session_input.wav,
2026-05-18T15:40:14Z,en,Google SR,search Justin Bieber daisies,search Justin Bieber daisies,0.5153,D:\Documents\FYP\Multimodal_Assistant\Voice_Architecture\ASR\audio\session_input.wav,
2026-05-18T15:40:30Z,en,Google SR,stop automation,stop automation,0.5704,D:\Documents\FYP\Multimodal_Assistant\Voice_Architecture\ASR\audio\session_input.wav,
2026-05-18T15:45:55Z,en,Google SR,please open Google Maps,please open Google Maps,0.5727,D:\Documents\FYP\Multimodal_Assistant\Voice_Architecture\ASR\audio\session_input.wav,
2026-05-18T15:46:09Z,en,Google SR,search Melaka sentral,search Melaka sentral,2.0513,D:\Documents\FYP\Multimodal_Assistant\Voice_Architecture\ASR\audio\session_input.wav,
2026-05-18T15:46:19Z,en,Google SR,stop automation,stop automation,0.7960,D:\Documents\FYP\Multimodal_Assistant\Voice_Architecture\ASR\audio\session_input.wav,
2026-05-18T15:46:35Z,en,Google SR,open YouTube,open YouTube,0.4571,D:\Documents\FYP\Multimodal_Assistant\Voice_Architecture\ASR\audio\session_input.wav,
2026-05-18T15:46:46Z,en,Google SR,,,0.4926,D:\Documents\FYP\Multimodal_Assistant\Voice_Architecture\ASR\audio\session_input.wav,empty_transcript
2026-05-18T15:46:52Z,en,Google SR,search Justin Bieber daisies,search Justin Bieber daisies,0.4941,D:\Documents\FYP\Multimodal_Assistant\Voice_Architecture\ASR\audio\session_input.wav,
2026-05-18T15:47:04Z,en,Google SR,play first,play first,0.6393,D:\Documents\FYP\Multimodal_Assistant\Voice_Architecture\ASR\audio\session_input.wav,
2026-05-18T15:47:15Z,en,Google SR,,,1.3096,D:\Documents\FYP\Multimodal_Assistant\Voice_Architecture\ASR\audio\session_input.wav,empty_transcript
2026-05-18T15:47:21Z,en,Google SR,,,0.2977,D:\Documents\FYP\Multimodal_Assistant\Voice_Architecture\ASR\audio\session_input.wav,empty_transcript
2026-05-18T15:47:26Z,en,Google SR,,,0.3544,D:\Documents\FYP\Multimodal_Assistant\Voice_Architecture\ASR\audio\session_input.wav,empty_transcript
2026-05-18T15:47:33Z,en,Google SR,,,1.6550,D:\Documents\FYP\Multimodal_Assistant\Voice_Architecture\ASR\audio\session_input.wav,empty_transcript
2026-05-18T15:47:39Z,en,Google SR,pause video,pause video,0.6700,D:\Documents\FYP\Multimodal_Assistant\Voice_Architecture\ASR\audio\session_input.wav,
2026-05-18T15:47:49Z,en,Google SR,resume music,resume music,2.3911,D:\Documents\FYP\Multimodal_Assistant\Voice_Architecture\ASR\audio\session_input.wav,
2026-05-18T15:47:57Z,en,Google SR,stop automation,stop automation,0.3879,D:\Documents\FYP\Multimodal_Assistant\Voice_Architecture\ASR\audio\session_input.wav,
2026-05-18T15:48:09Z,en,Google SR,open WhatsApp,open WhatsApp,0.5686,D:\Documents\FYP\Multimodal_Assistant\Voice_Architecture\ASR\audio\session_input.wav,
2026-05-18T15:48:21Z,en,Google SR,select first chat,select first chat,0.9672,D:\Documents\FYP\Multimodal_Assistant\Voice_Architecture\ASR\audio\session_input.wav,
2026-05-18T15:48:30Z,en,Google SR,search user PG,search user PG,0.4408,D:\Documents\FYP\Multimodal_Assistant\Voice_Architecture\ASR\audio\session_input.wav,
2026-05-18T15:48:41Z,en,Google SR,select first chat,select first chat,2.1652,D:\Documents\FYP\Multimodal_Assistant\Voice_Architecture\ASR\audio\session_input.wav,
2026-05-18T15:48:50Z,en,Google SR,clear search,clear search,0.7778,D:\Documents\FYP\Multimodal_Assistant\Voice_Architecture\ASR\audio\session_input.wav,
2026-05-18T15:49:00Z,en,Google SR,selecta chat,selecta chat,0.4996,D:\Documents\FYP\Multimodal_Assistant\Voice_Architecture\ASR\audio\session_input.wav,
2026-05-18T15:49:12Z,en,Google SR,select third chat,select third chat,0.5167,D:\Documents\FYP\Multimodal_Assistant\Voice_Architecture\ASR\audio\session_input.wav,
2026-05-18T15:49:21Z,en,Google SR,stop automation,stop automation,0.4815,D:\Documents\FYP\Multimodal_Assistant\Voice_Architecture\ASR\audio\session_input.wav,
2026-05-18T15:49:40Z,zh,Google SR,打开谷歌新闻,Open Google News,1.7805,D:\Documents\FYP\Multimodal_Assistant\Voice_Architecture\ASR\audio\session_input.wav,
2026-05-18T15:49:58Z,zh,Google SR,搜索美国新闻,Search US News,4.2412,D:\Documents\FYP\Multimodal_Assistant\Voice_Architecture\ASR\audio\session_input.wav,
2026-05-18T15:50:11Z,zh,Google SR,,,0.5435,D:\Documents\FYP\Multimodal_Assistant\Voice_Architecture\ASR\audio\session_input.wav,empty_transcript
2026-05-18T15:50:16Z,zh,Google SR,,,0.4644,D:\Documents\FYP\Multimodal_Assistant\Voice_Architecture\ASR\audio\session_input.wav,empty_transcript
2026-05-18T15:50:23Z,zh,Google SR,,,1.2072,D:\Documents\FYP\Multimodal_Assistant\Voice_Architecture\ASR\audio\session_input.wav,empty_transcript
2026-05-18T15:50:29Z,zh,Google SR,,,0.5991,D:\Documents\FYP\Multimodal_Assistant\Voice_Architecture\ASR\audio\session_input.wav,empty_transcript
2026-05-18T15:50:35Z,zh,Google SR,,,0.3123,D:\Documents\FYP\Multimodal_Assistant\Voice_Architecture\ASR\audio\session_input.wav,empty_transcript
2026-05-18T15:50:40Z,zh,Google SR,,,0.3266,D:\Documents\FYP\Multimodal_Assistant\Voice_Architecture\ASR\audio\session_input.wav,empty_transcript
2026-05-18T15:50:46Z,zh,Google SR,,,0.3395,D:\Documents\FYP\Multimodal_Assistant\Voice_Architecture\ASR\audio\session_input.wav,empty_transcript
2026-05-18T15:50:52Z,zh,Google SR,,,0.7347,D:\Documents\FYP\Multimodal_Assistant\Voice_Architecture\ASR\audio\session_input.wav,empty_transcript
2026-05-18T15:51:04Z,zh,Google SR,搜索美国新闻,Search US News,6.8874,D:\Documents\FYP\Multimodal_Assistant\Voice_Architecture\ASR\audio\session_input.wav,
2026-05-18T15:51:17Z,zh,Google SR,,,0.5925,D:\Documents\FYP\Multimodal_Assistant\Voice_Architecture\ASR\audio\session_input.wav,empty_transcript
2026-05-18T15:51:24Z,zh,Google SR,,,1.4841,D:\Documents\FYP\Multimodal_Assistant\Voice_Architecture\ASR\audio\session_input.wav,empty_transcript
2026-05-18T15:51:30Z,zh,Google SR,,,0.5198,D:\Documents\FYP\Multimodal_Assistant\Voice_Architecture\ASR\audio\session_input.wav,empty_transcript
2026-05-18T15:51:37Z,zh,Google SR,输入美国新闻,Enter U.S. News,1.6329,D:\Documents\FYP\Multimodal_Assistant\Voice_Architecture\ASR\audio\session_input.wav,
2026-05-18T15:51:50Z,zh,Google SR,停止自动化,Stop automation,1.2035,D:\Documents\FYP\Multimodal_Assistant\Voice_Architecture\ASR\audio\session_input.wav,
2026-05-18T15:52:13Z,en,Google SR,,,1.7598,D:\Documents\FYP\Multimodal_Assistant\Voice_Architecture\ASR\audio\session_input.wav,empty_transcript
2026-05-18T15:52:34Z,zh,Google SR,打开谷歌新闻,Open Google News,1.7552,D:\Documents\FYP\Multimodal_Assistant\Voice_Architecture\ASR\audio\session_input.wav,
2026-05-18T15:52:48Z,zh,Google SR,搜索美国新闻,Search US News,1.4155,D:\Documents\FYP\Multimodal_Assistant\Voice_Architecture\ASR\audio\session_input.wav,
2026-05-18T15:53:00Z,zh,Google SR,停止自动化,Stop automation,1.1127,D:\Documents\FYP\Multimodal_Assistant\Voice_Architecture\ASR\audio\session_input.wav,
2026-05-18T15:53:14Z,zh,Google SR,打开油管,Open the oil pipe,2.5102,D:\Documents\FYP\Multimodal_Assistant\Voice_Architecture\ASR\audio\session_input.wav,
2026-05-18T15:53:30Z,zh,Google SR,搜索林俊杰我怀念的,Search for JJ Lin I miss,1.8333,D:\Documents\FYP\Multimodal_Assistant\Voice_Architecture\ASR\audio\session_input.wav,
2026-05-18T15:53:43Z,zh,Google SR,停止自动化,Stop automation,2.3077,D:\Documents\FYP\Multimodal_Assistant\Voice_Architecture\ASR\audio\session_input.wav,
2026-05-18T15:53:57Z,zh,Google SR,打开聊天应用,Open chat app,3.0164,D:\Documents\FYP\Multimodal_Assistant\Voice_Architecture\ASR\audio\session_input.wav,
2026-05-18T15:54:13Z,zh,Google SR,选择第一个聊天,Choose the first chat,3.1240,D:\Documents\FYP\Multimodal_Assistant\Voice_Architecture\ASR\audio\session_input.wav,
2026-05-18T15:54:24Z,zh,Google SR,搜索用户你好,Hello search user,1.5899,D:\Documents\FYP\Multimodal_Assistant\Voice_Architecture\ASR\audio\session_input.wav,
2026-05-18T15:54:37Z,zh,Google SR,选择第一个聊天,Choose the first chat,1.8169,D:\Documents\FYP\Multimodal_Assistant\Voice_Architecture\ASR\audio\session_input.wav,
2026-05-18T15:54:52Z,zh,Google SR,清除搜索,Clear search,4.6311,D:\Documents\FYP\Multimodal_Assistant\Voice_Architecture\ASR\audio\session_input.wav,
2026-05-18T15:55:04Z,zh,Google SR,选择第一个聊天,Choose the first chat,1.3609,D:\Documents\FYP\Multimodal_Assistant\Voice_Architecture\ASR\audio\session_input.wav,
2026-05-18T15:55:17Z,zh,Google SR,输入你好,Enter hello,2.9921,D:\Documents\FYP\Multimodal_Assistant\Voice_Architecture\ASR\audio\session_input.wav,
2026-05-18T15:55:30Z,zh,Google SR,清除对话,clear conversation,3.4225,D:\Documents\FYP\Multimodal_Assistant\Voice_Architecture\ASR\audio\session_input.wav,
2026-05-18T15:55:47Z,zh,Google SR,清除输入,clear input,2.9989,D:\Documents\FYP\Multimodal_Assistant\Voice_Architecture\ASR\audio\session_input.wav,
2026-05-18T15:56:03Z,zh,Google SR,,,0.9393,D:\Documents\FYP\Multimodal_Assistant\Voice_Architecture\ASR\audio\session_input.wav,empty_transcript
2026-05-18T15:56:11Z,zh,Google SR,清空消息,Clear messages,2.8269,D:\Documents\FYP\Multimodal_Assistant\Voice_Architecture\ASR\audio\session_input.wav,
2026-05-18T15:56:22Z,zh,Google SR,停止自动化,Stop automation,1.5176,D:\Documents\FYP\Multimodal_Assistant\Voice_Architecture\ASR\audio\session_input.wav,
2026-05-18T16:04:25Z,en,Google SR,open my downloads,open my downloads,0.4430,D:\Documents\FYP\Multimodal_Assistant\Voice_Architecture\ASR\audio\session_input.wav,
2026-05-18T16:04:51Z,en,Google SR,open WhatsApp,open WhatsApp,0.4720,D:\Documents\FYP\Multimodal_Assistant\Voice_Architecture\ASR\audio\session_input.wav,
2026-05-18T16:05:03Z,en,Google SR,selecta chat,selecta chat,0.8745,D:\Documents\FYP\Multimodal_Assistant\Voice_Architecture\ASR\audio\session_input.wav,
2026-05-18T16:05:16Z,en,Google SR,select third chat,select third chat,0.8222,D:\Documents\FYP\Multimodal_Assistant\Voice_Architecture\ASR\audio\session_input.wav,
2026-05-18T16:05:25Z,en,Google SR,search user PG,search user PG,0.8170,D:\Documents\FYP\Multimodal_Assistant\Voice_Architecture\ASR\audio\session_input.wav,
2026-05-18T16:05:36Z,en,Google SR,select first chat,select first chat,1.1311,D:\Documents\FYP\Multimodal_Assistant\Voice_Architecture\ASR\audio\session_input.wav,
2026-05-18T16:05:45Z,en,Google SR,clear search,clear search,0.5609,D:\Documents\FYP\Multimodal_Assistant\Voice_Architecture\ASR\audio\session_input.wav,
2026-05-18T16:05:55Z,en,Google SR,Select second chat,Select second chat,0.5400,D:\Documents\FYP\Multimodal_Assistant\Voice_Architecture\ASR\audio\session_input.wav,
2026-05-18T16:06:04Z,en,Google SR,type message hello,type message hello,0.6506,D:\Documents\FYP\Multimodal_Assistant\Voice_Architecture\ASR\audio\session_input.wav,
2026-05-18T16:06:13Z,en,Google SR,clear message,clear message,0.8305,D:\Documents\FYP\Multimodal_Assistant\Voice_Architecture\ASR\audio\session_input.wav,
2026-05-18T16:06:22Z,en,Google SR,stop automation,stop automation,0.4598,D:\Documents\FYP\Multimodal_Assistant\Voice_Architecture\ASR\audio\session_input.wav,
2026-05-18T16:06:40Z,en,Google SR,please open YouTube,please open YouTube,0.6222,D:\Documents\FYP\Multimodal_Assistant\Voice_Architecture\ASR\audio\session_input.wav,
2026-05-18T16:06:53Z,en,Google SR,search Justin Bieber basis,search Justin Bieber basis,1.4397,D:\Documents\FYP\Multimodal_Assistant\Voice_Architecture\ASR\audio\session_input.wav,
2026-05-18T16:07:05Z,en,Google SR,select first,select first,0.4464,D:\Documents\FYP\Multimodal_Assistant\Voice_Architecture\ASR\audio\session_input.wav,
2026-05-18T16:07:19Z,en,Google SR,play first,play first,0.6046,D:\Documents\FYP\Multimodal_Assistant\Voice_Architecture\ASR\audio\session_input.wav,
2026-05-18T16:07:29Z,en,Google SR,pause video,pause video,0.9088,D:\Documents\FYP\Multimodal_Assistant\Voice_Architecture\ASR\audio\session_input.wav,
2026-05-18T16:07:37Z,en,Google SR,stop automation,stop automation,0.5148,D:\Documents\FYP\Multimodal_Assistant\Voice_Architecture\ASR\audio\session_input.wav,
2026-05-18T16:07:54Z,en,Google SR,play video,play video,0.3438,D:\Documents\FYP\Multimodal_Assistant\Voice_Architecture\ASR\audio\session_input.wav,
2026-05-18T16:08:15Z,zh,Google SR,请打开油管,Please open the oil pipe,1.3327,D:\Documents\FYP\Multimodal_Assistant\Voice_Architecture\ASR\audio\session_input.wav,
2026-05-18T16:08:30Z,zh,Google SR,搜索林俊杰我怀念的,Search for JJ Lin I miss,2.0292,D:\Documents\FYP\Multimodal_Assistant\Voice_Architecture\ASR\audio\session_input.wav,
2026-05-18T16:08:46Z,zh,Google SR,播放第一个,play first,2.8158,D:\Documents\FYP\Multimodal_Assistant\Voice_Architecture\ASR\audio\session_input.wav,
2026-05-18T16:08:59Z,zh,Google SR,停止播放,Stop playing,1.7052,D:\Documents\FYP\Multimodal_Assistant\Voice_Architecture\ASR\audio\session_input.wav,
2026-05-18T16:09:09Z,zh,Google SR,,,0.8019,D:\Documents\FYP\Multimodal_Assistant\Voice_Architecture\ASR\audio\session_input.wav,empty_transcript
2026-05-18T16:16:58Z,zh,Google SR,请打开油管,Please open the oil pipe,1.5781,D:\Documents\FYP\Multimodal_Assistant\Voice_Architecture\ASR\audio\session_input.wav,
2026-05-18T16:17:37Z,zh,Google SR,搜索林俊杰我怀念的,Search for JJ Lin I miss,1.5754,D:\Documents\FYP\Multimodal_Assistant\Voice_Architecture\ASR\audio\session_input.wav,
2026-05-18T16:17:51Z,zh,Google SR,播放第一个,play first,1.7101,D:\Documents\FYP\Multimodal_Assistant\Voice_Architecture\ASR\audio\session_input.wav,
2026-05-18T16:18:04Z,zh,Google SR,,,0.4775,D:\Documents\FYP\Multimodal_Assistant\Voice_Architecture\ASR\audio\session_input.wav,empty_transcript
2026-05-18T16:18:12Z,zh,Google SR,调高音量,Turn up the volume,2.7174,D:\Documents\FYP\Multimodal_Assistant\Voice_Architecture\ASR\audio\session_input.wav,
2026-05-18T16:18:24Z,zh,Google SR,降低音量,lower volume,3.5163,D:\Documents\FYP\Multimodal_Assistant\Voice_Architecture\ASR\audio\session_input.wav,
2026-05-18T16:18:35Z,zh,Google SR,停止播放,Stop playing,1.1644,D:\Documents\FYP\Multimodal_Assistant\Voice_Architecture\ASR\audio\session_input.wav,
2026-05-18T16:18:45Z,zh,Google SR,继续播放,continue playing,1.3033,D:\Documents\FYP\Multimodal_Assistant\Voice_Architecture\ASR\audio\session_input.wav,
2026-05-18T16:18:56Z,zh,Google SR,停止自动化,Stop automation,1.7143,D:\Documents\FYP\Multimodal_Assistant\Voice_Architecture\ASR\audio\session_input.wav,
2026-05-18T16:19:09Z,zh,Google SR,打开聊天应用,Open chat app,1.2914,D:\Documents\FYP\Multimodal_Assistant\Voice_Architecture\ASR\audio\session_input.wav,
2026-05-18T16:19:23Z,zh,Google SR,搜索你好,search hello,2.6255,D:\Documents\FYP\Multimodal_Assistant\Voice_Architecture\ASR\audio\session_input.wav,
2026-05-18T16:19:42Z,zh,Google SR,搜索用户好的,Search user ok,3.4017,D:\Documents\FYP\Multimodal_Assistant\Voice_Architecture\ASR\audio\session_input.wav,
2026-05-18T16:19:54Z,zh,Google SR,选择第一个聊天,Choose the first chat,1.1448,D:\Documents\FYP\Multimodal_Assistant\Voice_Architecture\ASR\audio\session_input.wav,
2026-05-18T16:20:05Z,zh,Google SR,输入好的没问题,No problem if you enter it,1.8583,D:\Documents\FYP\Multimodal_Assistant\Voice_Architecture\ASR\audio\session_input.wav,
2026-05-18T16:20:16Z,zh,Google SR,清空聊天,Clear chat,2.3590,D:\Documents\FYP\Multimodal_Assistant\Voice_Architecture\ASR\audio\session_input.wav,
2026-05-18T16:20:31Z,zh,Google SR,,,0.6688,D:\Documents\FYP\Multimodal_Assistant\Voice_Architecture\ASR\audio\session_input.wav,empty_transcript
2026-05-18T16:20:39Z,zh,Google SR,清除消息,clear message,3.4005,D:\Documents\FYP\Multimodal_Assistant\Voice_Architecture\ASR\audio\session_input.wav,
2026-05-18T16:20:53Z,zh,Google SR,清空搜索,Clear search,4.4043,D:\Documents\FYP\Multimodal_Assistant\Voice_Architecture\ASR\audio\session_input.wav,
2026-05-18T16:21:05Z,zh,Google SR,选择第一个聊天,Choose the first chat,1.0928,D:\Documents\FYP\Multimodal_Assistant\Voice_Architecture\ASR\audio\session_input.wav,
2026-05-18T16:21:16Z,zh,Google SR,停止自动化,Stop automation,1.2968,D:\Documents\FYP\Multimodal_Assistant\Voice_Architecture\ASR\audio\session_input.wav,
2026-05-18T16:21:27Z,zh,Google SR,打开谷歌新闻,Open Google News,1.4804,D:\Documents\FYP\Multimodal_Assistant\Voice_Architecture\ASR\audio\session_input.wav,
2026-05-18T16:21:41Z,zh,Google SR,搜索美国新闻,Search US News,1.6538,D:\Documents\FYP\Multimodal_Assistant\Voice_Architecture\ASR\audio\session_input.wav,
2026-05-18T16:21:53Z,zh,Google SR,停止自动化,Stop automation,1.9278,D:\Documents\FYP\Multimodal_Assistant\Voice_Architecture\ASR\audio\session_input.wav,
2026-05-18T16:22:06Z,en,Google SR,hello please open YouTube,hello please open YouTube,0.6593,D:\Documents\FYP\Multimodal_Assistant\Voice_Architecture\ASR\audio\session_input.wav,
2026-05-18T16:22:18Z,en,Google SR,search Justin Bieber Beauty and a Beat,search Justin Bieber Beauty and a Beat,0.5628,D:\Documents\FYP\Multimodal_Assistant\Voice_Architecture\ASR\audio\session_input.wav,
2026-05-18T16:22:29Z,en,Google SR,play first,play first,0.4256,D:\Documents\FYP\Multimodal_Assistant\Voice_Architecture\ASR\audio\session_input.wav,
2026-05-18T16:22:40Z,en,Google SR,increase volume,increase volume,0.3909,D:\Documents\FYP\Multimodal_Assistant\Voice_Architecture\ASR\audio\session_input.wav,
2026-05-18T16:22:48Z,en,Google SR,decrease volume,decrease volume,0.3721,D:\Documents\FYP\Multimodal_Assistant\Voice_Architecture\ASR\audio\session_input.wav,
2026-05-18T16:22:57Z,en,Google SR,pause video,pause video,0.6029,D:\Documents\FYP\Multimodal_Assistant\Voice_Architecture\ASR\audio\session_input.wav,
2026-05-18T16:23:04Z,en,Google SR,stop automation,stop automation,0.4607,D:\Documents\FYP\Multimodal_Assistant\Voice_Architecture\ASR\audio\session_input.wav,
2026-05-18T16:23:18Z,en,Google SR,please take screenshot,please take screenshot,0.8171,D:\Documents\FYP\Multimodal_Assistant\Voice_Architecture\ASR\audio\session_input.wav,
2026-05-18T16:23:51Z,en,Google SR,take screenshot,take screenshot,0.6220,D:\Documents\FYP\Multimodal_Assistant\Voice_Architecture\ASR\audio\session_input.wav,
2026-05-18T16:24:27Z,zh,Google SR,请截屏,Please take a screenshot,9.3988,D:\Documents\FYP\Multimodal_Assistant\Voice_Architecture\ASR\audio\session_input.wav,
2026-05-23T03:35:18Z,en,Google SR,good morning please open WhatsApp,good morning please open WhatsApp,0.5682,D:\Documents\FYP\Multimodal_Assistant\Voice_Architecture\ASR\audio\session_input.wav,
2026-05-23T03:35:29Z,en,Google SR,select first chat,select first chat,0.5815,D:\Documents\FYP\Multimodal_Assistant\Voice_Architecture\ASR\audio\session_input.wav,
2026-05-23T03:35:40Z,en,Google SR,send message,send message,1.8663,D:\Documents\FYP\Multimodal_Assistant\Voice_Architecture\ASR\audio\session_input.wav,
2026-05-23T03:35:48Z,en,Google SR,stop automation,stop automation,0.4558,D:\Documents\FYP\Multimodal_Assistant\Voice_Architecture\ASR\audio\session_input.wav,
2026-05-23T03:36:06Z,en,Google SR,good morning marino's what is the meaning of,good morning marino's what is the meaning of,0.6324,D:\Documents\FYP\Multimodal_Assistant\Voice_Architecture\ASR\audio\session_input.wav,
2026-05-23T03:36:30Z,en,Google SR,may I know what is the meaning of computer science,may I know what is the meaning of computer science,0.5104,D:\Documents\FYP\Multimodal_Assistant\Voice_Architecture\ASR\audio\session_input.wav,
2026-05-23T03:39:24Z,en,Google SR,,,0.3720,D:\Documents\FYP\Multimodal_Assistant\Voice_Architecture\ASR\audio\session_input.wav,empty_transcript;empty_transcript
2026-05-23T03:39:47Z,zh,Google SR,截图,screenshot,1.9938,D:\Documents\FYP\Multimodal_Assistant\Voice_Architecture\ASR\audio\session_input.wav,
2026-05-23T04:17:24Z,en,Google SR,what is the time today,what is the time today,0.4639,D:\Documents\FYP\Multimodal_Assistant\Voice_Architecture\ASR\audio\session_input.wav,
2026-05-23T04:35:46Z,en,Google SR,may I know what time is today,may I know what time is today,0.5119,D:\Documents\FYP\Multimodal_Assistant\Voice_Architecture\ASR\audio\session_input.wav,
2026-05-23T04:36:09Z,en,Google SR,what is today's date,what is today's date,0.4424,D:\Documents\FYP\Multimodal_Assistant\Voice_Architecture\ASR\audio\session_input.wav,
2026-05-23T04:36:46Z,zh,Google SR,今天是什么日期,what date is today,1.6895,D:\Documents\FYP\Multimodal_Assistant\Voice_Architecture\ASR\audio\session_input.wav,
2026-05-23T04:37:00Z,zh,Google SR,今天是什么时间,what time is it today,1.3499,D:\Documents\FYP\Multimodal_Assistant\Voice_Architecture\ASR\audio\session_input.wav,
2026-05-23T04:37:43Z,en,Google SR,what is today's date,what is today's date,0.5028,D:\Documents\FYP\Multimodal_Assistant\Voice_Architecture\ASR\audio\session_input.wav,
2026-05-23T04:37:57Z,en,Google SR,what time now,what time now,0.3780,D:\Documents\FYP\Multimodal_Assistant\Voice_Architecture\ASR\audio\session_input.wav,
2026-05-23T08:36:59Z,en,Google SR,take screenshot,take screenshot,1.0927,D:\Documents\FYP\Multimodal_Assistant\Voice_Architecture\ASR\audio\session_input.wav,
2026-05-23T08:37:52Z,en,Google SR,what is the meaning of life,what is the meaning of life,1.1034,D:\Documents\FYP\Multimodal_Assistant\Voice_Architecture\ASR\audio\session_input.wav,
2026-05-23T08:47:48Z,en,Google SR,take screenshot,take screenshot,1.0137,D:\Documents\FYP\Multimodal_Assistant\Voice_Architecture\ASR\audio\session_input.wav,
2026-05-23T08:48:35Z,en,Google SR,cinta Kai deltin in Yong,cinta Kai deltin in Yong,1.6193,D:\Documents\FYP\Multimodal_Assistant\Voice_Architecture\ASR\audio\session_input.wav,
2026-05-23T09:00:33Z,zh,Google SR,请打开聊天应用,Please open the chat app,3.0764,D:\Documents\FYP\Multimodal_Assistant\Voice_Architecture\ASR\audio\session_input.wav,
2026-05-23T09:00:49Z,zh,Google SR,选择第二个聊天,Choose a second chat,2.7832,D:\Documents\FYP\Multimodal_Assistant\Voice_Architecture\ASR\audio\session_input.wav,
2026-05-23T09:01:01Z,zh,Google SR,搜索用户PG,Search user PG,3.0591,D:\Documents\FYP\Multimodal_Assistant\Voice_Architecture\ASR\audio\session_input.wav,
2026-05-23T09:01:15Z,zh,Google SR,,,0.7905,D:\Documents\FYP\Multimodal_Assistant\Voice_Architecture\ASR\audio\session_input.wav,empty_transcript;empty_transcript
2026-05-23T09:01:23Z,zh,Google SR,选择第一个聊天,Choose the first chat,2.4290,D:\Documents\FYP\Multimodal_Assistant\Voice_Architecture\ASR\audio\session_input.wav,
2026-05-23T09:01:35Z,zh,Google SR,停止自动化,Stop automation,2.7834,D:\Documents\FYP\Multimodal_Assistant\Voice_Architecture\ASR\audio\session_input.wav,
2026-05-23T09:01:54Z,en,Google SR,please take screenshot,please take screenshot,1.0944,D:\Documents\FYP\Multimodal_Assistant\Voice_Architecture\ASR\audio\session_input.wav,
2026-05-23T09:02:24Z,zh,Google SR,截图,screenshot,1.8371,D:\Documents\FYP\Multimodal_Assistant\Voice_Architecture\ASR\audio\session_input.wav,
2026-05-23T09:05:51Z,en,Google SR,what is the meaning of life,what is the meaning of life,1.1164,D:\Documents\FYP\Multimodal_Assistant\Voice_Architecture\ASR\audio\session_input.wav,
2026-05-23T09:06:20Z,en,Google SR,what is 1 + 1,what is 1 + 1,1.0551,D:\Documents\FYP\Multimodal_Assistant\Voice_Architecture\ASR\audio\session_input.wav,
2026-05-23T09:10:04Z,en,Google SR,1 + 1 = what,1 + 1 = what,1.3162,D:\Documents\FYP\Multimodal_Assistant\Voice_Architecture\ASR\audio\session_input.wav,
2026-05-23T09:11:51Z,en,Google SR,3 / 2 =,3 / 2 =,1.4809,D:\Documents\FYP\Multimodal_Assistant\Voice_Architecture\ASR\audio\session_input.wav,
2026-05-23T09:12:16Z,zh,Google SR,三乘九等于多少,What is three times nine?,3.1204,D:\Documents\FYP\Multimodal_Assistant\Voice_Architecture\ASR\audio\session_input.wav,
2026-05-23T10:19:31Z,en,Google SR,please open WhatsApp,please open WhatsApp,1.8823,D:\Documents\FYP\Multimodal_Assistant\Voice_Architecture\ASR\audio\session_input.wav,
2026-05-23T10:19:43Z,en,Google SR,search user PG,search user PG,1.4043,D:\Documents\FYP\Multimodal_Assistant\Voice_Architecture\ASR\audio\session_input.wav,
2026-05-23T10:19:53Z,en,Google SR,stop automation,stop automation,1.2261,D:\Documents\FYP\Multimodal_Assistant\Voice_Architecture\ASR\audio\session_input.wav,
2026-05-23T15:45:02Z,en,Google SR,good day what is 15 /,good day what is 15 /,0.7930,D:\Documents\FYP\Multimodal_Assistant\Voice_Architecture\ASR\audio\session_input.wav,
2026-05-23T15:45:18Z,en,Google SR,good day what is the result of 15 / 9,good day what is the result of 15 / 9,0.6647,D:\Documents\FYP\Multimodal_Assistant\Voice_Architecture\ASR\audio\session_input.wav,
2026-05-23T15:45:47Z,zh,Google SR,三乘五等于多少,What is three times five?,2.8570,D:\Documents\FYP\Multimodal_Assistant\Voice_Architecture\ASR\audio\session_input.wav,
2026-05-23T16:01:22Z,zh,Google SR,五乘15等于多少,What is five times 15?,1.8921,D:\Documents\FYP\Multimodal_Assistant\Voice_Architecture\ASR\audio\session_input.wav,
2026-05-23T16:01:39Z,zh,Google SR,75除2等于多少,What is 75 divided by 2?,2.0504,D:\Documents\FYP\Multimodal_Assistant\Voice_Architecture\ASR\audio\session_input.wav,
2026-05-23T16:01:54Z,en,Google SR,what is the answer for 5 / 3,what is the answer for 5 / 3,0.7722,D:\Documents\FYP\Multimodal_Assistant\Voice_Architecture\ASR\audio\session_input.wav,
2026-05-23T16:02:07Z,en,Google SR,open WhatsApp,open WhatsApp,0.3967,D:\Documents\FYP\Multimodal_Assistant\Voice_Architecture\ASR\audio\session_input.wav,
2026-05-23T16:02:19Z,en,Google SR,Select second chat,Select second chat,0.6047,D:\Documents\FYP\Multimodal_Assistant\Voice_Architecture\ASR\audio\session_input.wav,
2026-05-23T16:02:28Z,en,Google SR,stop operation,stop operation,0.3612,D:\Documents\FYP\Multimodal_Assistant\Voice_Architecture\ASR\audio\session_input.wav,
2026-05-23T16:02:46Z,zh,Google SR,请打开聊天应用,Please open the chat app,1.1302,D:\Documents\FYP\Multimodal_Assistant\Voice_Architecture\ASR\audio\session_input.wav,
2026-05-23T16:03:00Z,zh,Google SR,选择第2个聊天,Choose the 2nd chat,1.2708,D:\Documents\FYP\Multimodal_Assistant\Voice_Architecture\ASR\audio\session_input.wav,
2026-05-23T16:03:17Z,zh,Google SR,选择第2个聊天,Choose the 2nd chat,1.4803,D:\Documents\FYP\Multimodal_Assistant\Voice_Architecture\ASR\audio\session_input.wav,
2026-05-23T16:03:33Z,zh,Google SR,搜索用户PG,Search user PG,1.2832,D:\Documents\FYP\Multimodal_Assistant\Voice_Architecture\ASR\audio\session_input.wav,
2026-05-23T16:03:46Z,zh,Google SR,选择第一个聊天,Choose the first chat,2.4496,D:\Documents\FYP\Multimodal_Assistant\Voice_Architecture\ASR\audio\session_input.wav,
2026-05-23T16:03:57Z,zh,Google SR,选择第2个聊天,Choose the 2nd chat,1.2099,D:\Documents\FYP\Multimodal_Assistant\Voice_Architecture\ASR\audio\session_input.wav,
2026-05-23T16:04:12Z,zh,Google SR,停止自动化,Stop automation,0.9921,D:\Documents\FYP\Multimodal_Assistant\Voice_Architecture\ASR\audio\session_input.wav,
2026-05-23T16:24:14Z,en,Google SR,please open Google Maps,please open Google Maps,0.4372,D:\Documents\FYP\Multimodal_Assistant\Voice_Architecture\ASR\audio\session_input.wav,
2026-05-23T16:24:32Z,en,Google SR,,,0.1951,D:\Documents\FYP\Multimodal_Assistant\Voice_Architecture\ASR\audio\session_input.wav,empty_transcript;empty_transcript
2026-05-23T16:24:38Z,en,Google SR,search for Melaka,search for Melaka,0.4274,D:\Documents\FYP\Multimodal_Assistant\Voice_Architecture\ASR\audio\session_input.wav,
2026-05-23T16:24:47Z,en,Google SR,stop automation,stop automation,0.4791,D:\Documents\FYP\Multimodal_Assistant\Voice_Architecture\ASR\audio\session_input.wav,
2026-05-23T16:31:28Z,en,Google SR,please open YouTube,please open YouTube,0.8003,D:\Documents\FYP\Multimodal_Assistant\Voice_Architecture\ASR\audio\session_input.wav,
2026-05-23T16:31:41Z,en,Google SR,search for Justin,search for Justin,0.3473,D:\Documents\FYP\Multimodal_Assistant\Voice_Architecture\ASR\audio\session_input.wav,
2026-05-23T16:31:53Z,en,Google SR,what is 3 + 3,what is 3 + 3,0.8101,D:\Documents\FYP\Multimodal_Assistant\Voice_Architecture\ASR\audio\session_input.wav,
2026-05-23T16:32:05Z,en,Google SR,stop automation,stop automation,0.4070,D:\Documents\FYP\Multimodal_Assistant\Voice_Architecture\ASR\audio\session_input.wav,
2026-05-23T16:38:49Z,en,Google SR,could you please open YouTube,could you please open YouTube,0.4061,D:\Documents\FYP\Multimodal_Assistant\Voice_Architecture\ASR\audio\session_input.wav,
2026-05-23T16:39:04Z,en,Google SR,,,0.3917,D:\Documents\FYP\Multimodal_Assistant\Voice_Architecture\ASR\audio\session_input.wav,empty_transcript;empty_transcript
2026-05-23T16:39:09Z,en,Google SR,search Justin Bieber daisies,search Justin Bieber daisies,0.4877,D:\Documents\FYP\Multimodal_Assistant\Voice_Architecture\ASR\audio\session_input.wav,
2026-05-23T16:39:21Z,en,Google SR,stop automation,stop automation,0.3950,D:\Documents\FYP\Multimodal_Assistant\Voice_Architecture\ASR\audio\session_input.wav,
2026-05-23T16:39:43Z,en,Google SR,good morning how are you today,good morning how are you today,0.5087,D:\Documents\FYP\Multimodal_Assistant\Voice_Architecture\ASR\audio\session_input.wav,
2026-05-23T16:40:13Z,zh,Google SR,请打开聊天机器,Please open the chat machine,2.6566,D:\Documents\FYP\Multimodal_Assistant\Voice_Architecture\ASR\audio\session_input.wav,
2026-05-23T16:40:26Z,zh,Google SR,,,0.5419,D:\Documents\FYP\Multimodal_Assistant\Voice_Architecture\ASR\audio\session_input.wav,empty_transcript;empty_transcript
2026-05-23T16:40:32Z,zh,Google SR,,,0.4199,D:\Documents\FYP\Multimodal_Assistant\Voice_Architecture\ASR\audio\session_input.wav,empty_transcript;empty_transcript
2026-05-23T16:40:40Z,zh,Google SR,搜索什么是AI,Search What is AI,2.4432,D:\Documents\FYP\Multimodal_Assistant\Voice_Architecture\ASR\audio\session_input.wav,
2026-05-23T16:40:52Z,zh,Google SR,停止自动化,Stop automation,0.8666,D:\Documents\FYP\Multimodal_Assistant\Voice_Architecture\ASR\audio\session_input.wav,
2026-05-23T16:41:13Z,en,Google SR,please open Google News,please open Google News,0.3961,D:\Documents\FYP\Multimodal_Assistant\Voice_Architecture\ASR\audio\session_input.wav,
2026-05-23T16:41:24Z,en,Google SR,what is,what is,0.3607,D:\Documents\FYP\Multimodal_Assistant\Voice_Architecture\ASR\audio\session_input.wav,
2026-05-23T16:41:37Z,en,Google SR,what is 1 + 1,what is 1 + 1,0.4637,D:\Documents\FYP\Multimodal_Assistant\Voice_Architecture\ASR\audio\session_input.wav,
2026-05-23T16:41:50Z,en,Google SR,search for news in Malaysia,search for news in Malaysia,0.6476,D:\Documents\FYP\Multimodal_Assistant\Voice_Architecture\ASR\audio\session_input.wav,
2026-05-23T16:41:58Z,en,Google SR,stop automation,stop automation,0.3876,D:\Documents\FYP\Multimodal_Assistant\Voice_Architecture\ASR\audio\session_input.wav,
2026-05-23T16:42:13Z,en,Google SR,what is 1 + 1,what is 1 + 1,0.4273,D:\Documents\FYP\Multimodal_Assistant\Voice_Architecture\ASR\audio\session_input.wav,
2026-05-23T16:42:27Z,en,Google SR,please open YouTube,please open YouTube,0.3954,D:\Documents\FYP\Multimodal_Assistant\Voice_Architecture\ASR\audio\session_input.wav,
2026-05-23T16:42:40Z,en,Google SR,stop automation,stop automation,0.7726,D:\Documents\FYP\Multimodal_Assistant\Voice_Architecture\ASR\audio\session_input.wav,
2026-05-23T16:43:00Z,en,Google SR,please open YouTube,please open YouTube,0.5025,D:\Documents\FYP\Multimodal_Assistant\Voice_Architecture\ASR\audio\session_input.wav,
2026-05-23T16:43:12Z,en,Google SR,search for Justin Bieber,search for Justin Bieber,0.6444,D:\Documents\FYP\Multimodal_Assistant\Voice_Architecture\ASR\audio\session_input.wav,
2026-05-23T16:43:23Z,en,Google SR,play first,play first,0.3575,D:\Documents\FYP\Multimodal_Assistant\Voice_Architecture\ASR\audio\session_input.wav,
2026-05-23T16:43:34Z,en,Google SR,stop automation,stop automation,0.3769,D:\Documents\FYP\Multimodal_Assistant\Voice_Architecture\ASR\audio\session_input.wav,
2026-05-23T16:43:55Z,zh,Google SR,请打开油管,Please open the oil pipe,1.5843,D:\Documents\FYP\Multimodal_Assistant\Voice_Architecture\ASR\audio\session_input.wav,
2026-05-23T16:44:10Z,zh,Google SR,搜索周杰伦,Search Jay Chou,2.3134,D:\Documents\FYP\Multimodal_Assistant\Voice_Architecture\ASR\audio\session_input.wav,
2026-05-23T16:44:24Z,zh,Google SR,播放第一个,play first,1.8297,D:\Documents\FYP\Multimodal_Assistant\Voice_Architecture\ASR\audio\session_input.wav,
2026-05-23T16:44:38Z,zh,Google SR,暂停音乐,Pause music,2.3717,D:\Documents\FYP\Multimodal_Assistant\Voice_Architecture\ASR\audio\session_input.wav,
2026-05-23T16:44:47Z,zh,Google SR,停止自动化,Stop automation,0.8742,D:\Documents\FYP\Multimodal_Assistant\Voice_Architecture\ASR\audio\session_input.wav,
2026-05-23T16:45:06Z,zh,Google SR,请打开聊天应用,Please open the chat app,1.5077,D:\Documents\FYP\Multimodal_Assistant\Voice_Architecture\ASR\audio\session_input.wav,
2026-05-23T16:45:19Z,zh,Google SR,,,0.3757,D:\Documents\FYP\Multimodal_Assistant\Voice_Architecture\ASR\audio\session_input.wav,empty_transcript;empty_transcript
2026-05-23T16:45:26Z,zh,Google SR,清除搜索,Clear search,1.5215,D:\Documents\FYP\Multimodal_Assistant\Voice_Architecture\ASR\audio\session_input.wav,
2026-05-23T16:45:39Z,zh,Google SR,选择第一个聊天,Choose the first chat,2.0305,D:\Documents\FYP\Multimodal_Assistant\Voice_Architecture\ASR\audio\session_input.wav,
2026-05-23T16:45:50Z,zh,Google SR,选择第二个聊天,Choose a second chat,1.7905,D:\Documents\FYP\Multimodal_Assistant\Voice_Architecture\ASR\audio\session_input.wav,
2026-05-23T16:46:03Z,zh,Google SR,输入你好吗,Enter how are you?,2.5380,D:\Documents\FYP\Multimodal_Assistant\Voice_Architecture\ASR\audio\session_input.wav,
2026-05-23T16:46:15Z,zh,Google SR,清空消息,Clear messages,2.5233,D:\Documents\FYP\Multimodal_Assistant\Voice_Architecture\ASR\audio\session_input.wav,
2026-05-23T16:46:27Z,zh,Google SR,输入好的没问题,No problem if you enter it,2.1530,D:\Documents\FYP\Multimodal_Assistant\Voice_Architecture\ASR\audio\session_input.wav,
2026-05-23T16:46:36Z,zh,Google SR,,,0.4880,D:\Documents\FYP\Multimodal_Assistant\Voice_Architecture\ASR\audio\session_input.wav,empty_transcript;empty_transcript
2026-05-23T16:46:42Z,zh,Google SR,停止自动化,Stop automation,1.1420,D:\Documents\FYP\Multimodal_Assistant\Voice_Architecture\ASR\audio\session_input.wav,
2026-05-23T16:46:54Z,en,Google SR,please open WhatsApp,please open WhatsApp,0.3892,D:\Documents\FYP\Multimodal_Assistant\Voice_Architecture\ASR\audio\session_input.wav,
2026-05-23T16:47:05Z,en,Google SR,Select second chat,Select second chat,0.4718,D:\Documents\FYP\Multimodal_Assistant\Voice_Architecture\ASR\audio\session_input.wav,
2026-05-23T16:47:14Z,en,Google SR,how are you today,how are you today,0.4215,D:\Documents\FYP\Multimodal_Assistant\Voice_Architecture\ASR\audio\session_input.wav,
2026-05-23T16:47:27Z,en,Google SR,please type how are you today,please type how are you today,0.5577,D:\Documents\FYP\Multimodal_Assistant\Voice_Architecture\ASR\audio\session_input.wav,
2026-05-23T16:47:35Z,en,Google SR,,,0.3382,D:\Documents\FYP\Multimodal_Assistant\Voice_Architecture\ASR\audio\session_input.wav,empty_transcript;empty_transcript
2026-05-23T16:47:41Z,en,Google SR,clear message,clear message,0.4143,D:\Documents\FYP\Multimodal_Assistant\Voice_Architecture\ASR\audio\session_input.wav,
2026-05-23T16:47:49Z,en,Google SR,please type I'm fine thank you,please type I'm fine thank you,0.4890,D:\Documents\FYP\Multimodal_Assistant\Voice_Architecture\ASR\audio\session_input.wav,
2026-05-23T16:47:58Z,en,Google SR,clear message,clear message,0.4108,D:\Documents\FYP\Multimodal_Assistant\Voice_Architecture\ASR\audio\session_input.wav,
2026-05-23T16:48:07Z,en,Google SR,search user PG,search user PG,0.7213,D:\Documents\FYP\Multimodal_Assistant\Voice_Architecture\ASR\audio\session_input.wav,
2026-05-23T16:48:17Z,en,Google SR,stop automation,stop automation,0.4498,D:\Documents\FYP\Multimodal_Assistant\Voice_Architecture\ASR\audio\session_input.wav,
2026-05-23T16:48:28Z,zh,Google SR,请打开聊天应用,Please open the chat app,1.0426,D:\Documents\FYP\Multimodal_Assistant\Voice_Architecture\ASR\audio\session_input.wav,
2026-05-23T16:48:43Z,zh,Google SR,搜索用户好的没问题,No problem if the search user is good,1.8515,D:\Documents\FYP\Multimodal_Assistant\Voice_Architecture\ASR\audio\session_input.wav,
2026-05-23T16:48:54Z,zh,Google SR,清除搜索,Clear search,1.2465,D:\Documents\FYP\Multimodal_Assistant\Voice_Architecture\ASR\audio\session_input.wav,
2026-05-23T16:49:07Z,zh,Google SR,选择第三个聊天,Choose third chat,2.4343,D:\Documents\FYP\Multimodal_Assistant\Voice_Architecture\ASR\audio\session_input.wav,
2026-05-23T16:49:18Z,zh,Google SR,输入不错哦,Good input,1.4307,D:\Documents\FYP\Multimodal_Assistant\Voice_Architecture\ASR\audio\session_input.wav,
2026-05-23T16:49:29Z,zh,Google SR,清空消息,Clear messages,1.3611,D:\Documents\FYP\Multimodal_Assistant\Voice_Architecture\ASR\audio\session_input.wav,
2026-05-23T16:49:40Z,zh,Google SR,输入我现在在用一个机器和你聊天,Enter I am now chatting with you using a machine,1.9493,D:\Documents\FYP\Multimodal_Assistant\Voice_Architecture\ASR\audio\session_input.wav,
2026-05-23T16:49:50Z,zh,Google SR,清空消息,Clear messages,0.8386,D:\Documents\FYP\Multimodal_Assistant\Voice_Architecture\ASR\audio\session_input.wav,
2026-05-23T16:50:02Z,zh,Google SR,什么是三家三等于多少,What is three families and how much is three?,1.7074,D:\Documents\FYP\Multimodal_Assistant\Voice_Architecture\ASR\audio\session_input.wav,
2026-05-23T16:50:17Z,zh,Google SR,停止自动化,Stop automation,0.9852,D:\Documents\FYP\Multimodal_Assistant\Voice_Architecture\ASR\audio\session_input.wav,
2026-05-23T16:51:15Z,zh,Google SR,五X等于多少,What is five X equal to?,2.1564,D:\Documents\FYP\Multimodal_Assistant\Voice_Architecture\ASR\audio\session_input.wav,
2026-05-23T16:51:33Z,zh,Google SR,五X等于多少,What is five X equal to?,1.2790,D:\Documents\FYP\Multimodal_Assistant\Voice_Architecture\ASR\audio\session_input.wav,
2026-05-23T16:51:51Z,zh,Google SR,三家三等于多少,What is the value of three families and three?,2.0780,D:\Documents\FYP\Multimodal_Assistant\Voice_Architecture\ASR\audio\session_input.wav,
2026-05-23T16:52:13Z,zh,Google SR,一加一等于多少,What is one plus one equal to?,2.3891,D:\Documents\FYP\Multimodal_Assistant\Voice_Architecture\ASR\audio\session_input.wav,
2026-05-23T16:52:28Z,zh,Google SR,删除5等于多少,What is the value of deleting 5?,2.0652,D:\Documents\FYP\Multimodal_Assistant\Voice_Architecture\ASR\audio\session_input.wav,
2026-05-23T16:52:47Z,en,Google SR,,,0.5377,D:\Documents\FYP\Multimodal_Assistant\Voice_Architecture\ASR\audio\session_input.wav,empty_transcript;empty_transcript
2026-05-23T16:52:57Z,en,Google SR,,,0.4870,D:\Documents\FYP\Multimodal_Assistant\Voice_Architecture\ASR\audio\session_input.wav,empty_transcript;empty_transcript
2026-05-23T16:53:44Z,en,Google SR,,,0.5018,D:\Documents\FYP\Multimodal_Assistant\Voice_Architecture\ASR\audio\session_input.wav,empty_transcript;empty_transcript
2026-05-23T16:54:09Z,zh,Google SR,一加五等于多少,What is one plus five?,1.6262,D:\Documents\FYP\Multimodal_Assistant\Voice_Architecture\ASR\audio\session_input.wav,
2026-05-23T16:54:22Z,en,Google SR,what is 3 * 3,what is 3 * 3,0.5798,D:\Documents\FYP\Multimodal_Assistant\Voice_Architecture\ASR\audio\session_input.wav,
2026-05-23T16:54:34Z,en,Google SR,please open WhatsApp,please open WhatsApp,0.7171,D:\Documents\FYP\Multimodal_Assistant\Voice_Architecture\ASR\audio\session_input.wav,
2026-05-23T16:54:45Z,en,Google SR,Select second chat,Select second chat,0.5445,D:\Documents\FYP\Multimodal_Assistant\Voice_Architecture\ASR\audio\session_input.wav,
2026-05-23T16:54:56Z,en,Google SR,select first chat,select first chat,0.9843,D:\Documents\FYP\Multimodal_Assistant\Voice_Architecture\ASR\audio\session_input.wav,
2026-05-23T16:55:05Z,en,Google SR,stop automation,stop automation,0.5253,D:\Documents\FYP\Multimodal_Assistant\Voice_Architecture\ASR\audio\session_input.wav,
2026-05-23T16:55:19Z,en,Google SR,what is today's date,what is today's date,0.4246,D:\Documents\FYP\Multimodal_Assistant\Voice_Architecture\ASR\audio\session_input.wav,
2026-05-23T16:55:34Z,zh,Google SR,现在是什么时间,what time is it now,2.6982,D:\Documents\FYP\Multimodal_Assistant\Voice_Architecture\ASR\audio\session_input.wav,
2026-05-23T16:55:48Z,zh,Google SR,今天是什么日期,what date is today,1.2914,D:\Documents\FYP\Multimodal_Assistant\Voice_Architecture\ASR\audio\session_input.wav,
2026-05-23T16:56:01Z,zh,Google SR,打开谷歌地图,Open Google Maps,1.5043,D:\Documents\FYP\Multimodal_Assistant\Voice_Architecture\ASR\audio\session_input.wav,
2026-05-23T16:56:17Z,zh,Google SR,搜索马来西亚新闻,Search Malaysia News,2.2768,D:\Documents\FYP\Multimodal_Assistant\Voice_Architecture\ASR\audio\session_input.wav,
2026-05-23T16:56:27Z,zh,Google SR,停止自动化,Stop automation,0.9042,D:\Documents\FYP\Multimodal_Assistant\Voice_Architecture\ASR\audio\session_input.wav,
2026-05-23T16:57:01Z,en,Google SR,what time is now,what time is now,0.4538,D:\Documents\FYP\Multimodal_Assistant\Voice_Architecture\ASR\audio\session_input.wav,
2026-05-23T16:57:14Z,en,Google SR,what is today's date,what is today's date,0.3466,D:\Documents\FYP\Multimodal_Assistant\Voice_Architecture\ASR\audio\session_input.wav,
2026-05-23T16:57:41Z,en,Google SR,open my downloads,open my downloads,0.6032,D:\Documents\FYP\Multimodal_Assistant\Voice_Architecture\ASR\audio\session_input.wav,
2026-05-23T16:58:05Z,en,Google SR,what is the meaning of computer science,what is the meaning of computer science,0.5030,D:\Documents\FYP\Multimodal_Assistant\Voice_Architecture\ASR\audio\session_input.wav,
2026-05-23T16:58:23Z,en,Google SR,can you explain what is the meaning of computer science,can you explain what is the meaning of computer science,0.6276,D:\Documents\FYP\Multimodal_Assistant\Voice_Architecture\ASR\audio\session_input.wav,
2026-05-23T16:58:49Z,en,Google SR,please open Google News,please open Google News,0.3799,D:\Documents\FYP\Multimodal_Assistant\Voice_Architecture\ASR\audio\session_input.wav,
2026-05-23T16:59:00Z,en,Google SR,search for news in Malaysia,search for news in Malaysia,0.7091,D:\Documents\FYP\Multimodal_Assistant\Voice_Architecture\ASR\audio\session_input.wav,
2026-05-23T16:59:09Z,en,Google SR,stop automation,stop automation,0.4878,D:\Documents\FYP\Multimodal_Assistant\Voice_Architecture\ASR\audio\session_input.wav,
2026-05-24T05:03:42Z,en,Google SR,good morning please open gesture control,good morning please open gesture control,0.5782,D:\Documents\FYP\Multimodal_Assistant\Voice_Architecture\ASR\audio\session_input.wav,
2026-05-24T05:04:46Z,en,Google SR,what is 1 + 1,what is 1 + 1,0.3999,D:\Documents\FYP\Multimodal_Assistant\Voice_Architecture\ASR\audio\session_input.wav,
2026-05-24T05:06:56Z,en,Google SR,,,0.3681,D:\Documents\FYP\Multimodal_Assistant\Voice_Architecture\ASR\audio\session_input.wav,empty_transcript;empty_transcript
2026-05-24T05:24:47Z,en,Google SR,please open gesture control,please open gesture control,0.6926,D:\Documents\FYP\Multimodal_Assistant\Voice_Architecture\ASR\audio\session_input.wav,
2026-05-24T05:25:29Z,en,Google SR,,,3.2896,D:\Documents\FYP\Multimodal_Assistant\Voice_Architecture\ASR\audio\session_input.wav,empty_transcript;empty_transcript
2026-05-24T05:26:05Z,en,Google SR,hi please open gesture control,hi please open gesture control,0.5961,D:\Documents\FYP\Multimodal_Assistant\Voice_Architecture\ASR\audio\session_input.wav,
2026-05-24T05:26:56Z,en,Google SR,hello please open WhatsApp,hello please open WhatsApp,0.4267,D:\Documents\FYP\Multimodal_Assistant\Voice_Architecture\ASR\audio\session_input.wav,
2026-05-24T05:27:07Z,en,Google SR,select first chat,select first chat,0.5283,D:\Documents\FYP\Multimodal_Assistant\Voice_Architecture\ASR\audio\session_input.wav,
2026-05-24T05:27:16Z,en,Google SR,stop automation,stop automation,0.4265,D:\Documents\FYP\Multimodal_Assistant\Voice_Architecture\ASR\audio\session_input.wav,
2026-05-24T05:29:17Z,en,Google SR,,,0.2084,D:\Documents\FYP\Multimodal_Assistant\Voice_Architecture\ASR\audio\session_input.wav,empty_transcript;empty_transcript
2026-05-24T05:29:42Z,en,Google SR,good morning,good morning,0.3051,D:\Documents\FYP\Multimodal_Assistant\Voice_Architecture\ASR\audio\session_input.wav,
2026-05-24T05:30:22Z,zh,Google SR,请打开手势控制,Please turn on gesture control,1.6952,D:\Documents\FYP\Multimodal_Assistant\Voice_Architecture\ASR\audio\session_input.wav,
2026-05-24T06:15:37Z,en,Google SR,good morning how are you today,good morning how are you today,0.4737,D:\Documents\FYP\Multimodal_Assistant\Voice_Architecture\ASR\audio\session_input.wav,
2026-05-24T06:22:48Z,en,Google SR,please open WhatsApp,please open WhatsApp,0.5104,D:\Documents\FYP\Multimodal_Assistant\Voice_Architecture\ASR\audio\session_input.wav,
2026-05-24T06:23:00Z,en,Google SR,open gesture control,open gesture control,0.4179,D:\Documents\FYP\Multimodal_Assistant\Voice_Architecture\ASR\audio\session_input.wav,
2026-05-24T07:24:17Z,en,Google SR,,,0.4561,D:\Documents\FYP\Multimodal_Assistant\Voice_Architecture\ASR\audio\session_input.wav,empty_transcript;empty_transcript
2026-05-24T07:24:53Z,en,Google SR,good morning could you open gesture control,good morning could you open gesture control,0.5746,D:\Documents\FYP\Multimodal_Assistant\Voice_Architecture\ASR\audio\session_input.wav,
2026-05-24T07:34:50Z,en,Google SR,good morning please open WhatsApp,good morning please open WhatsApp,0.5759,D:\Documents\FYP\Multimodal_Assistant\Voice_Architecture\ASR\audio\session_input.wav,
2026-05-24T07:35:02Z,en,Google SR,stop automation,stop automation,0.7818,D:\Documents\FYP\Multimodal_Assistant\Voice_Architecture\ASR\audio\session_input.wav,
2026-05-24T07:58:09Z,en,Google SR,good morning how are you,good morning how are you,0.4216,D:\Documents\FYP\Multimodal_Assistant\Voice_Architecture\ASR\audio\session_input.wav,
2026-05-24T08:12:28Z,en,Google SR,,,0.4595,D:\Documents\FYP\Multimodal_Assistant\Voice_Architecture\ASR\audio\session_input.wav,empty_transcript;empty_transcript
2026-05-24T08:13:45Z,en,Google SR,,,0.2119,D:\Documents\FYP\Multimodal_Assistant\Voice_Architecture\ASR\audio\session_input.wav,empty_transcript;empty_transcript
2026-05-24T08:13:54Z,en,Google SR,good morning please open WhatsApp,good morning please open WhatsApp,0.5764,D:\Documents\FYP\Multimodal_Assistant\Voice_Architecture\ASR\audio\session_input.wav,
2026-05-24T08:14:06Z,en,Google SR,Select second chat,Select second chat,0.4727,D:\Documents\FYP\Multimodal_Assistant\Voice_Architecture\ASR\audio\session_input.wav,
2026-05-24T08:14:15Z,en,Google SR,stop operation,stop operation,0.4350,D:\Documents\FYP\Multimodal_Assistant\Voice_Architecture\ASR\audio\session_input.wav,
2026-05-24T15:30:57Z,en,Google SR,hi good morning what is 3 * 3,hi good morning what is 3 * 3,0.7242,D:\Documents\FYP\Multimodal_Assistant\Voice_Architecture\ASR\audio\session_input.wav,
2026-05-24T15:35:49Z,en,Google SR,please open WhatsApp,please open WhatsApp,0.4479,D:\Documents\FYP\Multimodal_Assistant\Voice_Architecture\ASR\audio\session_input.wav,
2026-05-24T15:36:01Z,en,Google SR,Select second chat,Select second chat,0.7308,D:\Documents\FYP\Multimodal_Assistant\Voice_Architecture\ASR\audio\session_input.wav,
2026-05-24T15:36:09Z,en,Google SR,select first chat,select first chat,0.5795,D:\Documents\FYP\Multimodal_Assistant\Voice_Architecture\ASR\audio\session_input.wav,
2026-05-24T15:36:18Z,en,Google SR,send message,send message,0.4391,D:\Documents\FYP\Multimodal_Assistant\Voice_Architecture\ASR\audio\session_input.wav,
2026-05-24T15:36:26Z,en,Google SR,stop automation,stop automation,0.4383,D:\Documents\FYP\Multimodal_Assistant\Voice_Architecture\ASR\audio\session_input.wav,
2026-05-24T15:41:51Z,en,Google SR,hi there what is 1 / 5,hi there what is 1 / 5,0.8721,D:\Documents\FYP\Multimodal_Assistant\Voice_Architecture\ASR\audio\session_input.wav,
2026-05-24T15:43:51Z,en,Google SR,,,0.4241,D:\Documents\FYP\Multimodal_Assistant\Voice_Architecture\ASR\audio\session_input.wav,empty_transcript;empty_transcript
2026-05-24T15:44:04Z,zh,Google SR,请问什么是数据科学,What is data science?,1.8583,D:\Documents\FYP\Multimodal_Assistant\Voice_Architecture\ASR\audio\session_input.wav,
2026-05-24T15:44:29Z,zh,Google SR,解释数据科学,Data science explained,2.2032,D:\Documents\FYP\Multimodal_Assistant\Voice_Architecture\ASR\audio\session_input.wav,
2026-05-24T15:45:10Z,zh,Google SR,你好可以和我聊天吗,"Hello, can you chat with me?",2.3443,D:\Documents\FYP\Multimodal_Assistant\Voice_Architecture\ASR\audio\session_input.wav,
2026-05-24T15:45:37Z,zh,Google SR,一加一等于多少,What is one plus one equal to?,1.2968,D:\Documents\FYP\Multimodal_Assistant\Voice_Architecture\ASR\audio\session_input.wav,
2026-05-24T15:46:00Z,zh,Google SR,在这个现代社会什么东西最需要,What is most needed in this modern society?,2.8356,D:\Documents\FYP\Multimodal_Assistant\Voice_Architecture\ASR\audio\session_input.wav,
2026-05-24T15:47:14Z,zh,Google SR,可以解释科学的来源吗,Can you explain where the science comes from?,2.4336,D:\Documents\FYP\Multimodal_Assistant\Voice_Architecture\ASR\audio\session_input.wav,
2026-05-24T15:51:59Z,en,Google SR,explain to me the meaning of life,explain to me the meaning of life,0.5252,D:\Documents\FYP\Multimodal_Assistant\Voice_Architecture\ASR\audio\session_input.wav,
2026-05-24T15:52:30Z,zh,Google SR,解释什么是现代社会需要的东西,Explain what modern society needs,2.3973,D:\Documents\FYP\Multimodal_Assistant\Voice_Architecture\ASR\audio\session_input.wav,
2026-05-24T16:02:47Z,en,Google SR,open gesture control,open gesture control,0.6057,D:\Documents\FYP\Multimodal_Assistant\Voice_Architecture\ASR\audio\session_input.wav,
2026-05-24T16:35:55Z,en,Google SR,please open WhatsApp,please open WhatsApp,0.4694,D:\Documents\FYP\Multimodal_Assistant\Voice_Architecture\ASR\audio\session_input.wav,
2026-05-24T16:36:06Z,en,Google SR,Select second,Select second,0.6033,D:\Documents\FYP\Multimodal_Assistant\Voice_Architecture\ASR\audio\session_input.wav,
2026-05-24T16:36:19Z,en,Google SR,Select second chat,Select second chat,0.5187,D:\Documents\FYP\Multimodal_Assistant\Voice_Architecture\ASR\audio\session_input.wav,
2026-05-24T16:36:27Z,en,Google SR,stop automation,stop automation,0.3973,D:\Documents\FYP\Multimodal_Assistant\Voice_Architecture\ASR\audio\session_input.wav,
2026-05-25T03:54:11Z,en,Google SR,good morning please open WhatsApp,good morning please open WhatsApp,0.5954,D:\Documents\FYP\Multimodal_Assistant\Voice_Architecture\ASR\audio\session_input.wav,
2026-05-25T03:54:22Z,en,Google SR,select first chat,select first chat,0.4895,D:\Documents\FYP\Multimodal_Assistant\Voice_Architecture\ASR\audio\session_input.wav,
2026-05-25T03:54:31Z,en,Google SR,stop automation,stop automation,0.4640,D:\Documents\FYP\Multimodal_Assistant\Voice_Architecture\ASR\audio\session_input.wav,
2026-05-25T03:54:42Z,en,Google SR,please open gesture control,please open gesture control,0.7827,D:\Documents\FYP\Multimodal_Assistant\Voice_Architecture\ASR\audio\session_input.wav,
2026-05-25T03:54:55Z,en,Google SR,good morning what is the date today,good morning what is the date today,0.5752,D:\Documents\FYP\Multimodal_Assistant\Voice_Architecture\ASR\audio\session_input.wav,
2026-06-01T02:36:18Z,en,Google SR,good morning please open WhatsApp,good morning please open WhatsApp,0.5541,D:\Documents\FYP\Multimodal_Assistant\Voice_Architecture\ASR\audio\session_input.wav,
2026-06-01T02:36:30Z,en,Google SR,stop all the music,stop all the music,0.4409,D:\Documents\FYP\Multimodal_Assistant\Voice_Architecture\ASR\audio\session_input.wav,
2026-06-01T02:36:43Z,en,Google SR,stop automation,stop automation,0.4056,D:\Documents\FYP\Multimodal_Assistant\Voice_Architecture\ASR\audio\session_input.wav,
2026-06-01T02:37:27Z,en,Google SR,good morning tell me a story,good morning tell me a story,0.4356,D:\Documents\FYP\Multimodal_Assistant\Voice_Architecture\ASR\audio\session_input.wav,
2026-06-01T02:40:09Z,en,Google SR,what is the meaning of life,what is the meaning of life,0.5098,D:\Documents\FYP\Multimodal_Assistant\Voice_Architecture\ASR\audio\session_input.wav,
2026-06-01T02:40:32Z,en,Google SR,explain to me computer science,explain to me computer science,0.5272,D:\Documents\FYP\Multimodal_Assistant\Voice_Architecture\ASR\audio\session_input.wav,
2026-06-01T02:41:09Z,zh,Google SR,你好能和我说个故事吗,"Hello, can you tell me a story?",1.9658,D:\Documents\FYP\Multimodal_Assistant\Voice_Architecture\ASR\audio\session_input.wav,
2026-06-01T02:41:44Z,zh,Google SR,什么是数学体系,What is a mathematical system,1.8744,D:\Documents\FYP\Multimodal_Assistant\Voice_Architecture\ASR\audio\session_input.wav,
2026-06-01T02:42:04Z,zh,Google SR,今天是什么时间,what time is it today,1.6468,D:\Documents\FYP\Multimodal_Assistant\Voice_Architecture\ASR\audio\session_input.wav,
2026-06-01T02:43:36Z,en,Google SR,hello could you tell me a story,hello could you tell me a story,0.4375,D:\Documents\FYP\Multimodal_Assistant\Voice_Architecture\ASR\audio\session_input.wav,
2026-06-01T02:43:53Z,en,Google SR,good morning what is my name,good morning what is my name,0.5777,D:\Documents\FYP\Multimodal_Assistant\Voice_Architecture\ASR\audio\session_input.wav,
2026-06-01T03:24:35Z,en,Google SR,open WhatsApp,open WhatsApp,0.4757,D:\Documents\FYP\Multimodal_Assistant\Voice_Architecture\ASR\audio\session_input.wav,
2026-06-01T03:24:51Z,en,Google SR,,,0.4116,D:\Documents\FYP\Multimodal_Assistant\Voice_Architecture\ASR\audio\session_input.wav,empty_transcript;empty_transcript
2026-06-01T03:24:57Z,en,Google SR,,,0.2140,D:\Documents\FYP\Multimodal_Assistant\Voice_Architecture\ASR\audio\session_input.wav,empty_transcript;empty_transcript
2026-06-01T03:25:03Z,en,Google SR,selected chart,selected chart,0.6239,D:\Documents\FYP\Multimodal_Assistant\Voice_Architecture\ASR\audio\session_input.wav,
2026-06-01T03:25:15Z,en,Google SR,select third chat,select third chat,0.7104,D:\Documents\FYP\Multimodal_Assistant\Voice_Architecture\ASR\audio\session_input.wav,
2026-06-01T03:25:24Z,en,Google SR,type good morning Mum,type good morning Mum,0.5160,D:\Documents\FYP\Multimodal_Assistant\Voice_Architecture\ASR\audio\session_input.wav,
2026-06-01T03:25:32Z,en,Google SR,send,send,0.3875,D:\Documents\FYP\Multimodal_Assistant\Voice_Architecture\ASR\audio\session_input.wav,
2026-06-01T03:25:40Z,en,Google SR,delete the message,delete the message,0.4882,D:\Documents\FYP\Multimodal_Assistant\Voice_Architecture\ASR\audio\session_input.wav,
2026-06-01T03:25:48Z,en,Google SR,stop automation,stop automation,0.5602,D:\Documents\FYP\Multimodal_Assistant\Voice_Architecture\ASR\audio\session_input.wav,
2026-06-01T03:27:50Z,zh,Google SR,打开油管,Open the oil pipe,2.7087,D:\Documents\FYP\Multimodal_Assistant\Voice_Architecture\ASR\audio\session_input.wav,
2026-06-01T03:28:08Z,zh,Google SR,搜索周兴哲,Search Zhou Xingzhe,3.0423,D:\Documents\FYP\Multimodal_Assistant\Voice_Architecture\ASR\audio\session_input.wav,
2026-06-01T03:28:21Z,zh,Google SR,,,0.5958,D:\Documents\FYP\Multimodal_Assistant\Voice_Architecture\ASR\audio\session_input.wav,empty_transcript;empty_transcript
2026-06-01T03:28:26Z,zh,Google SR,,,0.6495,D:\Documents\FYP\Multimodal_Assistant\Voice_Architecture\ASR\audio\session_input.wav,empty_transcript;empty_transcript
2026-06-01T03:28:34Z,zh,Google SR,播放第一个,play first,1.9284,D:\Documents\FYP\Multimodal_Assistant\Voice_Architecture\ASR\audio\session_input.wav,
2026-06-01T03:28:46Z,zh,Google SR,生,born,1.1825,D:\Documents\FYP\Multimodal_Assistant\Voice_Architecture\ASR\audio\session_input.wav,
2026-06-01T03:29:02Z,zh,Google SR,暂停,pause,2.0981,D:\Documents\FYP\Multimodal_Assistant\Voice_Architecture\ASR\audio\session_input.wav,
2026-06-01T03:29:12Z,zh,Google SR,继续播放并调高音量,Keep playing and turn up the volume,1.6997,D:\Documents\FYP\Multimodal_Assistant\Voice_Architecture\ASR\audio\session_input.wav,
2026-06-01T03:29:23Z,zh,Google SR,继续播放啊,Keep playing,2.0817,D:\Documents\FYP\Multimodal_Assistant\Voice_Architecture\ASR\audio\session_input.wav,
2026-06-01T03:29:35Z,zh,Google SR,停止退出,stop exit,2.4978,D:\Documents\FYP\Multimodal_Assistant\Voice_Architecture\ASR\audio\session_input.wav,
2026-06-01T03:29:49Z,zh,Google SR,,,0.5903,D:\Documents\FYP\Multimodal_Assistant\Voice_Architecture\ASR\audio\session_input.wav,empty_transcript;empty_transcript
2026-06-01T03:29:58Z,zh,Google SR,停止自动化,Stop automation,3.0761,D:\Documents\FYP\Multimodal_Assistant\Voice_Architecture\ASR\audio\session_input.wav,
2026-06-01T03:34:32Z,en,Google SR,,,0.4663,D:\Documents\FYP\Multimodal_Assistant\Voice_Architecture\ASR\audio\session_input.wav,empty_transcript;empty_transcript
2026-06-01T03:34:46Z,en,Google SR,open gesture,open gesture,0.4530,D:\Documents\FYP\Multimodal_Assistant\Voice_Architecture\ASR\audio\session_input.wav,
2026-06-01T03:35:09Z,en,Google SR,open gesture control,open gesture control,0.6013,D:\Documents\FYP\Multimodal_Assistant\Voice_Architecture\ASR\audio\session_input.wav,
2026-06-01T03:38:10Z,en,Google SR,hello what is my name,hello what is my name,0.5235,D:\Documents\FYP\Multimodal_Assistant\Voice_Architecture\ASR\audio\session_input.wav,
2026-06-01T03:38:27Z,en,Google SR,good morning tell me a story,good morning tell me a story,0.5331,D:\Documents\FYP\Multimodal_Assistant\Voice_Architecture\ASR\audio\session_input.wav,
2026-06-01T03:59:01Z,en,Google SR,hello,hello,0.4493,D:\Documents\FYP\Multimodal_Assistant\Voice_Architecture\ASR\audio\session_input.wav,
2026-06-01T03:59:59Z,en,Google SR,hello good morning,hello good morning,0.4289,D:\Documents\FYP\Multimodal_Assistant\Voice_Architecture\ASR\audio\session_input.wav,
2026-06-01T04:00:13Z,en,Google SR,open WhatsApp,open WhatsApp,0.5791,D:\Documents\FYP\Multimodal_Assistant\Voice_Architecture\ASR\audio\session_input.wav,
2026-06-01T04:00:24Z,en,Google SR,open the Third,open the Third,0.4289,D:\Documents\FYP\Multimodal_Assistant\Voice_Architecture\ASR\audio\session_input.wav,
2026-06-01T04:00:36Z,en,Google SR,open the third chat,open the third chat,0.6496,D:\Documents\FYP\Multimodal_Assistant\Voice_Architecture\ASR\audio\session_input.wav,
2026-06-01T04:00:45Z,en,Google SR,type hello,type hello,0.4484,D:\Documents\FYP\Multimodal_Assistant\Voice_Architecture\ASR\audio\session_input.wav,
2026-06-01T04:00:53Z,en,Google SR,clear message,clear message,0.5152,D:\Documents\FYP\Multimodal_Assistant\Voice_Architecture\ASR\audio\session_input.wav,
2026-06-01T04:01:01Z,en,Google SR,type good morning and send,type good morning and send,0.6329,D:\Documents\FYP\Multimodal_Assistant\Voice_Architecture\ASR\audio\session_input.wav,
2026-06-01T04:01:09Z,en,Google SR,remove & Send,remove & Send,0.4026,D:\Documents\FYP\Multimodal_Assistant\Voice_Architecture\ASR\audio\session_input.wav,
2026-06-01T04:01:23Z,en,Google SR,,,0.1807,D:\Documents\FYP\Multimodal_Assistant\Voice_Architecture\ASR\audio\session_input.wav,empty_transcript;empty_transcript
2026-06-01T04:01:29Z,en,Google SR,,,0.3522,D:\Documents\FYP\Multimodal_Assistant\Voice_Architecture\ASR\audio\session_input.wav,empty_transcript;empty_transcript
2026-06-01T04:01:34Z,en,Google SR,,,0.1493,D:\Documents\FYP\Multimodal_Assistant\Voice_Architecture\ASR\audio\session_input.wav,empty_transcript;empty_transcript
2026-06-01T04:01:39Z,en,Google SR,send a message,send a message,0.3016,D:\Documents\FYP\Multimodal_Assistant\Voice_Architecture\ASR\audio\session_input.wav,
2026-06-01T04:01:52Z,en,Google SR,send a message please,send a message please,0.5268,D:\Documents\FYP\Multimodal_Assistant\Voice_Architecture\ASR\audio\session_input.wav,
2026-06-01T04:02:04Z,en,Google SR,stop automation,stop automation,0.4913,D:\Documents\FYP\Multimodal_Assistant\Voice_Architecture\ASR\audio\session_input.wav,
2026-06-01T04:18:51Z,en,Google SR,hello please open WhatsApp for me,hello please open WhatsApp for me,0.7153,D:\Documents\FYP\Multimodal_Assistant\Voice_Architecture\ASR\audio\session_input.wav,
2026-06-01T04:19:07Z,en,Google SR,,,0.3544,D:\Documents\FYP\Multimodal_Assistant\Voice_Architecture\ASR\audio\session_input.wav,empty_transcript;empty_transcript
2026-06-01T04:19:12Z,en,Google SR,search user PG,search user PG,0.6088,D:\Documents\FYP\Multimodal_Assistant\Voice_Architecture\ASR\audio\session_input.wav,
2026-06-01T04:19:22Z,en,Google SR,select first chat,select first chat,0.5949,D:\Documents\FYP\Multimodal_Assistant\Voice_Architecture\ASR\audio\session_input.wav,
2026-06-01T04:19:31Z,en,Google SR,type hello,type hello,0.4418,D:\Documents\FYP\Multimodal_Assistant\Voice_Architecture\ASR\audio\session_input.wav,
2026-06-01T04:19:40Z,en,Google SR,clear message,clear message,0.5988,D:\Documents\FYP\Multimodal_Assistant\Voice_Architecture\ASR\audio\session_input.wav,
2026-06-01T04:19:48Z,en,Google SR,clear search,clear search,0.4577,D:\Documents\FYP\Multimodal_Assistant\Voice_Architecture\ASR\audio\session_input.wav,
2026-06-01T04:19:58Z,en,Google SR,stop automation,stop automation,0.4500,D:\Documents\FYP\Multimodal_Assistant\Voice_Architecture\ASR\audio\session_input.wav,
2026-06-01T04:20:31Z,en,Google SR,please open YouTube,please open YouTube,0.6253,D:\Documents\FYP\Multimodal_Assistant\Voice_Architecture\ASR\audio\session_input.wav,
2026-06-01T04:20:43Z,en,Google SR,open gesture control,open gesture control,0.5204,D:\Documents\FYP\Multimodal_Assistant\Voice_Architecture\ASR\audio\session_input.wav,
2026-06-01T04:20:59Z,en,Google SR,,,0.4459,D:\Documents\FYP\Multimodal_Assistant\Voice_Architecture\ASR\audio\session_input.wav,empty_transcript;empty_transcript
2026-06-01T04:21:05Z,en,Google SR,,,0.4199,D:\Documents\FYP\Multimodal_Assistant\Voice_Architecture\ASR\audio\session_input.wav,empty_transcript;empty_transcript
2026-06-01T04:21:10Z,en,Google SR,,,0.3566,D:\Documents\FYP\Multimodal_Assistant\Voice_Architecture\ASR\audio\session_input.wav,empty_transcript;empty_transcript
2026-06-01T04:21:16Z,en,Google SR,stop automation,stop automation,0.4060,D:\Documents\FYP\Multimodal_Assistant\Voice_Architecture\ASR\audio\session_input.wav,
2026-06-01T04:24:06Z,en,Google SR,hi open WhatsApp,hi open WhatsApp,0.5831,D:\Documents\FYP\Multimodal_Assistant\Voice_Architecture\ASR\audio\session_input.wav,
2026-06-01T04:24:17Z,en,Google SR,search user PG,search user PG,0.4961,D:\Documents\FYP\Multimodal_Assistant\Voice_Architecture\ASR\audio\session_input.wav,
2026-06-01T04:24:26Z,en,Google SR,select the first chat,select the first chat,0.8607,D:\Documents\FYP\Multimodal_Assistant\Voice_Architecture\ASR\audio\session_input.wav,
2026-06-01T04:24:34Z,en,Google SR,hi good morning,hi good morning,0.5047,D:\Documents\FYP\Multimodal_Assistant\Voice_Architecture\ASR\audio\session_input.wav,
2026-06-01T04:24:47Z,en,Google SR,good morning,good morning,0.4719,D:\Documents\FYP\Multimodal_Assistant\Voice_Architecture\ASR\audio\session_input.wav,
2026-06-01T04:24:59Z,en,Google SR,good morning,good morning,0.6949,D:\Documents\FYP\Multimodal_Assistant\Voice_Architecture\ASR\audio\session_input.wav,
2026-06-01T04:25:11Z,en,Google SR,enter good morning,enter good morning,0.5060,D:\Documents\FYP\Multimodal_Assistant\Voice_Architecture\ASR\audio\session_input.wav,
2026-06-01T04:25:19Z,en,Google SR,stop all the music stop automation,stop all the music stop automation,0.6259,D:\Documents\FYP\Multimodal_Assistant\Voice_Architecture\ASR\audio\session_input.wav,
2026-06-01T04:26:35Z,en,Google SR,hi open WhatsApp,hi open WhatsApp,0.4372,D:\Documents\FYP\Multimodal_Assistant\Voice_Architecture\ASR\audio\session_input.wav,
2026-06-01T04:26:46Z,en,Google SR,select first chat,select first chat,0.5270,D:\Documents\FYP\Multimodal_Assistant\Voice_Architecture\ASR\audio\session_input.wav,
2026-06-01T04:26:54Z,en,Google SR,stop automation,stop automation,0.6980,D:\Documents\FYP\Multimodal_Assistant\Voice_Architecture\ASR\audio\session_input.wav,
2026-06-01T04:27:08Z,en,Google SR,hi open WhatsApp,hi open WhatsApp,0.4312,D:\Documents\FYP\Multimodal_Assistant\Voice_Architecture\ASR\audio\session_input.wav,
2026-06-01T04:27:19Z,en,Google SR,,,0.3647,D:\Documents\FYP\Multimodal_Assistant\Voice_Architecture\ASR\audio\session_input.wav,empty_transcript;empty_transcript
2026-06-01T04:27:25Z,en,Google SR,,,0.3956,D:\Documents\FYP\Multimodal_Assistant\Voice_Architecture\ASR\audio\session_input.wav,empty_transcript;empty_transcript
2026-06-01T04:27:31Z,en,Google SR,ok,ok,0.5456,D:\Documents\FYP\Multimodal_Assistant\Voice_Architecture\ASR\audio\session_input.wav,
2026-06-01T04:27:43Z,en,Google SR,,,0.4029,D:\Documents\FYP\Multimodal_Assistant\Voice_Architecture\ASR\audio\session_input.wav,empty_transcript;empty_transcript
2026-06-01T04:27:49Z,en,Google SR,,,0.4252,D:\Documents\FYP\Multimodal_Assistant\Voice_Architecture\ASR\audio\session_input.wav,empty_transcript;empty_transcript
2026-06-01T04:27:54Z,en,Google SR,open WhatsApp,open WhatsApp,0.5294,D:\Documents\FYP\Multimodal_Assistant\Voice_Architecture\ASR\audio\session_input.wav,
2026-06-01T04:28:06Z,en,Google SR,stop automation,stop automation,0.4519,D:\Documents\FYP\Multimodal_Assistant\Voice_Architecture\ASR\audio\session_input.wav,
2026-06-01T04:28:22Z,en,Google SR,hi open WhatsApp,hi open WhatsApp,0.4678,D:\Documents\FYP\Multimodal_Assistant\Voice_Architecture\ASR\audio\session_input.wav,
2026-06-01T04:28:33Z,en,Google SR,select first user,select first user,0.5773,D:\Documents\FYP\Multimodal_Assistant\Voice_Architecture\ASR\audio\session_input.wav,
2026-06-01T04:28:46Z,en,Google SR,first chat,first chat,0.6421,D:\Documents\FYP\Multimodal_Assistant\Voice_Architecture\ASR\audio\session_input.wav,
2026-06-01T04:28:59Z,en,Google SR,stop automation,stop automation,0.4426,D:\Documents\FYP\Multimodal_Assistant\Voice_Architecture\ASR\audio\session_input.wav,
2026-06-01T04:29:23Z,en,Google SR,hi open WhatsApp,hi open WhatsApp,0.6392,D:\Documents\FYP\Multimodal_Assistant\Voice_Architecture\ASR\audio\session_input.wav,
2026-06-01T04:29:34Z,en,Google SR,select first chat,select first chat,0.5226,D:\Documents\FYP\Multimodal_Assistant\Voice_Architecture\ASR\audio\session_input.wav,
2026-06-01T04:29:43Z,en,Google SR,the hello,the hello,0.5245,D:\Documents\FYP\Multimodal_Assistant\Voice_Architecture\ASR\audio\session_input.wav,
2026-06-01T04:29:55Z,en,Google SR,tear hello,tear hello,0.6398,D:\Documents\FYP\Multimodal_Assistant\Voice_Architecture\ASR\audio\session_input.wav,
2026-06-01T04:30:07Z,en,Google SR,enter High,enter High,0.5892,D:\Documents\FYP\Multimodal_Assistant\Voice_Architecture\ASR\audio\session_input.wav,
2026-06-01T04:30:15Z,en,Google SR,clear message,clear message,0.4711,D:\Documents\FYP\Multimodal_Assistant\Voice_Architecture\ASR\audio\session_input.wav,
2026-06-01T04:30:23Z,en,Google SR,run gesture control,run gesture control,0.6270,D:\Documents\FYP\Multimodal_Assistant\Voice_Architecture\ASR\audio\session_input.wav,
2026-06-01T04:30:36Z,en,Google SR,open open gesture control,open open gesture control,0.5955,D:\Documents\FYP\Multimodal_Assistant\Voice_Architecture\ASR\audio\session_input.wav,
2026-06-01T04:31:22Z,en,Google SR,stop automation,stop automation,0.4128,D:\Documents\FYP\Multimodal_Assistant\Voice_Architecture\ASR\audio\session_input.wav,
2026-06-01T05:45:04Z,en,Google SR,please open WhatsApp,please open WhatsApp,0.4997,D:\Documents\FYP\Multimodal_Assistant\Voice_Architecture\ASR\audio\session_input.wav,
2026-06-01T05:45:15Z,en,Google SR,blah blah blah blah blah,blah blah blah blah blah,0.6597,D:\Documents\FYP\Multimodal_Assistant\Voice_Architecture\ASR\audio\session_input.wav,
2026-06-01T05:45:28Z,en,Google SR,,,0.3676,D:\Documents\FYP\Multimodal_Assistant\Voice_Architecture\ASR\audio\session_input.wav,empty_transcript;empty_transcript
2026-06-01T05:45:35Z,en,Google SR,select first chat,select first chat,0.8537,D:\Documents\FYP\Multimodal_Assistant\Voice_Architecture\ASR\audio\session_input.wav,
2026-06-01T05:45:44Z,en,Google SR,Select second chat,Select second chat,0.5588,D:\Documents\FYP\Multimodal_Assistant\Voice_Architecture\ASR\audio\session_input.wav,
2026-06-01T05:45:53Z,en,Google SR,blah blah,blah blah,0.4326,D:\Documents\FYP\Multimodal_Assistant\Voice_Architecture\ASR\audio\session_input.wav,
2026-06-01T05:46:03Z,en,Google SR,stop automation,stop automation,0.5962,D:\Documents\FYP\Multimodal_Assistant\Voice_Architecture\ASR\audio\session_input.wav,
2026-06-01T05:47:48Z,en,Google SR,open YouTube,open YouTube,0.3202,D:\Documents\FYP\Multimodal_Assistant\Voice_Architecture\ASR\audio\session_input.wav,
2026-06-01T05:48:00Z,en,Google SR,blah blah,blah blah,0.4616,D:\Documents\FYP\Multimodal_Assistant\Voice_Architecture\ASR\audio\session_input.wav,
2026-06-01T05:48:11Z,en,Google SR,search Justin,search Justin,0.4044,D:\Documents\FYP\Multimodal_Assistant\Voice_Architecture\ASR\audio\session_input.wav,
2026-06-01T05:48:24Z,en,Google SR,,,0.3868,D:\Documents\FYP\Multimodal_Assistant\Voice_Architecture\ASR\audio\session_input.wav,empty_transcript;empty_transcript
2026-06-01T05:48:30Z,en,Google SR,ok,ok,0.4375,D:\Documents\FYP\Multimodal_Assistant\Voice_Architecture\ASR\audio\session_input.wav,
2026-06-01T05:48:41Z,en,Google SR,stop automation,stop automation,0.4653,D:\Documents\FYP\Multimodal_Assistant\Voice_Architecture\ASR\audio\session_input.wav,
2026-06-01T05:49:20Z,zh,Google SR,请打开油管,Please open the oil pipe,2.7498,D:\Documents\FYP\Multimodal_Assistant\Voice_Architecture\ASR\audio\session_input.wav,
2026-06-01T05:49:35Z,zh,Google SR,搜索周杰伦,Search Jay Chou,2.2059,D:\Documents\FYP\Multimodal_Assistant\Voice_Architecture\ASR\audio\session_input.wav,
2026-06-01T05:49:50Z,zh,Google SR,OK OK,OK OK,3.4474,D:\Documents\FYP\Multimodal_Assistant\Voice_Architecture\ASR\audio\session_input.wav,
2026-06-01T05:50:01Z,zh,Google SR,,,0.4905,D:\Documents\FYP\Multimodal_Assistant\Voice_Architecture\ASR\audio\session_input.wav,empty_transcript;empty_transcript
2026-06-01T05:50:08Z,zh,Google SR,打开手动控制,Turn on manual controls,2.1938,D:\Documents\FYP\Multimodal_Assistant\Voice_Architecture\ASR\audio\session_input.wav,
2026-06-01T05:50:25Z,en,Google SR,things that you don't want,things that you don't want,0.7107,D:\Documents\FYP\Multimodal_Assistant\Voice_Architecture\ASR\audio\session_input.wav,
2026-06-01T05:50:36Z,en,Google SR,stop automation,stop automation,0.4302,D:\Documents\FYP\Multimodal_Assistant\Voice_Architecture\ASR\audio\session_input.wav,
2026-06-01T05:53:06Z,en,Google SR,good morning what is my name,good morning what is my name,0.5158,D:\Documents\FYP\Multimodal_Assistant\Voice_Architecture\ASR\audio\session_input.wav,
2026-06-01T05:53:30Z,zh,Google SR,我的名字叫什么,what is my name,1.8791,D:\Documents\FYP\Multimodal_Assistant\Voice_Architecture\ASR\audio\session_input.wav,
2026-06-01T05:53:59Z,zh,Google SR,今天的日期是什么,What is today's date,1.9223,D:\Documents\FYP\Multimodal_Assistant\Voice_Architecture\ASR\audio\session_input.wav,
2026-06-01T05:54:13Z,zh,Google SR,三加五等于多少,What is three plus five?,2.2309,D:\Documents\FYP\Multimodal_Assistant\Voice_Architecture\ASR\audio\session_input.wav,
2026-06-01T05:54:28Z,en,Google SR,what is 3 / 3,what is 3 / 3,0.5240,D:\Documents\FYP\Multimodal_Assistant\Voice_Architecture\ASR\audio\session_input.wav,
2026-06-01T05:54:56Z,en,Google SR,open gesture control,open gesture control,0.4629,D:\Documents\FYP\Multimodal_Assistant\Voice_Architecture\ASR\audio\session_input.wav,
2026-06-01T05:55:36Z,en,Google SR,open Chat gpt,open Chat gpt,0.5059,D:\Documents\FYP\Multimodal_Assistant\Voice_Architecture\ASR\audio\session_input.wav,
2026-06-01T05:55:47Z,en,Google SR,I don't know what to,I don't know what to,0.4379,D:\Documents\FYP\Multimodal_Assistant\Voice_Architecture\ASR\audio\session_input.wav,
2026-06-01T05:55:58Z,en,Google SR,,,0.3474,D:\Documents\FYP\Multimodal_Assistant\Voice_Architecture\ASR\audio\session_input.wav,empty_transcript;empty_transcript
2026-06-01T05:56:04Z,en,Google SR,,,0.3760,D:\Documents\FYP\Multimodal_Assistant\Voice_Architecture\ASR\audio\session_input.wav,empty_transcript;empty_transcript
2026-06-01T05:56:09Z,en,Google SR,,,0.1916,D:\Documents\FYP\Multimodal_Assistant\Voice_Architecture\ASR\audio\session_input.wav,empty_transcript;empty_transcript
2026-06-01T05:56:14Z,en,Google SR,,,0.3132,D:\Documents\FYP\Multimodal_Assistant\Voice_Architecture\ASR\audio\session_input.wav,empty_transcript;empty_transcript
2026-06-01T05:56:20Z,en,Google SR,launch gastric control,launch gastric control,0.4501,D:\Documents\FYP\Multimodal_Assistant\Voice_Architecture\ASR\audio\session_input.wav,
2026-06-01T05:56:31Z,en,Google SR,launch gesture control,launch gesture control,0.5758,D:\Documents\FYP\Multimodal_Assistant\Voice_Architecture\ASR\audio\session_input.wav,
2026-06-01T05:56:46Z,en,Google SR,stop automation,stop automation,0.4818,D:\Documents\FYP\Multimodal_Assistant\Voice_Architecture\ASR\audio\session_input.wav,
2026-06-01T05:57:15Z,en,Google SR,open Google Map,open Google Map,0.4386,D:\Documents\FYP\Multimodal_Assistant\Voice_Architecture\ASR\audio\session_input.wav,
2026-06-01T05:57:29Z,en,Google SR,open Google News,open Google News,0.4893,D:\Documents\FYP\Multimodal_Assistant\Voice_Architecture\ASR\audio\session_input.wav,
2026-06-01T05:58:10Z,en,Google SR,iPhone,iPhone,0.3805,D:\Documents\FYP\Multimodal_Assistant\Voice_Architecture\ASR\audio\session_input.wav,
2026-06-01T05:58:34Z,en,Google SR,open Google Maps,open Google Maps,0.3943,D:\Documents\FYP\Multimodal_Assistant\Voice_Architecture\ASR\audio\session_input.wav,
2026-06-01T05:58:45Z,en,Google SR,hello hello,hello hello,0.3779,D:\Documents\FYP\Multimodal_Assistant\Voice_Architecture\ASR\audio\session_input.wav,
2026-06-01T05:58:56Z,en,Google SR,search United States,search United States,0.4662,D:\Documents\FYP\Multimodal_Assistant\Voice_Architecture\ASR\audio\session_input.wav,
2026-06-01T05:59:05Z,en,Google SR,stop automation,stop automation,0.6798,D:\Documents\FYP\Multimodal_Assistant\Voice_Architecture\ASR\audio\session_input.wav,
2026-06-01T05:59:27Z,en,Google SR,please open WhatsApp,please open WhatsApp,0.4273,D:\Documents\FYP\Multimodal_Assistant\Voice_Architecture\ASR\audio\session_input.wav,
2026-06-01T05:59:38Z,en,Google SR,stop stop automation,stop stop automation,0.4984,D:\Documents\FYP\Multimodal_Assistant\Voice_Architecture\ASR\audio\session_input.wav,
2026-06-08T03:45:46Z,en,Google SR,good morning please take screenshot,good morning please take screenshot,0.6427,D:\Documents\FYP\Multimodal_Assistant\Voice_Architecture\ASR\audio\session_input.wav,
2026-06-08T03:46:10Z,en,Google SR,take screenshot,take screenshot,0.4656,D:\Documents\FYP\Multimodal_Assistant\Voice_Architecture\ASR\audio\session_input.wav,
2026-06-08T03:46:58Z,zh,Google SR,请打开聊天应用,Please open the chat app,2.5308,D:\Documents\FYP\Multimodal_Assistant\Voice_Architecture\ASR\audio\session_input.wav,
2026-06-08T03:47:13Z,zh,Google SR,请选择第三个聊天,Please select the third chat,1.6289,D:\Documents\FYP\Multimodal_Assistant\Voice_Architecture\ASR\audio\session_input.wav,
2026-06-08T03:47:25Z,zh,Google SR,,,0.2229,D:\Documents\FYP\Multimodal_Assistant\Voice_Architecture\ASR\audio\session_input.wav,empty_transcript;empty_transcript
2026-06-08T03:47:32Z,zh,Google SR,打开手势控制,Turn on gesture controls,1.5576,D:\Documents\FYP\Multimodal_Assistant\Voice_Architecture\ASR\audio\session_input.wav,
2026-06-08T03:47:53Z,en,Google SR,things that you are,things that you are,0.5867,D:\Documents\FYP\Multimodal_Assistant\Voice_Architecture\ASR\audio\session_input.wav,
2026-06-08T03:48:03Z,en,Google SR,stop automation,stop automation,0.4103,D:\Documents\FYP\Multimodal_Assistant\Voice_Architecture\ASR\audio\session_input.wav,
2026-06-08T03:48:41Z,en,Google SR,hello good morning how are you,hello good morning how are you,0.3487,D:\Documents\FYP\Multimodal_Assistant\Voice_Architecture\ASR\audio\session_input.wav,
2026-06-08T03:48:56Z,en,Google SR,good morning what is the time today,good morning what is the time today,0.6270,D:\Documents\FYP\Multimodal_Assistant\Voice_Architecture\ASR\audio\session_input.wav,
2026-06-08T03:49:16Z,en,Google SR,what is today's date,what is today's date,0.4154,D:\Documents\FYP\Multimodal_Assistant\Voice_Architecture\ASR\audio\session_input.wav,
2026-06-08T03:49:30Z,en,Google SR,what is today's date,what is today's date,0.3931,D:\Documents\FYP\Multimodal_Assistant\Voice_Architecture\ASR\audio\session_input.wav,
2026-06-08T03:49:46Z,en,Google SR,what is the time now,what is the time now,0.3973,D:\Documents\FYP\Multimodal_Assistant\Voice_Architecture\ASR\audio\session_input.wav,
2026-06-08T03:50:02Z,en,Google SR,what is 3 + 1 =,what is 3 + 1 =,1.1048,D:\Documents\FYP\Multimodal_Assistant\Voice_Architecture\ASR\audio\session_input.wav,
2026-06-08T03:50:14Z,en,Google SR,open gesture control,open gesture control,0.6238,D:\Documents\FYP\Multimodal_Assistant\Voice_Architecture\ASR\audio\session_input.wav,
2026-06-08T04:25:01Z,en,Google SR,,,0.3956,D:\Documents\FYP\Multimodal_Assistant\Voice_Architecture\ASR\audio\session_input.wav,empty_transcript;empty_transcript
2026-06-08T04:29:48Z,en,Google SR,can you tell me what is,can you tell me what is,1.1028,D:\Documents\FYP\Multimodal_Assistant\Voice_Architecture\ASR\audio\session_input.wav,
2026-06-08T04:30:12Z,en,Google SR,what is the answer of 3 + 3,what is the answer of 3 + 3,1.1984,D:\Documents\FYP\Multimodal_Assistant\Voice_Architecture\ASR\audio\session_input.wav,
2026-06-08T04:30:31Z,en,Google SR,take screenshot,take screenshot,1.1330,D:\Documents\FYP\Multimodal_Assistant\Voice_Architecture\ASR\audio\session_input.wav,
2026-06-08T04:31:19Z,en,Google SR,can you explain what is the meaning of computer science,can you explain what is the meaning of computer science,0.6407,D:\Documents\FYP\Multimodal_Assistant\Voice_Architecture\ASR\audio\session_input.wav,
2026-06-08T04:32:02Z,zh,Google SR,三加一等于多少,What is three plus one?,3.3083,D:\Documents\FYP\Multimodal_Assistant\Voice_Architecture\ASR\audio\session_input.wav,
2026-06-08T04:32:53Z,en,Google SR,can you open gesture control,can you open gesture control,0.6888,D:\Documents\FYP\Multimodal_Assistant\Voice_Architecture\ASR\audio\session_input.wav,
2026-06-08T04:34:07Z,en,Google SR,just like the orientation methods like you have,just like the orientation methods like you have,0.7118,D:\Documents\FYP\Multimodal_Assistant\Voice_Architecture\ASR\audio\session_input.wav,
2026-06-08T04:37:45Z,en,Google SR,please open YouTube,please open YouTube,0.5298,D:\Documents\FYP\Multimodal_Assistant\Voice_Architecture\ASR\audio\session_input.wav,
2026-06-08T04:38:02Z,en,Google SR,,,0.5654,D:\Documents\FYP\Multimodal_Assistant\Voice_Architecture\ASR\audio\session_input.wav,empty_transcript;empty_transcript
2026-06-08T04:38:08Z,en,Google SR,search for Coldplay Yellow,search for Coldplay Yellow,0.5806,D:\Documents\FYP\Multimodal_Assistant\Voice_Architecture\ASR\audio\session_input.wav,
2026-06-08T04:38:21Z,en,Google SR,play first,play first,1.4841,D:\Documents\FYP\Multimodal_Assistant\Voice_Architecture\ASR\audio\session_input.wav,
2026-06-08T04:38:33Z,en,Google SR,,,0.7522,D:\Documents\FYP\Multimodal_Assistant\Voice_Architecture\ASR\audio\session_input.wav,empty_transcript;empty_transcript
2026-06-08T04:38:39Z,en,Google SR,,,0.6404,D:\Documents\FYP\Multimodal_Assistant\Voice_Architecture\ASR\audio\session_input.wav,empty_transcript;empty_transcript
2026-06-08T04:38:45Z,en,Google SR,increase volume,increase volume,0.7700,D:\Documents\FYP\Multimodal_Assistant\Voice_Architecture\ASR\audio\session_input.wav,
2026-06-08T04:38:54Z,en,Google SR,pause video,pause video,0.4359,D:\Documents\FYP\Multimodal_Assistant\Voice_Architecture\ASR\audio\session_input.wav,
2026-06-08T04:39:02Z,en,Google SR,,,0.5699,D:\Documents\FYP\Multimodal_Assistant\Voice_Architecture\ASR\audio\session_input.wav,empty_transcript;empty_transcript
2026-06-08T04:39:08Z,en,Google SR,,,0.4147,D:\Documents\FYP\Multimodal_Assistant\Voice_Architecture\ASR\audio\session_input.wav,empty_transcript;empty_transcript
2026-06-08T04:39:14Z,en,Google SR,,,0.8622,D:\Documents\FYP\Multimodal_Assistant\Voice_Architecture\ASR\audio\session_input.wav,empty_transcript;empty_transcript
2026-06-08T04:39:21Z,en,Google SR,it's not a direct Voice with the system it will not,it's not a direct Voice with the system it will not,1.6334,D:\Documents\FYP\Multimodal_Assistant\Voice_Architecture\ASR\audio\session_input.wav,
2026-06-08T04:39:32Z,en,Google SR,resume video,resume video,0.4194,D:\Documents\FYP\Multimodal_Assistant\Voice_Architecture\ASR\audio\session_input.wav,
2026-06-08T04:39:41Z,en,Google SR,pause video,pause video,0.5722,D:\Documents\FYP\Multimodal_Assistant\Voice_Architecture\ASR\audio\session_input.wav,
2026-06-08T04:39:49Z,en,Google SR,open gesture control,open gesture control,0.8377,D:\Documents\FYP\Multimodal_Assistant\Voice_Architecture\ASR\audio\session_input.wav,
2026-06-08T04:41:47Z,en,Google SR,stop auto mission,stop auto mission,0.5644,D:\Documents\FYP\Multimodal_Assistant\Voice_Architecture\ASR\audio\session_input.wav,
2026-06-08T04:41:58Z,en,Google SR,stop automation currently can,stop automation currently can,0.8367,D:\Documents\FYP\Multimodal_Assistant\Voice_Architecture\ASR\audio\session_input.wav,
2026-06-14T05:45:17Z,en,Google SR,hello good morning what is the date today,hello good morning what is the date today,0.6439,D:\Documents\FYP\Multimodal_Assistant\Voice_Architecture\ASR\audio\session_input.wav,
2026-06-14T05:45:30Z,en,Google SR,what time is today,what time is today,0.4793,D:\Documents\FYP\Multimodal_Assistant\Voice_Architecture\ASR\audio\session_input.wav,
2026-06-14T05:45:50Z,en,Google SR,please tell help me to take a screenshot,please tell help me to take a screenshot,0.6904,D:\Documents\FYP\Multimodal_Assistant\Voice_Architecture\ASR\audio\session_input.wav,
2026-06-14T05:46:23Z,en,Google SR,take screenshot,take screenshot,0.4742,D:\Documents\FYP\Multimodal_Assistant\Voice_Architecture\ASR\audio\session_input.wav,
2026-06-14T05:46:54Z,en,Google SR,what is 3 - 1,what is 3 - 1,0.5478,D:\Documents\FYP\Multimodal_Assistant\Voice_Architecture\ASR\audio\session_input.wav,
2026-06-14T05:47:05Z,en,Google SR,hi Friday I'm very sad today,hi Friday I'm very sad today,0.6448,D:\Documents\FYP\Multimodal_Assistant\Voice_Architecture\ASR\audio\session_input.wav,
2026-06-14T05:47:18Z,en,Google SR,I've been wondering can you explain to me what is computer science,I've been wondering can you explain to me what is computer science,0.6989,D:\Documents\FYP\Multimodal_Assistant\Voice_Architecture\ASR\audio\session_input.wav,
2026-06-14T05:48:24Z,en,Google SR,please switch to gesture control,please switch to gesture control,0.5084,D:\Documents\FYP\Multimodal_Assistant\Voice_Architecture\ASR\audio\session_input.wav,
2026-06-14T05:48:40Z,en,Google SR,open gesture control,open gesture control,0.3843,D:\Documents\FYP\Multimodal_Assistant\Voice_Architecture\ASR\audio\session_input.wav,
2026-06-14T05:51:25Z,en,Google SR,hello please tell me a story,hello please tell me a story,0.5762,D:\Documents\FYP\Multimodal_Assistant\Voice_Architecture\ASR\audio\session_input.wav,
2026-06-14T05:53:02Z,zh,Google SR,你好请打开油管,Hello please open the oil pipe,2.9906,D:\Documents\FYP\Multimodal_Assistant\Voice_Architecture\ASR\audio\session_input.wav,
2026-06-14T05:53:21Z,zh,Google SR,搜索,search,1.4325,D:\Documents\FYP\Multimodal_Assistant\Voice_Architecture\ASR\audio\session_input.wav,
2026-06-14T05:53:32Z,zh,Google SR,搜索一半一半,Search half and half,1.8453,D:\Documents\FYP\Multimodal_Assistant\Voice_Architecture\ASR\audio\session_input.wav,
2026-06-14T05:53:47Z,zh,Google SR,播放第一个,play first,3.0828,D:\Documents\FYP\Multimodal_Assistant\Voice_Architecture\ASR\audio\session_input.wav,
2026-06-14T05:54:02Z,zh,Google SR,,,0.6803,D:\Documents\FYP\Multimodal_Assistant\Voice_Architecture\ASR\audio\session_input.wav,empty_transcript;empty_transcript
2026-06-14T05:54:08Z,zh,Google SR,,,0.4009,D:\Documents\FYP\Multimodal_Assistant\Voice_Architecture\ASR\audio\session_input.wav,empty_transcript;empty_transcript
2026-06-14T05:54:15Z,zh,Google SR,调高音量,Turn up the volume,1.5957,D:\Documents\FYP\Multimodal_Assistant\Voice_Architecture\ASR\audio\session_input.wav,
2026-06-14T05:54:24Z,zh,Google SR,,,0.6177,D:\Documents\FYP\Multimodal_Assistant\Voice_Architecture\ASR\audio\session_input.wav,empty_transcript;empty_transcript
2026-06-14T05:54:32Z,zh,Google SR,调低音量,Turn down the volume,2.1538,D:\Documents\FYP\Multimodal_Assistant\Voice_Architecture\ASR\audio\session_input.wav,
2026-06-14T05:54:43Z,zh,Google SR,暂停播放,Pause playback,1.9693,D:\Documents\FYP\Multimodal_Assistant\Voice_Architecture\ASR\audio\session_input.wav,
2026-06-14T05:54:53Z,zh,Google SR,继续播放,continue playing,1.3534,D:\Documents\FYP\Multimodal_Assistant\Voice_Architecture\ASR\audio\session_input.wav,
2026-06-14T05:55:04Z,zh,Google SR,停止自动化,Stop automation,3.1470,D:\Documents\FYP\Multimodal_Assistant\Voice_Architecture\ASR\audio\session_input.wav,
2026-06-14T05:55:33Z,en,Google SR,open WhatsApp,open WhatsApp,0.4612,D:\Documents\FYP\Multimodal_Assistant\Voice_Architecture\ASR\audio\session_input.wav,
2026-06-14T05:55:44Z,en,Google SR,Select second chat,Select second chat,0.6900,D:\Documents\FYP\Multimodal_Assistant\Voice_Architecture\ASR\audio\session_input.wav,
2026-06-14T05:55:53Z,en,Google SR,search user y r n,search user y r n,0.6726,D:\Documents\FYP\Multimodal_Assistant\Voice_Architecture\ASR\audio\session_input.wav,
2026-06-14T05:56:02Z,en,Google SR,,,0.3327,D:\Documents\FYP\Multimodal_Assistant\Voice_Architecture\ASR\audio\session_input.wav,empty_transcript;empty_transcript
2026-06-14T05:56:07Z,en,Google SR,select first chat,select first chat,0.5226,D:\Documents\FYP\Multimodal_Assistant\Voice_Architecture\ASR\audio\session_input.wav,
2026-06-14T05:56:16Z,en,Google SR,,,0.3413,D:\Documents\FYP\Multimodal_Assistant\Voice_Architecture\ASR\audio\session_input.wav,empty_transcript;empty_transcript
2026-06-14T05:56:22Z,en,Google SR,,,1.2611,D:\Documents\FYP\Multimodal_Assistant\Voice_Architecture\ASR\audio\session_input.wav,empty_transcript;empty_transcript
2026-06-14T05:56:28Z,en,Google SR,open gesture control,open gesture control,1.1207,D:\Documents\FYP\Multimodal_Assistant\Voice_Architecture\ASR\audio\session_input.wav,
2026-06-14T05:56:59Z,en,Google SR,search user PG,search user PG,0.5923,D:\Documents\FYP\Multimodal_Assistant\Voice_Architecture\ASR\audio\session_input.wav,
2026-06-14T05:57:08Z,en,Google SR,clear search,clear search,0.3957,D:\Documents\FYP\Multimodal_Assistant\Voice_Architecture\ASR\audio\session_input.wav,
2026-06-14T05:57:16Z,en,Google SR,select third chat,select third chat,0.5240,D:\Documents\FYP\Multimodal_Assistant\Voice_Architecture\ASR\audio\session_input.wav,
2026-06-14T05:57:25Z,en,Google SR,enter hello from Lee automation,enter hello from Lee automation,0.7381,D:\Documents\FYP\Multimodal_Assistant\Voice_Architecture\ASR\audio\session_input.wav,
2026-06-14T05:57:33Z,en,Google SR,clear message,clear message,0.4465,D:\Documents\FYP\Multimodal_Assistant\Voice_Architecture\ASR\audio\session_input.wav,
2026-06-14T05:57:42Z,en,Google SR,enter message hello automation,enter message hello automation,0.5901,D:\Documents\FYP\Multimodal_Assistant\Voice_Architecture\ASR\audio\session_input.wav,
2026-06-14T05:57:50Z,en,Google SR,send message,send message,0.8747,D:\Documents\FYP\Multimodal_Assistant\Voice_Architecture\ASR\audio\session_input.wav,
2026-06-14T05:57:58Z,en,Google SR,stop automation,stop automation,0.5321,D:\Documents\FYP\Multimodal_Assistant\Voice_Architecture\ASR\audio\session_input.wav,
2026-06-14T06:07:34Z,en,Google SR,hi Friday do you know who am I,hi Friday do you know who am I,0.7280,D:\Documents\FYP\Multimodal_Assistant\Voice_Architecture\ASR\audio\session_input.wav,
2026-06-14T06:07:51Z,en,Google SR,do you know what's my name,do you know what's my name,0.4626,D:\Documents\FYP\Multimodal_Assistant\Voice_Architecture\ASR\audio\session_input.wav,
2026-06-14T06:08:10Z,en,Google SR,great now do 4 / 2 for me,great now do 4 / 2 for me,0.7222,D:\Documents\FYP\Multimodal_Assistant\Voice_Architecture\ASR\audio\session_input.wav,
2026-06-14T06:08:31Z,zh,Google SR,你好可以告诉我今天的日期吗,"Hello, can you tell me today's date?",3.1932,D:\Documents\FYP\Multimodal_Assistant\Voice_Architecture\ASR\audio\session_input.wav,
2026-06-14T06:08:52Z,zh,Google SR,可以告诉我现在的时间吗,Can you tell me the current time?,1.7982,D:\Documents\FYP\Multimodal_Assistant\Voice_Architecture\ASR\audio\session_input.wav,
2026-06-14T06:09:13Z,zh,Google SR,可以告诉我今天的日期吗,Can you tell me today's date?,1.9708,D:\Documents\FYP\Multimodal_Assistant\Voice_Architecture\ASR\audio\session_input.wav,
2026-06-14T06:09:48Z,en,Google SR,open gesture control,open gesture control,0.9414,D:\Documents\FYP\Multimodal_Assistant\Voice_Architecture\ASR\audio\session_input.wav,
2026-06-14T06:11:51Z,en,Google SR,open YouTube for me,open YouTube for me,0.5608,D:\Documents\FYP\Multimodal_Assistant\Voice_Architecture\ASR\audio\session_input.wav,
2026-06-14T06:12:05Z,en,Google SR,please search dais,please search dais,0.4204,D:\Documents\FYP\Multimodal_Assistant\Voice_Architecture\ASR\audio\session_input.wav,
2026-06-14T06:12:16Z,en,Google SR,play the first song,play the first song,0.3888,D:\Documents\FYP\Multimodal_Assistant\Voice_Architecture\ASR\audio\session_input.wav,
2026-06-14T06:12:26Z,en,Google SR,,,0.2751,D:\Documents\FYP\Multimodal_Assistant\Voice_Architecture\ASR\audio\session_input.wav,empty_transcript;empty_transcript
2026-06-14T06:12:31Z,en,Google SR,increase the volume for me,increase the volume for me,0.4818,D:\Documents\FYP\Multimodal_Assistant\Voice_Architecture\ASR\audio\session_input.wav,
2026-06-14T06:12:41Z,en,Google SR,increase volume,increase volume,0.5084,D:\Documents\FYP\Multimodal_Assistant\Voice_Architecture\ASR\audio\session_input.wav,
2026-06-14T06:12:49Z,en,Google SR,decrease volume,decrease volume,0.3982,D:\Documents\FYP\Multimodal_Assistant\Voice_Architecture\ASR\audio\session_input.wav,
2026-06-14T06:12:58Z,en,Google SR,open gesture control,open gesture control,0.5069,D:\Documents\FYP\Multimodal_Assistant\Voice_Architecture\ASR\audio\session_input.wav,
2026-06-14T06:13:54Z,en,Google SR,pause the video for me,pause the video for me,0.4197,D:\Documents\FYP\Multimodal_Assistant\Voice_Architecture\ASR\audio\session_input.wav,
2026-06-14T06:14:01Z,en,Google SR,stop automation,stop automation,0.5007,D:\Documents\FYP\Multimodal_Assistant\Voice_Architecture\ASR\audio\session_input.wav,
2026-06-14T06:17:08Z,en,Google SR,hi Friday what's my name,hi Friday what's my name,0.7596,D:\Documents\FYP\Multimodal_Assistant\Voice_Architecture\ASR\audio\session_input.wav,
2026-06-14T06:18:34Z,en,Google SR,hi Friday what's my name,hi Friday what's my name,0.8315,D:\Documents\FYP\Multimodal_Assistant\Voice_Architecture\ASR\audio\session_input.wav,
2026-06-14T06:18:49Z,en,Google SR,can you tell me the date for today,can you tell me the date for today,0.9348,D:\Documents\FYP\Multimodal_Assistant\Voice_Architecture\ASR\audio\session_input.wav,
2026-06-14T06:19:11Z,en,Google SR,what is the date for today,what is the date for today,0.6477,D:\Documents\FYP\Multimodal_Assistant\Voice_Architecture\ASR\audio\session_input.wav,
2026-06-14T06:20:14Z,en,Google SR,hi Friday what's my name,hi Friday what's my name,0.6254,D:\Documents\FYP\Multimodal_Assistant\Voice_Architecture\ASR\audio\session_input.wav,
2026-06-14T06:20:26Z,en,Google SR,what is 3 + 2,what is 3 + 2,0.7844,D:\Documents\FYP\Multimodal_Assistant\Voice_Architecture\ASR\audio\session_input.wav,
2026-06-14T06:20:46Z,zh,Google SR,可以告诉我今天的时间吗,Can you tell me the time today?,1.9675,D:\Documents\FYP\Multimodal_Assistant\Voice_Architecture\ASR\audio\session_input.wav,
2026-06-14T06:21:02Z,en,Google SR,hi Friday open gesture control,hi Friday open gesture control,0.5283,D:\Documents\FYP\Multimodal_Assistant\Voice_Architecture\ASR\audio\session_input.wav,
2026-06-14T06:23:07Z,en,Google SR,good morning Friday,good morning Friday,0.4196,D:\Documents\FYP\Multimodal_Assistant\Voice_Architecture\ASR\audio\session_input.wav,
2026-06-14T06:23:21Z,en,Google SR,can you tell me what's my name,can you tell me what's my name,0.5404,D:\Documents\FYP\Multimodal_Assistant\Voice_Architecture\ASR\audio\session_input.wav,
2026-06-14T06:23:33Z,en,Google SR,how much is 3 + 2,how much is 3 + 2,0.6172,D:\Documents\FYP\Multimodal_Assistant\Voice_Architecture\ASR\audio\session_input.wav,
2026-06-14T06:23:48Z,zh,Google SR,请告诉我现在的时间,please tell me the current time,1.5737,D:\Documents\FYP\Multimodal_Assistant\Voice_Architecture\ASR\audio\session_input.wav,
2026-06-14T06:24:03Z,en,Google SR,hi Friday open gesture control,hi Friday open gesture control,0.6500,D:\Documents\FYP\Multimodal_Assistant\Voice_Architecture\ASR\audio\session_input.wav,
2026-06-14T06:24:49Z,en,Google SR,hi Friday open YouTube for,hi Friday open YouTube for,0.7717,D:\Documents\FYP\Multimodal_Assistant\Voice_Architecture\ASR\audio\session_input.wav,
2026-06-14T06:25:02Z,en,Google SR,please search yummy,please search yummy,0.3310,D:\Documents\FYP\Multimodal_Assistant\Voice_Architecture\ASR\audio\session_input.wav,
2026-06-14T06:25:14Z,en,Google SR,please,please,0.2909,D:\Documents\FYP\Multimodal_Assistant\Voice_Architecture\ASR\audio\session_input.wav,
2026-06-14T06:25:25Z,en,Google SR,play the first video for me,play the first video for me,0.6341,D:\Documents\FYP\Multimodal_Assistant\Voice_Architecture\ASR\audio\session_input.wav,
2026-06-14T06:25:35Z,en,Google SR,,,0.4348,D:\Documents\FYP\Multimodal_Assistant\Voice_Architecture\ASR\audio\session_input.wav,empty_transcript;empty_transcript
2026-06-14T06:25:41Z,en,Google SR,increase the volume,increase the volume,0.6462,D:\Documents\FYP\Multimodal_Assistant\Voice_Architecture\ASR\audio\session_input.wav,
2026-06-14T06:25:52Z,en,Google SR,increase volume,increase volume,0.8858,D:\Documents\FYP\Multimodal_Assistant\Voice_Architecture\ASR\audio\session_input.wav,
2026-06-14T06:26:00Z,en,Google SR,pause the video,pause the video,0.4131,D:\Documents\FYP\Multimodal_Assistant\Voice_Architecture\ASR\audio\session_input.wav,
2026-06-14T06:26:08Z,en,Google SR,open gesture control,open gesture control,0.4832,D:\Documents\FYP\Multimodal_Assistant\Voice_Architecture\ASR\audio\session_input.wav,
2026-06-14T06:26:36Z,en,Google SR,pause the video,pause the video,0.4928,D:\Documents\FYP\Multimodal_Assistant\Voice_Architecture\ASR\audio\session_input.wav,
2026-06-14T06:26:44Z,en,Google SR,stop automation,stop automation,0.3834,D:\Documents\FYP\Multimodal_Assistant\Voice_Architecture\ASR\audio\session_input.wav,
2026-06-14T06:28:31Z,en,Google SR,good morning Friday,good morning Friday,0.4447,D:\Documents\FYP\Multimodal_Assistant\Voice_Architecture\ASR\audio\session_input.wav,
2026-06-14T06:28:46Z,en,Google SR,can you tell me what's my name,can you tell me what's my name,0.5369,D:\Documents\FYP\Multimodal_Assistant\Voice_Architecture\ASR\audio\session_input.wav,
2026-06-14T06:28:57Z,en,Google SR,please tell me how much is 3 + 2,please tell me how much is 3 + 2,0.7082,D:\Documents\FYP\Multimodal_Assistant\Voice_Architecture\ASR\audio\session_input.wav,
2026-06-14T06:29:12Z,zh,Google SR,请告诉我现在的时间,please tell me the current time,1.7834,D:\Documents\FYP\Multimodal_Assistant\Voice_Architecture\ASR\audio\session_input.wav,
2026-06-14T06:29:27Z,en,Google SR,hi Friday open gesture control,hi Friday open gesture control,0.6226,D:\Documents\FYP\Multimodal_Assistant\Voice_Architecture\ASR\audio\session_input.wav,
2026-06-14T06:30:06Z,en,Google SR,hi Friday open YouTube for me,hi Friday open YouTube for me,0.6230,D:\Documents\FYP\Multimodal_Assistant\Voice_Architecture\ASR\audio\session_input.wav,
2026-06-14T06:30:22Z,en,Google SR,thank you,thank you,0.3858,D:\Documents\FYP\Multimodal_Assistant\Voice_Architecture\ASR\audio\session_input.wav,
2026-06-14T06:30:32Z,en,Google SR,please search baby by,please search baby by,0.5565,D:\Documents\FYP\Multimodal_Assistant\Voice_Architecture\ASR\audio\session_input.wav,
2026-06-14T06:30:44Z,en,Google SR,play the first video,play the first video,0.4244,D:\Documents\FYP\Multimodal_Assistant\Voice_Architecture\ASR\audio\session_input.wav,
2026-06-14T06:30:54Z,en,Google SR,,,0.5122,D:\Documents\FYP\Multimodal_Assistant\Voice_Architecture\ASR\audio\session_input.wav,empty_transcript;empty_transcript
2026-06-14T06:31:00Z,en,Google SR,increase volume,increase volume,0.4252,D:\Documents\FYP\Multimodal_Assistant\Voice_Architecture\ASR\audio\session_input.wav,
2026-06-14T06:31:09Z,en,Google SR,pause the video,pause the video,0.4623,D:\Documents\FYP\Multimodal_Assistant\Voice_Architecture\ASR\audio\session_input.wav,
2026-06-14T06:31:16Z,en,Google SR,no open gesture control,no open gesture control,0.6562,D:\Documents\FYP\Multimodal_Assistant\Voice_Architecture\ASR\audio\session_input.wav,
2026-06-14T07:44:52Z,en,Google SR,hi good morning,hi good morning,0.5720,D:\Documents\FYP\Multimodal_Assistant\Voice_Architecture\ASR\audio\session_input.wav,
2026-06-26T08:30:18Z,en,Google SR,hi good morning how are you today,hi good morning how are you today,0.4931,D:\Documents\FYP\Multimodal_Assistant\Voice_Architecture\ASR\audio\session_input.wav,
2026-06-26T08:30:44Z,en,Google SR,do you know what is my name,do you know what is my name,0.5193,D:\Documents\FYP\Multimodal_Assistant\Voice_Architecture\ASR\audio\session_input.wav,
2026-06-26T08:31:01Z,zh,Google SR,一加一等于多少,What is one plus one equal to?,2.9045,D:\Documents\FYP\Multimodal_Assistant\Voice_Architecture\ASR\audio\session_input.wav,
2026-06-26T08:31:35Z,en,Google SR,open gesture control,open gesture control,0.6643,D:\Documents\FYP\Multimodal_Assistant\Voice_Architecture\ASR\audio\session_input.wav,
2026-06-26T08:31:54Z,en,Google SR,thank you so much,thank you so much,0.6116,D:\Documents\FYP\Multimodal_Assistant\Voice_Architecture\ASR\audio\session_input.wav,
2026-06-27T08:36:24Z,en,Google SR,hi do you know what is the meaning of Science,hi do you know what is the meaning of Science,0.9909,D:\Documents\FYP\Multimodal_Assistant\Voice_Architecture\ASR\audio\session_input.wav,
2026-06-27T08:36:57Z,en,Google SR,what is 1 / 5,what is 1 / 5,0.5411,D:\Documents\FYP\Multimodal_Assistant\Voice_Architecture\ASR\audio\session_input.wav,
2026-06-27T08:37:09Z,en,Google SR,do you know how we get free food in the world,do you know how we get free food in the world,0.7717,D:\Documents\FYP\Multimodal_Assistant\Voice_Architecture\ASR\audio\session_input.wav,
2026-06-27T08:37:38Z,zh,Google SR,可以和我说下今天的日期吗,Can you tell me today's date?,2.6885,D:\Documents\FYP\Multimodal_Assistant\Voice_Architecture\ASR\audio\session_input.wav,
2026-06-27T08:37:55Z,zh,Google SR,现在是什么时间,what time is it now,2.6199,D:\Documents\FYP\Multimodal_Assistant\Voice_Architecture\ASR\audio\session_input.wav,
2026-06-27T08:38:20Z,zh,Google SR,可以和我说下马来西亚的来源吗简单的,Can you tell me where it comes from in Malaysia? It’s simple.,2.9593,D:\Documents\FYP\Multimodal_Assistant\Voice_Architecture\ASR\audio\session_input.wav,
2026-06-27T08:38:34Z,zh,Google SR,马来西亚沙巴,"Sabah, Malaysia",2.3093,D:\Documents\FYP\Multimodal_Assistant\Voice_Architecture\ASR\audio\session_input.wav,
2026-06-27T08:38:53Z,zh,Google SR,可以和我说下马来西亚沙巴的来源吗,"Can you tell me the origin of Sabah, Malaysia?",3.1773,D:\Documents\FYP\Multimodal_Assistant\Voice_Architecture\ASR\audio\session_input.wav,
2026-06-27T08:39:10Z,zh,Google SR,打开手动操作,Turn on manual operation,1.8001,D:\Documents\FYP\Multimodal_Assistant\Voice_Architecture\ASR\audio\session_input.wav,
2026-06-27T08:39:28Z,zh,Google SR,打开手势控制,Turn on gesture controls,2.3713,D:\Documents\FYP\Multimodal_Assistant\Voice_Architecture\ASR\audio\session_input.wav,
2026-06-27T08:39:44Z,en,Google SR,what time is today,what time is today,0.3037,D:\Documents\FYP\Multimodal_Assistant\Voice_Architecture\ASR\audio\session_input.wav,
2026-06-27T08:39:55Z,en,Google SR,what is the date today,what is the date today,0.5689,D:\Documents\FYP\Multimodal_Assistant\Voice_Architecture\ASR\audio\session_input.wav,
2026-06-27T08:40:16Z,en,Google SR,can you tell me how the world is created,can you tell me how the world is created,0.8880,D:\Documents\FYP\Multimodal_Assistant\Voice_Architecture\ASR\audio\session_input.wav,
2026-06-27T08:40:39Z,en,Google SR,thank you so much,thank you so much,0.4296,D:\Documents\FYP\Multimodal_Assistant\Voice_Architecture\ASR\audio\session_input.wav,
2026-06-28T05:23:41Z,en,Google SR,hello good morning how are you,hello good morning how are you,1.5611,D:\Documents\FYP\Multimodal_Assistant\Voice_Architecture\ASR\audio\session_input.wav,
2026-06-28T05:24:05Z,en,Google SR,what is 1 - 3 = 2,what is 1 - 3 = 2,0.8015,D:\Documents\FYP\Multimodal_Assistant\Voice_Architecture\ASR\audio\session_input.wav,
2026-07-06T14:55:47Z,en,Google SR,he who invented mathematics,he who invented mathematics,1.5264,D:\Documents\FYP\Multimodal_Assistant\Voice_Architecture\ASR\audio\session_input.wav,
2026-07-06T14:56:15Z,en,Google SR,may I ask who invented mathematics,may I ask who invented mathematics,0.6642,D:\Documents\FYP\Multimodal_Assistant\Voice_Architecture\ASR\audio\session_input.wav,
2026-07-06T14:56:36Z,en,Google SR,who invented Python programming language,who invented Python programming language,0.6196,D:\Documents\FYP\Multimodal_Assistant\Voice_Architecture\ASR\audio\session_input.wav,
2026-07-06T14:56:57Z,en,Google SR,can you explain to me who invented Python programming language,can you explain to me who invented Python programming language,1.0192,D:\Documents\FYP\Multimodal_Assistant\Voice_Architecture\ASR\audio\session_input.wav,
2026-07-06T14:57:27Z,zh,Google SR,现在是什么时间,what time is it now,2.8973,D:\Documents\FYP\Multimodal_Assistant\Voice_Architecture\ASR\audio\session_input.wav,
2026-07-06T14:57:49Z,en,Google SR,please open WhatsApp,please open WhatsApp,0.5722,D:\Documents\FYP\Multimodal_Assistant\Voice_Architecture\ASR\audio\session_input.wav,
2026-07-06T14:58:01Z,en,Google SR,select first chat,select first chat,0.5326,D:\Documents\FYP\Multimodal_Assistant\Voice_Architecture\ASR\audio\session_input.wav,
2026-07-06T14:58:09Z,en,Google SR,type message how are you,type message how are you,0.5326,D:\Documents\FYP\Multimodal_Assistant\Voice_Architecture\ASR\audio\session_input.wav,
2026-07-06T14:58:18Z,en,Google SR,clear message,clear message,0.5108,D:\Documents\FYP\Multimodal_Assistant\Voice_Architecture\ASR\audio\session_input.wav,
2026-07-06T14:58:29Z,en,Google SR,type ok,type ok,3.1137,D:\Documents\FYP\Multimodal_Assistant\Voice_Architecture\ASR\audio\session_input.wav,
2026-07-06T14:58:37Z,en,Google SR,send message,send message,1.1307,D:\Documents\FYP\Multimodal_Assistant\Voice_Architecture\ASR\audio\session_input.wav,
2026-07-06T14:58:45Z,en,Google SR,stop automation,stop automation,0.4071,D:\Documents\FYP\Multimodal_Assistant\Voice_Architecture\ASR\audio\session_input.wav,
2026-07-07T04:53:18Z,en,Google SR,,,0.4083,D:\Documents\FYP\Multimodal_Assistant\Voice_Architecture\ASR\audio\session_input.wav,empty_transcript;empty_transcript
2026-07-07T04:53:49Z,en,Google SR,please open YouTube,please open YouTube,0.4995,D:\Documents\FYP\Multimodal_Assistant\Voice_Architecture\ASR\audio\session_input.wav,
2026-07-07T04:54:03Z,en,Google SR,please open Google,please open Google,0.4368,D:\Documents\FYP\Multimodal_Assistant\Voice_Architecture\ASR\audio\session_input.wav,
2026-07-07T04:54:13Z,en,Google SR,please open Google Maps,please open Google Maps,0.4970,D:\Documents\FYP\Multimodal_Assistant\Voice_Architecture\ASR\audio\session_input.wav,
2026-07-07T04:54:23Z,en,Google SR,stop automation,stop automation,0.5319,D:\Documents\FYP\Multimodal_Assistant\Voice_Architecture\ASR\audio\session_input.wav,
2026-07-07T05:23:35Z,en,Google SR,good morning how are you,good morning how are you,0.4855,D:\Documents\FYP\Multimodal_Assistant\Voice_Architecture\ASR\audio\session_input.wav,
2026-07-07T05:23:53Z,en,Google SR,do you know what is my name,do you know what is my name,0.5922,D:\Documents\FYP\Multimodal_Assistant\Voice_Architecture\ASR\audio\session_input.wav,
2026-07-07T05:24:07Z,en,Google SR,do you know what is my name,do you know what is my name,0.4897,D:\Documents\FYP\Multimodal_Assistant\Voice_Architecture\ASR\audio\session_input.wav,
2026-07-07T05:24:19Z,en,Google SR,hi,hi,0.2781,D:\Documents\FYP\Multimodal_Assistant\Voice_Architecture\ASR\audio\session_input.wav,
2026-07-07T05:24:29Z,en,Google SR,do you know who am I,do you know who am I,0.5892,D:\Documents\FYP\Multimodal_Assistant\Voice_Architecture\ASR\audio\session_input.wav,
2026-07-07T05:24:40Z,en,Google SR,my name is Sharni,my name is Sharni,0.4465,D:\Documents\FYP\Multimodal_Assistant\Voice_Architecture\ASR\audio\session_input.wav,
2026-07-07T05:24:50Z,en,Google SR,do you know what is my name,do you know what is my name,0.4005,D:\Documents\FYP\Multimodal_Assistant\Voice_Architecture\ASR\audio\session_input.wav,
2026-07-07T05:25:05Z,en,Google SR,hi do you know me,hi do you know me,0.6953,D:\Documents\FYP\Multimodal_Assistant\Voice_Architecture\ASR\audio\session_input.wav,
2026-07-07T05:25:21Z,en,Google SR,open gesture control,open gesture control,0.3918,D:\Documents\FYP\Multimodal_Assistant\Voice_Architecture\ASR\audio\session_input.wav,
2026-07-07T05:25:37Z,en,Google SR,open gesture,open gesture,0.3988,D:\Documents\FYP\Multimodal_Assistant\Voice_Architecture\ASR\audio\session_input.wav,
2026-07-07T05:25:54Z,en,Google SR,open gesture control for me please,open gesture control for me please,0.6653,D:\Documents\FYP\Multimodal_Assistant\Voice_Architecture\ASR\audio\session_input.wav,
2026-07-07T05:26:09Z,en,Google SR,hi how are you what is my name,hi how are you what is my name,0.5198,D:\Documents\FYP\Multimodal_Assistant\Voice_Architecture\ASR\audio\session_input.wav,
2026-07-07T05:28:42Z,en,Google SR,good afternoon Friday how are you,good afternoon Friday how are you,0.6471,D:\Documents\FYP\Multimodal_Assistant\Voice_Architecture\ASR\audio\session_input.wav,
2026-07-07T05:28:56Z,en,Google SR,could you tell me what day is today,could you tell me what day is today,0.5889,D:\Documents\FYP\Multimodal_Assistant\Voice_Architecture\ASR\audio\session_input.wav,
2026-07-07T05:29:09Z,en,Google SR,could you tell me what is the time now,could you tell me what is the time now,0.6554,D:\Documents\FYP\Multimodal_Assistant\Voice_Architecture\ASR\audio\session_input.wav,
2026-07-07T05:29:21Z,en,Google SR,could you tell me who invented the computer,could you tell me who invented the computer,0.4913,D:\Documents\FYP\Multimodal_Assistant\Voice_Architecture\ASR\audio\session_input.wav,
2026-07-07T05:29:41Z,en,Google SR,please open Notepad for me,please open Notepad for me,0.6588,D:\Documents\FYP\Multimodal_Assistant\Voice_Architecture\ASR\audio\session_input.wav,
2026-07-07T05:30:05Z,zh,Google SR,你好现在是什么日期,Hello what date is it now?,1.6120,D:\Documents\FYP\Multimodal_Assistant\Voice_Architecture\ASR\audio\session_input.wav,
2026-07-07T05:30:18Z,zh,Google SR,好的那一加一等于多少,"Okay, what is one plus one equal to?",1.4326,D:\Documents\FYP\Multimodal_Assistant\Voice_Architecture\ASR\audio\session_input.wav,
2026-07-07T05:31:30Z,en,Google SR,open YouTube and search Justin Bieber daisies,open YouTube and search Justin Bieber daisies,0.4087,D:\Documents\FYP\Multimodal_Assistant\Voice_Architecture\ASR\audio\session_input.wav,
2026-07-07T05:31:45Z,en,Google SR,thank you play first,thank you play first,0.4769,D:\Documents\FYP\Multimodal_Assistant\Voice_Architecture\ASR\audio\session_input.wav,
2026-07-07T05:31:55Z,en,Google SR,the volume is quite loud decrease the,the volume is quite loud decrease the,0.4935,D:\Documents\FYP\Multimodal_Assistant\Voice_Architecture\ASR\audio\session_input.wav,
2026-07-07T05:32:05Z,en,Google SR,the volume is quite loud decrease the volume,the volume is quite loud decrease the volume,0.6141,D:\Documents\FYP\Multimodal_Assistant\Voice_Architecture\ASR\audio\session_input.wav,
2026-07-07T05:32:15Z,en,Google SR,the volume is quite loud decrease volume,the volume is quite loud decrease volume,0.5509,D:\Documents\FYP\Multimodal_Assistant\Voice_Architecture\ASR\audio\session_input.wav,
2026-07-07T05:32:23Z,en,Google SR,decrease volume again,decrease volume again,0.3702,D:\Documents\FYP\Multimodal_Assistant\Voice_Architecture\ASR\audio\session_input.wav,
2026-07-07T05:32:32Z,en,Google SR,pause the video about,pause the video about,0.4522,D:\Documents\FYP\Multimodal_Assistant\Voice_Architecture\ASR\audio\session_input.wav,
2026-07-07T05:32:39Z,en,Google SR,great now resume the video again,great now resume the video again,0.5984,D:\Documents\FYP\Multimodal_Assistant\Voice_Architecture\ASR\audio\session_input.wav,
2026-07-07T05:32:47Z,en,Google SR,,,0.3652,D:\Documents\FYP\Multimodal_Assistant\Voice_Architecture\ASR\audio\session_input.wav,empty_transcript;empty_transcript
2026-07-07T05:32:52Z,en,Google SR,,,0.3816,D:\Documents\FYP\Multimodal_Assistant\Voice_Architecture\ASR\audio\session_input.wav,empty_transcript;empty_transcript
2026-07-07T05:32:58Z,en,Google SR,,,0.2010,D:\Documents\FYP\Multimodal_Assistant\Voice_Architecture\ASR\audio\session_input.wav,empty_transcript;empty_transcript
2026-07-07T05:33:04Z,en,Google SR,open gesture control,open gesture control,1.2474,D:\Documents\FYP\Multimodal_Assistant\Voice_Architecture\ASR\audio\session_input.wav,
2026-07-07T05:33:54Z,en,Google SR,stop automation,stop automation,0.3784,D:\Documents\FYP\Multimodal_Assistant\Voice_Architecture\ASR\audio\session_input.wav,
2026-07-07T05:34:30Z,zh,Google SR,请打开谷歌新闻,Please open Google News,2.1647,D:\Documents\FYP\Multimodal_Assistant\Voice_Architecture\ASR\audio\session_input.wav,
2026-07-07T05:34:44Z,zh,Google SR,搜索世界杯新闻,Search World Cup news,1.8849,D:\Documents\FYP\Multimodal_Assistant\Voice_Architecture\ASR\audio\session_input.wav,
2026-07-07T05:34:54Z,zh,Google SR,帮我煮饭,help me cook,1.4173,D:\Documents\FYP\Multimodal_Assistant\Voice_Architecture\ASR\audio\session_input.wav,
2026-07-07T05:35:06Z,zh,Google SR,停止自动化吧,Stop automating,1.7376,D:\Documents\FYP\Multimodal_Assistant\Voice_Architecture\ASR\audio\session_input.wav,
2026-07-07T05:35:35Z,en,Google SR,hello please open WhatsApp for me,hello please open WhatsApp for me,0.6465,D:\Documents\FYP\Multimodal_Assistant\Voice_Architecture\ASR\audio\session_input.wav,
2026-07-07T05:35:47Z,en,Google SR,stop automation,stop automation,0.7197,D:\Documents\FYP\Multimodal_Assistant\Voice_Architecture\ASR\audio\session_input.wav,
2026-07-07T05:36:21Z,en,Google SR,hi please open gesture control for me,hi please open gesture control for me,0.8453,D:\Documents\FYP\Multimodal_Assistant\Voice_Architecture\ASR\audio\session_input.wav,
2026-07-07T06:13:01Z,en,Google SR,good morning Friday how are you,good morning Friday how are you,0.4757,D:\Documents\FYP\Multimodal_Assistant\Voice_Architecture\ASR\audio\session_input.wav,
2026-07-07T06:14:12Z,en,Google SR,hello good day Friday how are you,hello good day Friday how are you,0.8910,D:\Documents\FYP\Multimodal_Assistant\Voice_Architecture\ASR\audio\session_input.wav,
2026-07-07T06:14:26Z,en,Google SR,great let's start could you tell me what is the time,great let's start could you tell me what is the time,0.8885,D:\Documents\FYP\Multimodal_Assistant\Voice_Architecture\ASR\audio\session_input.wav,
2026-07-07T06:14:38Z,en,Google SR,excellent could you tell me who invented computer,excellent could you tell me who invented computer,0.8761,D:\Documents\FYP\Multimodal_Assistant\Voice_Architecture\ASR\audio\session_input.wav,
2026-07-07T06:15:01Z,en,Google SR,thanks for the information please open Notepad for me,thanks for the information please open Notepad for me,0.7969,D:\Documents\FYP\Multimodal_Assistant\Voice_Architecture\ASR\audio\session_input.wav,
2026-07-07T06:15:23Z,zh,Google SR,,,0.4756,D:\Documents\FYP\Multimodal_Assistant\Voice_Architecture\ASR\audio\session_input.wav,empty_transcript;empty_transcript
2026-07-07T06:16:33Z,en,Google SR,hello good day Friday how are you,hello good day Friday how are you,0.8212,D:\Documents\FYP\Multimodal_Assistant\Voice_Architecture\ASR\audio\session_input.wav,
2026-07-07T06:16:45Z,en,Google SR,tell me what is the time,tell me what is the time,0.5081,D:\Documents\FYP\Multimodal_Assistant\Voice_Architecture\ASR\audio\session_input.wav,
2026-07-07T06:16:57Z,en,Google SR,excellent job could you tell me who invented calculator,excellent job could you tell me who invented calculator,0.6396,D:\Documents\FYP\Multimodal_Assistant\Voice_Architecture\ASR\audio\session_input.wav,
2026-07-07T06:17:14Z,en,Google SR,thanks for the information now please open Notepad,thanks for the information now please open Notepad,0.6501,D:\Documents\FYP\Multimodal_Assistant\Voice_Architecture\ASR\audio\session_input.wav,
2026-07-07T06:17:41Z,zh,Google SR,你好可以告诉我今天的日期是什么吗,Hello can you tell me what today's date is?,2.6981,D:\Documents\FYP\Multimodal_Assistant\Voice_Architecture\ASR\audio\session_input.wav,
2026-07-07T06:17:55Z,zh,Google SR,非常感谢请问一加一等于多少,Thank you very much. What is one plus one?,2.4579,D:\Documents\FYP\Multimodal_Assistant\Voice_Architecture\ASR\audio\session_input.wav,
2026-07-07T06:18:47Z,en,Google SR,hi Friday please open YouTube and search Justin Bieber,hi Friday please open YouTube and search Justin Bieber,0.6139,D:\Documents\FYP\Multimodal_Assistant\Voice_Architecture\ASR\audio\session_input.wav,
2026-07-07T06:19:02Z,en,Google SR,search Justin Bieber basis,search Justin Bieber basis,0.7764,D:\Documents\FYP\Multimodal_Assistant\Voice_Architecture\ASR\audio\session_input.wav,
2026-07-07T06:19:14Z,en,Google SR,automation,automation,1.1721,D:\Documents\FYP\Multimodal_Assistant\Voice_Architecture\ASR\audio\session_input.wav,
2026-07-07T06:19:25Z,en,Google SR,stop automation stop automation stop,stop automation stop automation stop,0.6541,D:\Documents\FYP\Multimodal_Assistant\Voice_Architecture\ASR\audio\session_input.wav,
2026-07-07T06:19:41Z,en,Google SR,what is 1 + 1 =,what is 1 + 1 =,0.5095,D:\Documents\FYP\Multimodal_Assistant\Voice_Architecture\ASR\audio\session_input.wav,
2026-07-07T06:19:50Z,en,Google SR,good morning do you know who am I,good morning do you know who am I,0.4925,D:\Documents\FYP\Multimodal_Assistant\Voice_Architecture\ASR\audio\session_input.wav,
2026-07-07T06:20:04Z,en,Google SR,thank you so much,thank you so much,0.4909,D:\Documents\FYP\Multimodal_Assistant\Voice_Architecture\ASR\audio\session_input.wav,
2026-07-07T06:21:11Z,en,Google SR,good morning do you know who am I,good morning do you know who am I,0.5409,D:\Documents\FYP\Multimodal_Assistant\Voice_Architecture\ASR\audio\session_input.wav,
2026-07-07T06:21:26Z,en,Google SR,great let's start could you tell me what is the time now,great let's start could you tell me what is the time now,0.8583,D:\Documents\FYP\Multimodal_Assistant\Voice_Architecture\ASR\audio\session_input.wav,
2026-07-07T06:21:36Z,en,Google SR,excellent could you tell me who invented calculator,excellent could you tell me who invented calculator,0.6502,D:\Documents\FYP\Multimodal_Assistant\Voice_Architecture\ASR\audio\session_input.wav,
2026-07-07T06:21:53Z,en,Google SR,thanks for information now please open Notepad,thanks for information now please open Notepad,0.7848,D:\Documents\FYP\Multimodal_Assistant\Voice_Architecture\ASR\audio\session_input.wav,
2026-07-07T06:22:17Z,zh,Google SR,你好可以告诉我今天的日期是什么,"Hello, can you tell me what today's date is?",2.9099,D:\Documents\FYP\Multimodal_Assistant\Voice_Architecture\ASR\audio\session_input.wav,
2026-07-07T06:22:31Z,zh,Google SR,好的那一加一等于多少,"Okay, what is one plus one equal to?",1.6758,D:\Documents\FYP\Multimodal_Assistant\Voice_Architecture\ASR\audio\session_input.wav,
2026-07-07T06:22:43Z,zh,Google SR,好的非常感谢,OK thank you very much,1.7309,D:\Documents\FYP\Multimodal_Assistant\Voice_Architecture\ASR\audio\session_input.wav,
2026-07-07T06:24:07Z,en,Google SR,good morning do you know who am I,good morning do you know who am I,0.5517,D:\Documents\FYP\Multimodal_Assistant\Voice_Architecture\ASR\audio\session_input.wav,
2026-07-07T06:24:22Z,en,Google SR,that's great could you tell me what is the time now,that's great could you tell me what is the time now,0.8317,D:\Documents\FYP\Multimodal_Assistant\Voice_Architecture\ASR\audio\session_input.wav,
2026-07-07T06:24:33Z,en,Google SR,excellent no explain to me who invented calculator,excellent no explain to me who invented calculator,0.8973,D:\Documents\FYP\Multimodal_Assistant\Voice_Architecture\ASR\audio\session_input.wav,
2026-07-07T06:24:48Z,en,Google SR,thank you for the information please open Notepad for me,thank you for the information please open Notepad for me,0.9562,D:\Documents\FYP\Multimodal_Assistant\Voice_Architecture\ASR\audio\session_input.wav,
2026-07-07T06:25:14Z,zh,Google SR,你好能告诉我今天的日期吗,"Hello, can you tell me today's date?",2.8583,D:\Documents\FYP\Multimodal_Assistant\Voice_Architecture\ASR\audio\session_input.wav,
2026-07-07T06:25:28Z,zh,Google SR,好的那一加一等于多少,"Okay, what is one plus one equal to?",1.1860,D:\Documents\FYP\Multimodal_Assistant\Voice_Architecture\ASR\audio\session_input.wav,
2026-07-07T06:27:14Z,en,Google SR,hello good morning I would like to open YouTube and search Justin Bieber,hello good morning I would like to open YouTube and search Justin Bieber,0.6302,D:\Documents\FYP\Multimodal_Assistant\Voice_Architecture\ASR\audio\session_input.wav,
2026-07-07T06:27:29Z,en,Google SR,search Justin Bieber d,search Justin Bieber d,0.5568,D:\Documents\FYP\Multimodal_Assistant\Voice_Architecture\ASR\audio\session_input.wav,
2026-07-07T06:27:40Z,en,Google SR,stop automation,stop automation,0.5355,D:\Documents\FYP\Multimodal_Assistant\Voice_Architecture\ASR\audio\session_input.wav,
2026-07-07T06:28:52Z,en,Google SR,hi Friday please open YouTube and search Justin Bieber,hi Friday please open YouTube and search Justin Bieber,0.6711,D:\Documents\FYP\Multimodal_Assistant\Voice_Architecture\ASR\audio\session_input.wav,
2026-07-07T06:29:07Z,en,Google SR,search Justin Bieber thesis,search Justin Bieber thesis,0.5759,D:\Documents\FYP\Multimodal_Assistant\Voice_Architecture\ASR\audio\session_input.wav,
2026-07-07T06:29:18Z,en,Google SR,search Justin Bieber daisies,search Justin Bieber daisies,0.7571,D:\Documents\FYP\Multimodal_Assistant\Voice_Architecture\ASR\audio\session_input.wav,
2026-07-07T06:29:29Z,en,Google SR,stop automation,stop automation,0.4911,D:\Documents\FYP\Multimodal_Assistant\Voice_Architecture\ASR\audio\session_input.wav,
2026-07-07T06:31:00Z,en,Google SR,good morning please open YouTube and search Justin Bieber,good morning please open YouTube and search Justin Bieber,0.6457,D:\Documents\FYP\Multimodal_Assistant\Voice_Architecture\ASR\audio\session_input.wav,
2026-07-07T06:31:15Z,en,Google SR,search Justin Bieber daisies,search Justin Bieber daisies,0.5928,D:\Documents\FYP\Multimodal_Assistant\Voice_Architecture\ASR\audio\session_input.wav,
2026-07-07T06:31:26Z,en,Google SR,could you play first,could you play first,0.4786,D:\Documents\FYP\Multimodal_Assistant\Voice_Architecture\ASR\audio\session_input.wav,
2026-07-07T06:31:36Z,en,Google SR,decrease volume,decrease volume,0.6140,D:\Documents\FYP\Multimodal_Assistant\Voice_Architecture\ASR\audio\session_input.wav,
2026-07-07T06:31:44Z,en,Google SR,,,0.2891,D:\Documents\FYP\Multimodal_Assistant\Voice_Architecture\ASR\audio\session_input.wav,empty_transcript;empty_transcript
2026-07-07T06:31:50Z,en,Google SR,increase the volume,increase the volume,0.4056,D:\Documents\FYP\Multimodal_Assistant\Voice_Architecture\ASR\audio\session_input.wav,
2026-07-07T06:32:00Z,en,Google SR,stop automation,stop automation,0.6341,D:\Documents\FYP\Multimodal_Assistant\Voice_Architecture\ASR\audio\session_input.wav,
2026-07-07T06:34:24Z,en,Google SR,hello good morning please open YouTube,hello good morning please open YouTube,0.7394,D:\Documents\FYP\Multimodal_Assistant\Voice_Architecture\ASR\audio\session_input.wav,
2026-07-07T06:34:36Z,en,Google SR,search Justin Bieber thesis,search Justin Bieber thesis,0.5467,D:\Documents\FYP\Multimodal_Assistant\Voice_Architecture\ASR\audio\session_input.wav,
2026-07-07T06:34:47Z,en,Google SR,stop automation,stop automation,0.3921,D:\Documents\FYP\Multimodal_Assistant\Voice_Architecture\ASR\audio\session_input.wav,
2026-07-07T06:36:12Z,en,Google SR,hi there open YouTube,hi there open YouTube,0.6457,D:\Documents\FYP\Multimodal_Assistant\Voice_Architecture\ASR\audio\session_input.wav,
2026-07-07T06:36:23Z,en,Google SR,great search Justin Bieber,great search Justin Bieber,0.5322,D:\Documents\FYP\Multimodal_Assistant\Voice_Architecture\ASR\audio\session_input.wav,
2026-07-07T06:36:34Z,en,Google SR,stop automation please,stop automation please,0.7727,D:\Documents\FYP\Multimodal_Assistant\Voice_Architecture\ASR\audio\session_input.wav,
2026-07-07T06:37:03Z,en,Google SR,so,so,0.4091,D:\Documents\FYP\Multimodal_Assistant\Voice_Architecture\ASR\audio\session_input.wav,
2026-07-07T06:38:33Z,en,Google SR,hi there open YouTube,hi there open YouTube,0.6322,D:\Documents\FYP\Multimodal_Assistant\Voice_Architecture\ASR\audio\session_input.wav,
2026-07-07T06:38:44Z,en,Google SR,search Justin Bieber,search Justin Bieber,0.3869,D:\Documents\FYP\Multimodal_Assistant\Voice_Architecture\ASR\audio\session_input.wav,
2026-07-07T06:38:55Z,en,Google SR,could you play first,could you play first,0.4853,D:\Documents\FYP\Multimodal_Assistant\Voice_Architecture\ASR\audio\session_input.wav,
2026-07-07T06:39:06Z,en,Google SR,,,0.8963,D:\Documents\FYP\Multimodal_Assistant\Voice_Architecture\ASR\audio\session_input.wav,empty_transcript;empty_transcript
2026-07-07T06:39:11Z,en,Google SR,it's too loud decrease volume,it's too loud decrease volume,0.5145,D:\Documents\FYP\Multimodal_Assistant\Voice_Architecture\ASR\audio\session_input.wav,
2026-07-07T06:39:20Z,en,Google SR,,,0.5169,D:\Documents\FYP\Multimodal_Assistant\Voice_Architecture\ASR\audio\session_input.wav,empty_transcript;empty_transcript
2026-07-07T06:39:25Z,en,Google SR,pause video for me,pause video for me,0.4957,D:\Documents\FYP\Multimodal_Assistant\Voice_Architecture\ASR\audio\session_input.wav,
2026-07-07T06:39:33Z,en,Google SR,resume video back,resume video back,0.8920,D:\Documents\FYP\Multimodal_Assistant\Voice_Architecture\ASR\audio\session_input.wav,
2026-07-07T06:39:41Z,en,Google SR,,,0.4554,D:\Documents\FYP\Multimodal_Assistant\Voice_Architecture\ASR\audio\session_input.wav,empty_transcript;empty_transcript
2026-07-07T06:39:46Z,en,Google SR,open gesture control,open gesture control,0.5122,D:\Documents\FYP\Multimodal_Assistant\Voice_Architecture\ASR\audio\session_input.wav,
2026-07-07T06:40:24Z,en,Google SR,pause video,pause video,0.4267,D:\Documents\FYP\Multimodal_Assistant\Voice_Architecture\ASR\audio\session_input.wav,
2026-07-07T06:40:31Z,en,Google SR,excellent stop automation,excellent stop automation,0.5816,D:\Documents\FYP\Multimodal_Assistant\Voice_Architecture\ASR\audio\session_input.wav,
2026-07-07T06:41:50Z,en,Google SR,hi there open Google News,hi there open Google News,0.5625,D:\Documents\FYP\Multimodal_Assistant\Voice_Architecture\ASR\audio\session_input.wav,
2026-07-07T06:42:00Z,en,Google SR,,,0.2983,D:\Documents\FYP\Multimodal_Assistant\Voice_Architecture\ASR\audio\session_input.wav,empty_transcript;empty_transcript
2026-07-07T06:42:06Z,en,Google SR,search FIFA World Cup,search FIFA World Cup,0.6119,D:\Documents\FYP\Multimodal_Assistant\Voice_Architecture\ASR\audio\session_input.wav,
2026-07-07T06:42:15Z,en,Google SR,I'm hungry please cook for me,I'm hungry please cook for me,0.5752,D:\Documents\FYP\Multimodal_Assistant\Voice_Architecture\ASR\audio\session_input.wav,
2026-07-07T06:42:25Z,en,Google SR,ok sure stop automation,ok sure stop automation,0.6615,D:\Documents\FYP\Multimodal_Assistant\Voice_Architecture\ASR\audio\session_input.wav,
2026-07-07T06:42:59Z,zh,Google SR,请打开谷歌地图,Please open Google Maps,1.4749,D:\Documents\FYP\Multimodal_Assistant\Voice_Architecture\ASR\audio\session_input.wav,
2026-07-07T06:43:14Z,zh,Google SR,请搜索马来西亚,Please search Malaysia,1.3754,D:\Documents\FYP\Multimodal_Assistant\Voice_Architecture\ASR\audio\session_input.wav,
2026-07-07T06:43:25Z,zh,Google SR,搜索中国,Search China,1.5525,D:\Documents\FYP\Multimodal_Assistant\Voice_Architecture\ASR\audio\session_input.wav,
2026-07-07T06:43:37Z,zh,Google SR,搜索喜马拉雅,Search Himalayas,2.2662,D:\Documents\FYP\Multimodal_Assistant\Voice_Architecture\ASR\audio\session_input.wav,
2026-07-07T06:43:47Z,zh,Google SR,好的停止自动化,Good stop automation,1.6521,D:\Documents\FYP\Multimodal_Assistant\Voice_Architecture\ASR\audio\session_input.wav,
2026-07-07T06:44:30Z,en,Google SR,hi I would like to open WhatsApp,hi I would like to open WhatsApp,0.7904,D:\Documents\FYP\Multimodal_Assistant\Voice_Architecture\ASR\audio\session_input.wav,
2026-07-07T06:44:41Z,en,Google SR,select first chat,select first chat,0.5527,D:\Documents\FYP\Multimodal_Assistant\Voice_Architecture\ASR\audio\session_input.wav,
2026-07-07T06:44:50Z,en,Google SR,search user PG,search user PG,0.5007,D:\Documents\FYP\Multimodal_Assistant\Voice_Architecture\ASR\audio\session_input.wav,
2026-07-07T06:44:59Z,en,Google SR,select first chat,select first chat,0.6928,D:\Documents\FYP\Multimodal_Assistant\Voice_Architecture\ASR\audio\session_input.wav,
2026-07-07T06:45:07Z,en,Google SR,stop automation,stop automation,0.3915,D:\Documents\FYP\Multimodal_Assistant\Voice_Architecture\ASR\audio\session_input.wav,
2026-07-07T06:46:20Z,en,Google SR,good morning please open WhatsApp,good morning please open WhatsApp,0.6358,D:\Documents\FYP\Multimodal_Assistant\Voice_Architecture\ASR\audio\session_input.wav,
2026-07-07T06:46:31Z,en,Google SR,search user PG,search user PG,0.5485,D:\Documents\FYP\Multimodal_Assistant\Voice_Architecture\ASR\audio\session_input.wav,
2026-07-07T06:46:39Z,en,Google SR,clear search,clear search,0.3797,D:\Documents\FYP\Multimodal_Assistant\Voice_Architecture\ASR\audio\session_input.wav,
2026-07-07T06:46:48Z,en,Google SR,search user you,search user you,0.6218,D:\Documents\FYP\Multimodal_Assistant\Voice_Architecture\ASR\audio\session_input.wav,
2026-07-07T06:46:57Z,en,Google SR,select first chat,select first chat,0.5997,D:\Documents\FYP\Multimodal_Assistant\Voice_Architecture\ASR\audio\session_input.wav,
2026-07-07T06:47:09Z,en,Google SR,stop automation,stop automation,3.6142,D:\Documents\FYP\Multimodal_Assistant\Voice_Architecture\ASR\audio\session_input.wav,
2026-07-07T06:47:27Z,en,Google SR,open WhatsApp,open WhatsApp,0.6387,D:\Documents\FYP\Multimodal_Assistant\Voice_Architecture\ASR\audio\session_input.wav,
2026-07-07T06:47:38Z,en,Google SR,select first chat,select first chat,0.8299,D:\Documents\FYP\Multimodal_Assistant\Voice_Architecture\ASR\audio\session_input.wav,
2026-07-07T06:47:47Z,en,Google SR,search user PG,search user PG,0.5127,D:\Documents\FYP\Multimodal_Assistant\Voice_Architecture\ASR\audio\session_input.wav,
2026-07-07T06:47:56Z,en,Google SR,first check,first check,0.4422,D:\Documents\FYP\Multimodal_Assistant\Voice_Architecture\ASR\audio\session_input.wav,
2026-07-07T06:48:06Z,en,Google SR,select first chat,select first chat,0.6141,D:\Documents\FYP\Multimodal_Assistant\Voice_Architecture\ASR\audio\session_input.wav,
2026-07-07T06:48:14Z,en,Google SR,,,0.4942,D:\Documents\FYP\Multimodal_Assistant\Voice_Architecture\ASR\audio\session_input.wav,empty_transcript;empty_transcript
2026-07-07T06:48:20Z,en,Google SR,clear search,clear search,0.6509,D:\Documents\FYP\Multimodal_Assistant\Voice_Architecture\ASR\audio\session_input.wav,
2026-07-07T06:48:29Z,en,Google SR,select third chat,select third chat,0.7083,D:\Documents\FYP\Multimodal_Assistant\Voice_Architecture\ASR\audio\session_input.wav,
2026-07-07T06:48:37Z,en,Google SR,search user you,search user you,0.5968,D:\Documents\FYP\Multimodal_Assistant\Voice_Architecture\ASR\audio\session_input.wav,
2026-07-07T06:48:46Z,en,Google SR,select first chat,select first chat,0.7093,D:\Documents\FYP\Multimodal_Assistant\Voice_Architecture\ASR\audio\session_input.wav,
2026-07-07T06:48:55Z,en,Google SR,stop automation,stop automation,0.5571,D:\Documents\FYP\Multimodal_Assistant\Voice_Architecture\ASR\audio\session_input.wav,
2026-07-07T07:09:40Z,en,Google SR,hello good morning,hello good morning,0.6835,D:\Documents\FYP\Multimodal_Assistant\Voice_Architecture\ASR\audio\session_input.wav,
2026-07-07T07:10:00Z,en,Google SR,what is 1 + 1,what is 1 + 1,0.5516,D:\Documents\FYP\Multimodal_Assistant\Voice_Architecture\ASR\audio\session_input.wav,
2026-07-07T07:16:15Z,en,Google SR,good afternoon do you know who am I,good afternoon do you know who am I,1.6897,D:\Documents\FYP\Multimodal_Assistant\Voice_Architecture\ASR\audio\session_input.wav,
2026-07-07T07:16:30Z,en,Google SR,great let's start could you tell me what is the time now,great let's start could you tell me what is the time now,0.7508,D:\Documents\FYP\Multimodal_Assistant\Voice_Architecture\ASR\audio\session_input.wav,
2026-07-07T07:16:41Z,en,Google SR,excellent please tell me who invented calculator,excellent please tell me who invented calculator,0.7357,D:\Documents\FYP\Multimodal_Assistant\Voice_Architecture\ASR\audio\session_input.wav,
2026-07-07T07:16:57Z,en,Google SR,thank you for information now please open Notepad,thank you for information now please open Notepad,0.7613,D:\Documents\FYP\Multimodal_Assistant\Voice_Architecture\ASR\audio\session_input.wav,
2026-07-07T07:17:30Z,zh,Google SR,可以告诉我今天的日期是什么,Can you tell me what today's date is?,1.9247,D:\Documents\FYP\Multimodal_Assistant\Voice_Architecture\ASR\audio\session_input.wav,
2026-07-07T07:17:42Z,zh,Google SR,好的那一加一等于多少,"Okay, what is one plus one equal to?",1.0804,D:\Documents\FYP\Multimodal_Assistant\Voice_Architecture\ASR\audio\session_input.wav,
2026-07-07T07:18:51Z,en,Google SR,hi there please open YouTube,hi there please open YouTube,0.5328,D:\Documents\FYP\Multimodal_Assistant\Voice_Architecture\ASR\audio\session_input.wav,
2026-07-07T07:19:04Z,en,Google SR,search Justin Bieber dais,search Justin Bieber dais,0.5691,D:\Documents\FYP\Multimodal_Assistant\Voice_Architecture\ASR\audio\session_input.wav,
2026-07-07T07:19:15Z,en,Google SR,ok play first,ok play first,0.6121,D:\Documents\FYP\Multimodal_Assistant\Voice_Architecture\ASR\audio\session_input.wav,
2026-07-07T07:19:25Z,en,Google SR,it's too loud decrease volume,it's too loud decrease volume,0.5902,D:\Documents\FYP\Multimodal_Assistant\Voice_Architecture\ASR\audio\session_input.wav,
2026-07-07T07:19:36Z,en,Google SR,,,0.3614,D:\Documents\FYP\Multimodal_Assistant\Voice_Architecture\ASR\audio\session_input.wav,empty_transcript;empty_transcript
2026-07-07T07:19:42Z,en,Google SR,,,0.4448,D:\Documents\FYP\Multimodal_Assistant\Voice_Architecture\ASR\audio\session_input.wav,empty_transcript;empty_transcript
2026-07-07T07:19:47Z,en,Google SR,thank you please pause video,thank you please pause video,0.4832,D:\Documents\FYP\Multimodal_Assistant\Voice_Architecture\ASR\audio\session_input.wav,
2026-07-07T07:19:55Z,en,Google SR,resume video back,resume video back,0.4489,D:\Documents\FYP\Multimodal_Assistant\Voice_Architecture\ASR\audio\session_input.wav,
2026-07-07T07:20:02Z,en,Google SR,open gesture control,open gesture control,0.4153,D:\Documents\FYP\Multimodal_Assistant\Voice_Architecture\ASR\audio\session_input.wav,
2026-07-07T07:20:43Z,en,Google SR,pause video,pause video,2.6203,D:\Documents\FYP\Multimodal_Assistant\Voice_Architecture\ASR\audio\session_input.wav,
2026-07-07T07:20:51Z,en,Google SR,no stop automation,no stop automation,1.0632,D:\Documents\FYP\Multimodal_Assistant\Voice_Architecture\ASR\audio\session_input.wav,
2026-07-07T07:22:44Z,en,Google SR,good morning open YouTube and search Justin Bieber,good morning open YouTube and search Justin Bieber,0.5294,D:\Documents\FYP\Multimodal_Assistant\Voice_Architecture\ASR\audio\session_input.wav,
2026-07-07T07:22:58Z,en,Google SR,open gesture control,open gesture control,0.4518,D:\Documents\FYP\Multimodal_Assistant\Voice_Architecture\ASR\audio\session_input.wav,
2026-07-07T07:23:21Z,en,Google SR,search daisies,search daisies,1.2652,D:\Documents\FYP\Multimodal_Assistant\Voice_Architecture\ASR\audio\session_input.wav,
2026-07-07T07:23:32Z,en,Google SR,ok play first,ok play first,0.9502,D:\Documents\FYP\Multimodal_Assistant\Voice_Architecture\ASR\audio\session_input.wav,
2026-07-07T07:23:44Z,en,Google SR,the volume is too loud decrease volume,the volume is too loud decrease volume,1.7719,D:\Documents\FYP\Multimodal_Assistant\Voice_Architecture\ASR\audio\session_input.wav,
2026-07-07T07:23:53Z,en,Google SR,pause video,pause video,0.4242,D:\Documents\FYP\Multimodal_Assistant\Voice_Architecture\ASR\audio\session_input.wav,
2026-07-07T07:24:00Z,en,Google SR,resume video back,resume video back,0.4883,D:\Documents\FYP\Multimodal_Assistant\Voice_Architecture\ASR\audio\session_input.wav,
2026-07-07T07:24:08Z,en,Google SR,please increase volume,please increase volume,0.4823,D:\Documents\FYP\Multimodal_Assistant\Voice_Architecture\ASR\audio\session_input.wav,
2026-07-07T07:24:16Z,en,Google SR,open gesture control,open gesture control,0.5202,D:\Documents\FYP\Multimodal_Assistant\Voice_Architecture\ASR\audio\session_input.wav,
2026-07-07T07:24:40Z,en,Google SR,pause video,pause video,0.3213,D:\Documents\FYP\Multimodal_Assistant\Voice_Architecture\ASR\audio\session_input.wav,
2026-07-07T07:24:47Z,en,Google SR,stop automation,stop automation,0.7249,D:\Documents\FYP\Multimodal_Assistant\Voice_Architecture\ASR\audio\session_input.wav,
2026-07-07T07:25:32Z,zh,Google SR,请打开谷歌地图,Please open Google Maps,1.1318,D:\Documents\FYP\Multimodal_Assistant\Voice_Architecture\ASR\audio\session_input.wav,
2026-07-07T07:25:47Z,zh,Google SR,搜索马六甲,Search Malacca,1.9227,D:\Documents\FYP\Multimodal_Assistant\Voice_Architecture\ASR\audio\session_input.wav,
2026-07-07T07:25:58Z,zh,Google SR,帮我煮饭,help me cook,0.7535,D:\Documents\FYP\Multimodal_Assistant\Voice_Architecture\ASR\audio\session_input.wav,
2026-07-07T07:26:11Z,zh,Google SR,停止自动化,Stop automation,2.6013,D:\Documents\FYP\Multimodal_Assistant\Voice_Architecture\ASR\audio\session_input.wav,
2026-07-07T07:27:04Z,zh,Google SR,你好请打开谷歌新闻,Hello please open Google News,3.6569,D:\Documents\FYP\Multimodal_Assistant\Voice_Architecture\ASR\audio\session_input.wav,
2026-07-07T07:27:18Z,zh,Google SR,搜索世界杯,Search World Cup,1.7337,D:\Documents\FYP\Multimodal_Assistant\Voice_Architecture\ASR\audio\session_input.wav,
2026-07-07T07:27:29Z,zh,Google SR,我有点饿可以帮我煮饭吗,I'm a little hungry. Can you help me cook?,2.3761,D:\Documents\FYP\Multimodal_Assistant\Voice_Architecture\ASR\audio\session_input.wav,
2026-07-07T07:27:41Z,zh,Google SR,好的停止自动化,Good stop automation,1.6562,D:\Documents\FYP\Multimodal_Assistant\Voice_Architecture\ASR\audio\session_input.wav,
2026-07-07T07:28:34Z,en,Google SR,hi there please open WhatsApp,hi there please open WhatsApp,0.9366,D:\Documents\FYP\Multimodal_Assistant\Voice_Architecture\ASR\audio\session_input.wav,
2026-07-07T07:28:46Z,en,Google SR,select dirt chat,select dirt chat,0.6666,D:\Documents\FYP\Multimodal_Assistant\Voice_Architecture\ASR\audio\session_input.wav,
2026-07-07T07:28:56Z,en,Google SR,stop automation,stop automation,0.5109,D:\Documents\FYP\Multimodal_Assistant\Voice_Architecture\ASR\audio\session_input.wav,
2026-07-07T07:29:39Z,en,Google SR,hi please open WhatsApp,hi please open WhatsApp,0.5553,D:\Documents\FYP\Multimodal_Assistant\Voice_Architecture\ASR\audio\session_input.wav,
2026-07-07T07:29:50Z,en,Google SR,Select second chat,Select second chat,0.5940,D:\Documents\FYP\Multimodal_Assistant\Voice_Architecture\ASR\audio\session_input.wav,
2026-07-07T07:29:59Z,en,Google SR,search user you,search user you,0.5133,D:\Documents\FYP\Multimodal_Assistant\Voice_Architecture\ASR\audio\session_input.wav,
2026-07-07T07:30:07Z,en,Google SR,thank you select first chat,thank you select first chat,0.5481,D:\Documents\FYP\Multimodal_Assistant\Voice_Architecture\ASR\audio\session_input.wav,
2026-07-07T07:30:18Z,en,Google SR,select first chat,select first chat,0.7480,D:\Documents\FYP\Multimodal_Assistant\Voice_Architecture\ASR\audio\session_input.wav,
2026-07-07T07:30:27Z,en,Google SR,stop automation,stop automation,0.4726,D:\Documents\FYP\Multimodal_Assistant\Voice_Architecture\ASR\audio\session_input.wav,
2026-07-07T07:31:05Z,en,Google SR,good morning please open WhatsApp,good morning please open WhatsApp,0.6104,D:\Documents\FYP\Multimodal_Assistant\Voice_Architecture\ASR\audio\session_input.wav,
2026-07-07T07:31:17Z,en,Google SR,please select second chat,please select second chat,0.7494,D:\Documents\FYP\Multimodal_Assistant\Voice_Architecture\ASR\audio\session_input.wav,
2026-07-07T07:31:25Z,en,Google SR,search user you,search user you,0.6395,D:\Documents\FYP\Multimodal_Assistant\Voice_Architecture\ASR\audio\session_input.wav,
2026-07-07T07:31:34Z,en,Google SR,select first chat,select first chat,0.5665,D:\Documents\FYP\Multimodal_Assistant\Voice_Architecture\ASR\audio\session_input.wav,
2026-07-07T07:31:43Z,en,Google SR,open gesture control,open gesture control,0.4501,D:\Documents\FYP\Multimodal_Assistant\Voice_Architecture\ASR\audio\session_input.wav,
2026-07-07T07:32:01Z,en,Google SR,,,0.4304,D:\Documents\FYP\Multimodal_Assistant\Voice_Architecture\ASR\audio\session_input.wav,empty_transcript;empty_transcript
2026-07-07T07:32:07Z,en,Google SR,are you please enter how are you,are you please enter how are you,0.5758,D:\Documents\FYP\Multimodal_Assistant\Voice_Architecture\ASR\audio\session_input.wav,
2026-07-07T07:32:17Z,en,Google SR,stop automation,stop automation,0.7106,D:\Documents\FYP\Multimodal_Assistant\Voice_Architecture\ASR\audio\session_input.wav,
2026-07-07T07:32:56Z,en,Google SR,hi there please open WhatsApp,hi there please open WhatsApp,0.5861,D:\Documents\FYP\Multimodal_Assistant\Voice_Architecture\ASR\audio\session_input.wav,
2026-07-07T07:33:07Z,en,Google SR,Select second chat,Select second chat,0.5381,D:\Documents\FYP\Multimodal_Assistant\Voice_Architecture\ASR\audio\session_input.wav,
2026-07-07T07:33:16Z,en,Google SR,search user you,search user you,0.4838,D:\Documents\FYP\Multimodal_Assistant\Voice_Architecture\ASR\audio\session_input.wav,
2026-07-07T07:33:24Z,en,Google SR,select first chat,select first chat,0.6109,D:\Documents\FYP\Multimodal_Assistant\Voice_Architecture\ASR\audio\session_input.wav,
2026-07-07T07:33:33Z,en,Google SR,how are you today from automation,how are you today from automation,0.5351,D:\Documents\FYP\Multimodal_Assistant\Voice_Architecture\ASR\audio\session_input.wav,
2026-07-07T07:33:43Z,en,Google SR,stop auto music,stop auto music,0.5733,D:\Documents\FYP\Multimodal_Assistant\Voice_Architecture\ASR\audio\session_input.wav,
2026-07-07T07:33:53Z,en,Google SR,stop automation,stop automation,0.4515,D:\Documents\FYP\Multimodal_Assistant\Voice_Architecture\ASR\audio\session_input.wav,
2026-07-07T07:34:05Z,en,Google SR,so previously thank you,so previously thank you,0.5495,D:\Documents\FYP\Multimodal_Assistant\Voice_Architecture\ASR\audio\session_input.wav,
2026-07-07T07:34:46Z,en,Google SR,hi there please open WhatsApp,hi there please open WhatsApp,0.6142,D:\Documents\FYP\Multimodal_Assistant\Voice_Architecture\ASR\audio\session_input.wav,
2026-07-07T07:34:58Z,en,Google SR,Select second chat,Select second chat,1.5298,D:\Documents\FYP\Multimodal_Assistant\Voice_Architecture\ASR\audio\session_input.wav,
2026-07-07T07:35:07Z,en,Google SR,search user you,search user you,0.7808,D:\Documents\FYP\Multimodal_Assistant\Voice_Architecture\ASR\audio\session_input.wav,
2026-07-07T07:35:16Z,en,Google SR,select first chat,select first chat,0.6581,D:\Documents\FYP\Multimodal_Assistant\Voice_Architecture\ASR\audio\session_input.wav,
2026-07-07T07:35:25Z,en,Google SR,enter high from automation,enter high from automation,0.6362,D:\Documents\FYP\Multimodal_Assistant\Voice_Architecture\ASR\audio\session_input.wav,
2026-07-07T07:35:33Z,en,Google SR,clear message,clear message,0.5759,D:\Documents\FYP\Multimodal_Assistant\Voice_Architecture\ASR\audio\session_input.wav,
2026-07-07T07:35:42Z,en,Google SR,enter good morning automation,enter good morning automation,0.9792,D:\Documents\FYP\Multimodal_Assistant\Voice_Architecture\ASR\audio\session_input.wav,
2026-07-07T07:35:50Z,en,Google SR,send message,send message,0.5611,D:\Documents\FYP\Multimodal_Assistant\Voice_Architecture\ASR\audio\session_input.wav,
2026-07-07T07:35:57Z,en,Google SR,thank you stop automation,thank you stop automation,0.4799,D:\Documents\FYP\Multimodal_Assistant\Voice_Architecture\ASR\audio\session_input.wav,
2026-07-07T07:37:09Z,en,Google SR,good morning I would like to open gesture control,good morning I would like to open gesture control,0.7038,D:\Documents\FYP\Multimodal_Assistant\Voice_Architecture\ASR\audio\session_input.wav,
2026-07-07T07:41:44Z,en,Google SR,,,0.0000,D:\Documents\FYP\Multimodal_Assistant\Voice_Architecture\ASR\audio\session_input.wav,error: Google SR failed (Google SR request failed: recognition connection failed: [Errno 11001] getaddrinfo failed); Whisper fallback also failed ([WinError 2] The system cannot find the file specified)
2026-07-07T07:41:53Z,en,Google SR,,,0.0000,D:\Documents\FYP\Multimodal_Assistant\Voice_Architecture\ASR\audio\session_input.wav,error: Google SR failed (Google SR request failed: recognition connection failed: [Errno 11001] getaddrinfo failed); Whisper fallback also failed ([WinError 2] The system cannot find the file specified)
2026-07-07T07:42:57Z,en,Google SR,hi there good morning,hi there good morning,0.5406,D:\Documents\FYP\Multimodal_Assistant\Voice_Architecture\ASR\audio\session_input.wav,
2026-07-07T07:44:05Z,en,Google SR,hi there I would like to open gesture control,hi there I would like to open gesture control,0.6772,D:\Documents\FYP\Multimodal_Assistant\Voice_Architecture\ASR\audio\session_input.wav,
2026-07-07T07:46:07Z,en,Google SR,good morning open gesture control,good morning open gesture control,0.5528,D:\Documents\FYP\Multimodal_Assistant\Voice_Architecture\ASR\audio\session_input.wav,
2026-07-07T07:51:47Z,en,Google SR,good morning please open gesture control for me,good morning please open gesture control for me,1.9089,D:\Documents\FYP\Multimodal_Assistant\Voice_Architecture\ASR\audio\session_input.wav,
2026-07-07T07:54:20Z,en,Google SR,hello please open gesture control,hello please open gesture control,0.5917,D:\Documents\FYP\Multimodal_Assistant\Voice_Architecture\ASR\audio\session_input.wav,
2026-07-07T07:55:36Z,en,Google SR,please open back gesture control,please open back gesture control,1.9750,D:\Documents\FYP\Multimodal_Assistant\Voice_Architecture\ASR\audio\session_input.wav,
2026-07-07T08:12:12Z,en,Google SR,good morning Friday do you know who I am,good morning Friday do you know who I am,0.8000,D:\Documents\FYP\Multimodal_Assistant\Voice_Architecture\ASR\audio\session_input.wav,
2026-07-07T08:12:27Z,en,Google SR,great let's start could you tell me what is the time now,great let's start could you tell me what is the time now,0.8299,D:\Documents\FYP\Multimodal_Assistant\Voice_Architecture\ASR\audio\session_input.wav,
2026-07-07T08:12:39Z,en,Google SR,excellent know let me know who invented calculator,excellent know let me know who invented calculator,1.8103,D:\Documents\FYP\Multimodal_Assistant\Voice_Architecture\ASR\audio\session_input.wav,
2026-07-07T08:12:55Z,en,Google SR,thank you for the information could you please open Notepad,thank you for the information could you please open Notepad,0.8943,D:\Documents\FYP\Multimodal_Assistant\Voice_Architecture\ASR\audio\session_input.wav,
2026-07-07T08:13:18Z,zh,Google SR,你好今天是什么日期,Hello what is today’s date?,2.1106,D:\Documents\FYP\Multimodal_Assistant\Voice_Architecture\ASR\audio\session_input.wav,
2026-07-07T08:13:31Z,zh,Google SR,好的那一加一等于多少,"Okay, what is one plus one equal to?",1.3249,D:\Documents\FYP\Multimodal_Assistant\Voice_Architecture\ASR\audio\session_input.wav,
2026-07-07T08:19:54Z,en,Google SR,good morning Friday do you know who am I,good morning Friday do you know who am I,0.6744,D:\Documents\FYP\Multimodal_Assistant\Voice_Architecture\ASR\audio\session_input.wav,
2026-07-07T08:20:08Z,en,Google SR,great let's start could you tell me what is the time now,great let's start could you tell me what is the time now,1.4150,D:\Documents\FYP\Multimodal_Assistant\Voice_Architecture\ASR\audio\session_input.wav,
2026-07-07T08:20:18Z,en,Google SR,excellent no explain to me who invented calculator,excellent no explain to me who invented calculator,0.9588,D:\Documents\FYP\Multimodal_Assistant\Voice_Architecture\ASR\audio\session_input.wav,
2026-07-07T08:20:34Z,en,Google SR,thank you for the information please open Notepad,thank you for the information please open Notepad,1.5740,D:\Documents\FYP\Multimodal_Assistant\Voice_Architecture\ASR\audio\session_input.wav,
2026-07-07T08:21:00Z,zh,Google SR,你好今天的日期是什么,Hello what is today’s date?,1.8313,D:\Documents\FYP\Multimodal_Assistant\Voice_Architecture\ASR\audio\session_input.wav,
2026-07-07T08:21:13Z,zh,Google SR,好的那一加一等于多少,"Okay, what is one plus one equal to?",2.2188,D:\Documents\FYP\Multimodal_Assistant\Voice_Architecture\ASR\audio\session_input.wav,
2026-07-07T08:22:11Z,en,Google SR,good morning please open YouTube for me,good morning please open YouTube for me,0.5096,D:\Documents\FYP\Multimodal_Assistant\Voice_Architecture\ASR\audio\session_input.wav,
2026-07-07T08:22:28Z,en,Google SR,search Justin Bieber basis,search Justin Bieber basis,1.0807,D:\Documents\FYP\Multimodal_Assistant\Voice_Architecture\ASR\audio\session_input.wav,
2026-07-07T08:22:40Z,en,Google SR,stop automation,stop automation,0.6125,D:\Documents\FYP\Multimodal_Assistant\Voice_Architecture\ASR\audio\session_input.wav,
2026-07-07T08:24:05Z,en,Google SR,good morning Friday do you know who am I,good morning Friday do you know who am I,0.6712,D:\Documents\FYP\Multimodal_Assistant\Voice_Architecture\ASR\audio\session_input.wav,
2026-07-07T08:24:19Z,en,Google SR,Sanskrit could you tell me what is the time now,Sanskrit could you tell me what is the time now,0.6365,D:\Documents\FYP\Multimodal_Assistant\Voice_Architecture\ASR\audio\session_input.wav,
2026-07-07T08:24:31Z,en,Google SR,thanks tell me who invented calculator,thanks tell me who invented calculator,0.6114,D:\Documents\FYP\Multimodal_Assistant\Voice_Architecture\ASR\audio\session_input.wav,
2026-07-07T08:26:45Z,en,Google SR,,,1.2048,D:\Documents\FYP\Multimodal_Assistant\Voice_Architecture\ASR\audio\session_input.wav,empty_transcript;empty_transcript
2026-07-07T08:29:28Z,en,Google SR,good evening do you know who am I,good evening do you know who am I,0.6494,D:\Documents\FYP\Multimodal_Assistant\Voice_Architecture\ASR\audio\session_input.wav,
2026-07-07T08:29:43Z,en,Google SR,do you know what is the time now,do you know what is the time now,0.4734,D:\Documents\FYP\Multimodal_Assistant\Voice_Architecture\ASR\audio\session_input.wav,
2026-07-07T08:29:54Z,en,Google SR,excellent could you tell me who invented calculator,excellent could you tell me who invented calculator,0.7401,D:\Documents\FYP\Multimodal_Assistant\Voice_Architecture\ASR\audio\session_input.wav,
2026-07-07T08:30:17Z,en,Google SR,thanks for your information now open Notepad,thanks for your information now open Notepad,0.5332,D:\Documents\FYP\Multimodal_Assistant\Voice_Architecture\ASR\audio\session_input.wav,
2026-07-07T08:30:41Z,zh,Google SR,Hello你好今天是什么日期,Hello hello what's today's date?,2.3531,D:\Documents\FYP\Multimodal_Assistant\Voice_Architecture\ASR\audio\session_input.wav,
2026-07-07T08:30:54Z,zh,Google SR,好的那一加一等于多少,"Okay, what is one plus one equal to?",1.9595,D:\Documents\FYP\Multimodal_Assistant\Voice_Architecture\ASR\audio\session_input.wav,
2026-07-07T08:32:05Z,en,Google SR,hello please open YouTube,hello please open YouTube,0.4592,D:\Documents\FYP\Multimodal_Assistant\Voice_Architecture\ASR\audio\session_input.wav,
2026-07-07T08:32:17Z,en,Google SR,search Justin Bieber,search Justin Bieber,0.6043,D:\Documents\FYP\Multimodal_Assistant\Voice_Architecture\ASR\audio\session_input.wav,
2026-07-07T08:32:28Z,en,Google SR,select first,select first,0.5155,D:\Documents\FYP\Multimodal_Assistant\Voice_Architecture\ASR\audio\session_input.wav,
2026-07-07T08:32:39Z,en,Google SR,,,0.4963,D:\Documents\FYP\Multimodal_Assistant\Voice_Architecture\ASR\audio\session_input.wav,empty_transcript;empty_transcript
2026-07-07T08:32:45Z,en,Google SR,,,1.1124,D:\Documents\FYP\Multimodal_Assistant\Voice_Architecture\ASR\audio\session_input.wav,empty_transcript;empty_transcript
2026-07-07T08:32:52Z,en,Google SR,functions either in conversation or system action,functions either in conversation or system action,1.0623,D:\Documents\FYP\Multimodal_Assistant\Voice_Architecture\ASR\audio\session_input.wav,
2026-07-07T08:33:02Z,en,Google SR,stop automation,stop automation,0.4199,D:\Documents\FYP\Multimodal_Assistant\Voice_Architecture\ASR\audio\session_input.wav,
2026-07-07T08:34:08Z,en,Google SR,hello open YouTube,hello open YouTube,0.4945,D:\Documents\FYP\Multimodal_Assistant\Voice_Architecture\ASR\audio\session_input.wav,
2026-07-07T08:34:20Z,en,Google SR,search Justin Bieber,search Justin Bieber,0.4849,D:\Documents\FYP\Multimodal_Assistant\Voice_Architecture\ASR\audio\session_input.wav,
2026-07-07T08:34:31Z,en,Google SR,alright play first,alright play first,0.6283,D:\Documents\FYP\Multimodal_Assistant\Voice_Architecture\ASR\audio\session_input.wav,
2026-07-07T08:34:42Z,en,Google SR,,,0.6228,D:\Documents\FYP\Multimodal_Assistant\Voice_Architecture\ASR\audio\session_input.wav,empty_transcript;empty_transcript
2026-07-07T08:34:48Z,en,Google SR,it's too loud decrease volume,it's too loud decrease volume,1.0604,D:\Documents\FYP\Multimodal_Assistant\Voice_Architecture\ASR\audio\session_input.wav,
2026-07-07T08:34:57Z,en,Google SR,,,0.3114,D:\Documents\FYP\Multimodal_Assistant\Voice_Architecture\ASR\audio\session_input.wav,empty_transcript;empty_transcript
2026-07-07T08:35:02Z,en,Google SR,pause video,pause video,0.4683,D:\Documents\FYP\Multimodal_Assistant\Voice_Architecture\ASR\audio\session_input.wav,
2026-07-07T08:35:10Z,en,Google SR,open gesture control,open gesture control,0.5712,D:\Documents\FYP\Multimodal_Assistant\Voice_Architecture\ASR\audio\session_input.wav,
2026-07-07T08:35:47Z,en,Google SR,stop automation,stop automation,0.8327,D:\Documents\FYP\Multimodal_Assistant\Voice_Architecture\ASR\audio\session_input.wav,
2026-07-07T08:42:33Z,en,Google SR,good morning do you know who am I,good morning do you know who am I,0.4710,D:\Documents\FYP\Multimodal_Assistant\Voice_Architecture\ASR\audio\session_input.wav,
2026-07-07T08:42:46Z,en,Google SR,great let's start could you tell me what is the time now,great let's start could you tell me what is the time now,0.8352,D:\Documents\FYP\Multimodal_Assistant\Voice_Architecture\ASR\audio\session_input.wav,
2026-07-07T08:42:57Z,en,Google SR,excellent could you let me know who invented calculator,excellent could you let me know who invented calculator,0.7737,D:\Documents\FYP\Multimodal_Assistant\Voice_Architecture\ASR\audio\session_input.wav,
2026-07-07T08:43:22Z,en,Google SR,thanks for the information now please open Notepad,thanks for the information now please open Notepad,1.1902,D:\Documents\FYP\Multimodal_Assistant\Voice_Architecture\ASR\audio\session_input.wav,
2026-07-07T08:44:01Z,zh,Google SR,你好能告诉我现在是什么日期吗,"Hello, can you tell me what date it is now?",2.4995,D:\Documents\FYP\Multimodal_Assistant\Voice_Architecture\ASR\audio\session_input.wav,
2026-07-07T08:44:14Z,zh,Google SR,好的那一加一等于多少呢,"Okay, so what does one plus one equal?",2.3877,D:\Documents\FYP\Multimodal_Assistant\Voice_Architecture\ASR\audio\session_input.wav,
2026-07-07T08:45:22Z,en,Google SR,hi there please open YouTube,hi there please open YouTube,0.5633,D:\Documents\FYP\Multimodal_Assistant\Voice_Architecture\ASR\audio\session_input.wav,
2026-07-07T08:45:34Z,en,Google SR,search for Justin Bieber,search for Justin Bieber,0.6027,D:\Documents\FYP\Multimodal_Assistant\Voice_Architecture\ASR\audio\session_input.wav,
2026-07-07T08:45:46Z,en,Google SR,play first,play first,0.5307,D:\Documents\FYP\Multimodal_Assistant\Voice_Architecture\ASR\audio\session_input.wav,
2026-07-07T08:45:56Z,en,Google SR,,,0.2958,D:\Documents\FYP\Multimodal_Assistant\Voice_Architecture\ASR\audio\session_input.wav,empty_transcript;empty_transcript
2026-07-07T08:46:02Z,en,Google SR,the volume is too loud decrease volume,the volume is too loud decrease volume,0.8563,D:\Documents\FYP\Multimodal_Assistant\Voice_Architecture\ASR\audio\session_input.wav,
2026-07-07T08:46:11Z,en,Google SR,increase volume,increase volume,0.3564,D:\Documents\FYP\Multimodal_Assistant\Voice_Architecture\ASR\audio\session_input.wav,
2026-07-07T08:46:19Z,en,Google SR,help me to pause video,help me to pause video,0.7006,D:\Documents\FYP\Multimodal_Assistant\Voice_Architecture\ASR\audio\session_input.wav,
2026-07-07T08:46:28Z,en,Google SR,open gesture control,open gesture control,1.1666,D:\Documents\FYP\Multimodal_Assistant\Voice_Architecture\ASR\audio\session_input.wav,
2026-07-07T08:47:12Z,en,Google SR,stop automation,stop automation,0.4995,D:\Documents\FYP\Multimodal_Assistant\Voice_Architecture\ASR\audio\session_input.wav,
2026-07-07T08:48:15Z,en,Google SR,good evening do you know who am I,good evening do you know who am I,0.5081,D:\Documents\FYP\Multimodal_Assistant\Voice_Architecture\ASR\audio\session_input.wav,
2026-07-07T08:48:31Z,en,Google SR,excellent could you tell me what is the time now,excellent could you tell me what is the time now,0.6762,D:\Documents\FYP\Multimodal_Assistant\Voice_Architecture\ASR\audio\session_input.wav,
2026-07-07T08:48:42Z,en,Google SR,great job no tell me who invented calculator,great job no tell me who invented calculator,1.4580,D:\Documents\FYP\Multimodal_Assistant\Voice_Architecture\ASR\audio\session_input.wav,
2026-07-07T08:48:57Z,en,Google SR,please open Notepad,please open Notepad,1.1231,D:\Documents\FYP\Multimodal_Assistant\Voice_Architecture\ASR\audio\session_input.wav,
2026-07-07T08:49:25Z,zh,Google SR,Hello你好请问今天是什么日期,"Hello, what is today’s date?",2.0288,D:\Documents\FYP\Multimodal_Assistant\Voice_Architecture\ASR\audio\session_input.wav,
2026-07-07T08:49:38Z,zh,Google SR,好的那一加一等于多少呢,"Okay, so what does one plus one equal?",1.5629,D:\Documents\FYP\Multimodal_Assistant\Voice_Architecture\ASR\audio\session_input.wav,
2026-07-07T08:50:53Z,en,Google SR,hi please open YouTube,hi please open YouTube,0.5409,D:\Documents\FYP\Multimodal_Assistant\Voice_Architecture\ASR\audio\session_input.wav,
2026-07-07T08:51:05Z,en,Google SR,search Justin Bieber,search Justin Bieber,0.4829,D:\Documents\FYP\Multimodal_Assistant\Voice_Architecture\ASR\audio\session_input.wav,
2026-07-07T08:51:16Z,en,Google SR,thank you play first,thank you play first,0.8948,D:\Documents\FYP\Multimodal_Assistant\Voice_Architecture\ASR\audio\session_input.wav,
2026-07-07T08:51:27Z,en,Google SR,,,0.8379,D:\Documents\FYP\Multimodal_Assistant\Voice_Architecture\ASR\audio\session_input.wav,empty_transcript;empty_transcript
2026-07-07T08:51:33Z,en,Google SR,the volume is too loud decrease volume,the volume is too loud decrease volume,0.5686,D:\Documents\FYP\Multimodal_Assistant\Voice_Architecture\ASR\audio\session_input.wav,
2026-07-07T08:51:42Z,en,Google SR,thank you pause video,thank you pause video,0.5356,D:\Documents\FYP\Multimodal_Assistant\Voice_Architecture\ASR\audio\session_input.wav,
2026-07-07T08:51:49Z,en,Google SR,open gesture control,open gesture control,0.4603,D:\Documents\FYP\Multimodal_Assistant\Voice_Architecture\ASR\audio\session_input.wav,
2026-07-07T08:52:56Z,en,Google SR,resume video,resume video,0.4356,D:\Documents\FYP\Multimodal_Assistant\Voice_Architecture\ASR\audio\session_input.wav,
2026-07-07T08:53:04Z,en,Google SR,stop video,stop video,0.5642,D:\Documents\FYP\Multimodal_Assistant\Voice_Architecture\ASR\audio\session_input.wav,
2026-07-07T08:53:15Z,en,Google SR,pause video,pause video,0.3620,D:\Documents\FYP\Multimodal_Assistant\Voice_Architecture\ASR\audio\session_input.wav,
2026-07-07T08:53:22Z,en,Google SR,stop automation,stop automation,0.4450,D:\Documents\FYP\Multimodal_Assistant\Voice_Architecture\ASR\audio\session_input.wav,
2026-07-07T08:54:26Z,en,Google SR,hi please open WhatsApp,hi please open WhatsApp,0.4620,D:\Documents\FYP\Multimodal_Assistant\Voice_Architecture\ASR\audio\session_input.wav,
2026-07-07T08:54:37Z,en,Google SR,select first chat,select first chat,0.5430,D:\Documents\FYP\Multimodal_Assistant\Voice_Architecture\ASR\audio\session_input.wav,
2026-07-07T08:54:46Z,en,Google SR,search user you,search user you,0.8986,D:\Documents\FYP\Multimodal_Assistant\Voice_Architecture\ASR\audio\session_input.wav,
2026-07-07T08:54:55Z,en,Google SR,select first chat,select first chat,0.7272,D:\Documents\FYP\Multimodal_Assistant\Voice_Architecture\ASR\audio\session_input.wav,
2026-07-07T08:55:04Z,en,Google SR,enter hello from automation,enter hello from automation,1.1603,D:\Documents\FYP\Multimodal_Assistant\Voice_Architecture\ASR\audio\session_input.wav,
2026-07-07T08:55:13Z,en,Google SR,clear message,clear message,1.0493,D:\Documents\FYP\Multimodal_Assistant\Voice_Architecture\ASR\audio\session_input.wav,
2026-07-07T08:55:22Z,en,Google SR,enter I am myself,enter I am myself,0.9660,D:\Documents\FYP\Multimodal_Assistant\Voice_Architecture\ASR\audio\session_input.wav,
2026-07-07T08:55:30Z,en,Google SR,send message,send message,0.6819,D:\Documents\FYP\Multimodal_Assistant\Voice_Architecture\ASR\audio\session_input.wav,
2026-07-07T08:55:38Z,en,Google SR,,,0.6049,D:\Documents\FYP\Multimodal_Assistant\Voice_Architecture\ASR\audio\session_input.wav,empty_transcript;empty_transcript
2026-07-07T08:55:43Z,en,Google SR,stop automation,stop automation,0.4072,D:\Documents\FYP\Multimodal_Assistant\Voice_Architecture\ASR\audio\session_input.wav,
2026-07-07T08:56:11Z,en,Google SR,I would like to open gesture control,I would like to open gesture control,0.6251,D:\Documents\FYP\Multimodal_Assistant\Voice_Architecture\ASR\audio\session_input.wav,
2026-07-07T09:20:51Z,en,Google SR,good evening do you know who am I,good evening do you know who am I,0.9238,D:\Documents\FYP\Multimodal_Assistant\Voice_Architecture\ASR\audio\session_input.wav,
2026-07-07T09:21:07Z,en,Google SR,OK great could you tell me what is the time now,OK great could you tell me what is the time now,1.0188,D:\Documents\FYP\Multimodal_Assistant\Voice_Architecture\ASR\audio\session_input.wav,
2026-07-07T09:21:19Z,en,Google SR,excellent could you let me know who invented calculator,excellent could you let me know who invented calculator,0.8480,D:\Documents\FYP\Multimodal_Assistant\Voice_Architecture\ASR\audio\session_input.wav,
2026-07-07T09:21:35Z,en,Google SR,thanks for information now open Notepad,thanks for information now open Notepad,0.8083,D:\Documents\FYP\Multimodal_Assistant\Voice_Architecture\ASR\audio\session_input.wav,
2026-07-07T09:22:04Z,zh,Google SR,Hello你好请问今天是什么日期,"Hello, what is today’s date?",2.2425,D:\Documents\FYP\Multimodal_Assistant\Voice_Architecture\ASR\audio\session_input.wav,
2026-07-07T09:22:17Z,zh,Google SR,好的那一加一等于多少,"Okay, what is one plus one equal to?",1.3695,D:\Documents\FYP\Multimodal_Assistant\Voice_Architecture\ASR\audio\session_input.wav,
2026-07-07T09:23:20Z,en,Google SR,hi there please open YouTube,hi there please open YouTube,0.6252,D:\Documents\FYP\Multimodal_Assistant\Voice_Architecture\ASR\audio\session_input.wav,
2026-07-07T09:23:33Z,en,Google SR,search Justin Bieber,search Justin Bieber,0.6797,D:\Documents\FYP\Multimodal_Assistant\Voice_Architecture\ASR\audio\session_input.wav,
2026-07-07T09:23:45Z,en,Google SR,ok play first,ok play first,1.5731,D:\Documents\FYP\Multimodal_Assistant\Voice_Architecture\ASR\audio\session_input.wav,
2026-07-07T09:23:55Z,en,Google SR,,,0.2845,D:\Documents\FYP\Multimodal_Assistant\Voice_Architecture\ASR\audio\session_input.wav,empty_transcript;empty_transcript
2026-07-07T09:24:01Z,en,Google SR,the volume is too loud increase volume,the volume is too loud increase volume,0.4173,D:\Documents\FYP\Multimodal_Assistant\Voice_Architecture\ASR\audio\session_input.wav,
2026-07-07T09:24:09Z,en,Google SR,,,0.2411,D:\Documents\FYP\Multimodal_Assistant\Voice_Architecture\ASR\audio\session_input.wav,empty_transcript;empty_transcript
2026-07-07T09:24:15Z,en,Google SR,decrease volume,decrease volume,0.7816,D:\Documents\FYP\Multimodal_Assistant\Voice_Architecture\ASR\audio\session_input.wav,
2026-07-07T09:24:24Z,en,Google SR,pause video,pause video,0.4344,D:\Documents\FYP\Multimodal_Assistant\Voice_Architecture\ASR\audio\session_input.wav,
2026-07-07T09:24:32Z,en,Google SR,stop automation,stop automation,0.4893,D:\Documents\FYP\Multimodal_Assistant\Voice_Architecture\ASR\audio\session_input.wav,
2026-07-07T09:25:41Z,en,Google SR,good evening do you know who am I,good evening do you know who am I,0.6422,D:\Documents\FYP\Multimodal_Assistant\Voice_Architecture\ASR\audio\session_input.wav,
2026-07-07T09:25:54Z,en,Google SR,could you tell me what is the time now,could you tell me what is the time now,0.6619,D:\Documents\FYP\Multimodal_Assistant\Voice_Architecture\ASR\audio\session_input.wav,
2026-07-07T09:26:05Z,en,Google SR,excellent know let me know who invented calculator,excellent know let me know who invented calculator,1.2814,D:\Documents\FYP\Multimodal_Assistant\Voice_Architecture\ASR\audio\session_input.wav,
2026-07-07T09:26:20Z,en,Google SR,thank you for your information open Notepad,thank you for your information open Notepad,0.6275,D:\Documents\FYP\Multimodal_Assistant\Voice_Architecture\ASR\audio\session_input.wav,
2026-07-07T09:26:47Z,zh,Google SR,你好请问今天是什么日期,"Hello, what is today’s date?",2.6307,D:\Documents\FYP\Multimodal_Assistant\Voice_Architecture\ASR\audio\session_input.wav,
2026-07-07T09:27:00Z,zh,Google SR,好的那一加一等于多少,"Okay, what is one plus one equal to?",2.3036,D:\Documents\FYP\Multimodal_Assistant\Voice_Architecture\ASR\audio\session_input.wav,
2026-07-07T09:28:32Z,en,Google SR,hi please open YouTube,hi please open YouTube,0.6833,D:\Documents\FYP\Multimodal_Assistant\Voice_Architecture\ASR\audio\session_input.wav,
2026-07-07T09:28:44Z,en,Google SR,search Justin Bieber,search Justin Bieber,0.6098,D:\Documents\FYP\Multimodal_Assistant\Voice_Architecture\ASR\audio\session_input.wav,
2026-07-07T09:28:56Z,en,Google SR,search Justin Bieber daisies,search Justin Bieber daisies,1.8985,D:\Documents\FYP\Multimodal_Assistant\Voice_Architecture\ASR\audio\session_input.wav,
2026-07-07T09:29:08Z,en,Google SR,ok play first,ok play first,0.5309,D:\Documents\FYP\Multimodal_Assistant\Voice_Architecture\ASR\audio\session_input.wav,
2026-07-07T09:29:18Z,en,Google SR,the volume is too loud decrease volume,the volume is too loud decrease volume,0.7787,D:\Documents\FYP\Multimodal_Assistant\Voice_Architecture\ASR\audio\session_input.wav,
2026-07-07T09:29:27Z,en,Google SR,increase volume,increase volume,0.5398,D:\Documents\FYP\Multimodal_Assistant\Voice_Architecture\ASR\audio\session_input.wav,
2026-07-07T09:29:36Z,en,Google SR,pause video,pause video,0.3983,D:\Documents\FYP\Multimodal_Assistant\Voice_Architecture\ASR\audio\session_input.wav,
2026-07-07T09:29:44Z,en,Google SR,ok now open gesture control,ok now open gesture control,0.7313,D:\Documents\FYP\Multimodal_Assistant\Voice_Architecture\ASR\audio\session_input.wav,
2026-07-07T09:31:32Z,en,Google SR,resume video,resume video,0.3548,D:\Documents\FYP\Multimodal_Assistant\Voice_Architecture\ASR\audio\session_input.wav,
2026-07-07T09:31:40Z,en,Google SR,pause video,pause video,0.4265,D:\Documents\FYP\Multimodal_Assistant\Voice_Architecture\ASR\audio\session_input.wav,
2026-07-07T09:31:47Z,en,Google SR,alright stop automation,alright stop automation,0.7804,D:\Documents\FYP\Multimodal_Assistant\Voice_Architecture\ASR\audio\session_input.wav,
2026-07-07T09:32:37Z,zh,Google SR,请打开谷歌地图,Please open Google Maps,2.1008,D:\Documents\FYP\Multimodal_Assistant\Voice_Architecture\ASR\audio\session_input.wav,
2026-07-07T09:32:53Z,zh,Google SR,搜索马六甲,Search Malacca,0.8841,D:\Documents\FYP\Multimodal_Assistant\Voice_Architecture\ASR\audio\session_input.wav,
2026-07-07T09:33:05Z,zh,Google SR,搜索喜马拉雅,Search Himalayas,2.2304,D:\Documents\FYP\Multimodal_Assistant\Voice_Architecture\ASR\audio\session_input.wav,
2026-07-07T09:33:15Z,zh,Google SR,停止自动化,Stop automation,1.1536,D:\Documents\FYP\Multimodal_Assistant\Voice_Architecture\ASR\audio\session_input.wav,
2026-07-07T09:33:50Z,en,Google SR,hello good evening please open WhatsApp,hello good evening please open WhatsApp,0.8095,D:\Documents\FYP\Multimodal_Assistant\Voice_Architecture\ASR\audio\session_input.wav,
2026-07-07T09:34:02Z,en,Google SR,select first chat,select first chat,1.9183,D:\Documents\FYP\Multimodal_Assistant\Voice_Architecture\ASR\audio\session_input.wav,
2026-07-07T09:34:12Z,en,Google SR,search user you,search user you,1.7818,D:\Documents\FYP\Multimodal_Assistant\Voice_Architecture\ASR\audio\session_input.wav,
2026-07-07T09:34:21Z,en,Google SR,select first chat,select first chat,0.7087,D:\Documents\FYP\Multimodal_Assistant\Voice_Architecture\ASR\audio\session_input.wav,
2026-07-07T09:34:30Z,en,Google SR,enter How are you from automation,enter How are you from automation,0.7656,D:\Documents\FYP\Multimodal_Assistant\Voice_Architecture\ASR\audio\session_input.wav,
2026-07-07T09:34:39Z,en,Google SR,clear message,clear message,0.7928,D:\Documents\FYP\Multimodal_Assistant\Voice_Architecture\ASR\audio\session_input.wav,
2026-07-07T09:34:47Z,en,Google SR,enter this is automation again,enter this is automation again,0.6010,D:\Documents\FYP\Multimodal_Assistant\Voice_Architecture\ASR\audio\session_input.wav,
2026-07-07T09:34:55Z,en,Google SR,send message,send message,0.4909,D:\Documents\FYP\Multimodal_Assistant\Voice_Architecture\ASR\audio\session_input.wav,
2026-07-07T09:35:05Z,en,Google SR,stop automation,stop automation,1.8866,D:\Documents\FYP\Multimodal_Assistant\Voice_Architecture\ASR\audio\session_input.wav,
2026-07-07T09:35:35Z,en,Google SR,hello please open gesture control,hello please open gesture control,0.6236,D:\Documents\FYP\Multimodal_Assistant\Voice_Architecture\ASR\audio\session_input.wav,
2026-07-07T09:36:49Z,en,Google SR,hello open gesture control,hello open gesture control,0.7269,D:\Documents\FYP\Multimodal_Assistant\Voice_Architecture\ASR\audio\session_input.wav,
2026-07-07T10:07:24Z,en,Google SR,hi good evening please open gesture control,hi good evening please open gesture control,0.5919,D:\Documents\FYP\Multimodal_Assistant\Voice_Architecture\ASR\audio\session_input.wav,
2026-07-07T10:08:28Z,en,Google SR,hello I would like to open gesture control,hello I would like to open gesture control,0.6524,D:\Documents\FYP\Multimodal_Assistant\Voice_Architecture\ASR\audio\session_input.wav,
2026-07-07T10:15:52Z,en,Google SR,hi open gesture control,hi open gesture control,1.7790,D:\Documents\FYP\Multimodal_Assistant\Voice_Architecture\ASR\audio\session_input.wav,
2026-07-07T10:17:39Z,en,Google SR,hi there please open gesture control,hi there please open gesture control,0.7150,D:\Documents\FYP\Multimodal_Assistant\Voice_Architecture\ASR\audio\session_input.wav,
2026-07-07T10:18:45Z,en,Google SR,hello open gesture control,hello open gesture control,0.6979,D:\Documents\FYP\Multimodal_Assistant\Voice_Architecture\ASR\audio\session_input.wav,
2026-07-07T10:21:54Z,en,Google SR,hello thank you for your time,hello thank you for your time,0.4508,D:\Documents\FYP\Multimodal_Assistant\Voice_Architecture\ASR\audio\session_input.wav,
2026-07-07T10:26:32Z,en,Google SR,hi please open gesture control,hi please open gesture control,0.6609,D:\Documents\FYP\Multimodal_Assistant\Voice_Architecture\ASR\audio\session_input.wav,
2026-07-07T10:29:37Z,en,Google SR,thank you for your time,thank you for your time,0.5528,D:\Documents\FYP\Multimodal_Assistant\Voice_Architecture\ASR\audio\session_input.wav,
2026-07-07T10:29:53Z,en,Google SR,hi thank you so much for your time,hi thank you so much for your time,0.4857,D:\Documents\FYP\Multimodal_Assistant\Voice_Architecture\ASR\audio\session_input.wav,
2026-07-07T10:30:22Z,en,Google SR,hello thank you so much for your time,hello thank you so much for your time,0.5906,D:\Documents\FYP\Multimodal_Assistant\Voice_Architecture\ASR\audio\session_input.wav,
2026-07-13T05:56:51Z,en,Google SR,,,0.0000,D:\Documents\FYP\Multimodal_Assistant\Voice_Architecture\ASR\audio\session_input.wav,error: Google SR failed (Google SR request failed: recognition connection failed: [Errno 11001] getaddrinfo failed); Whisper fallback also failed ([WinError 2] The system cannot find the file specified)
2026-07-13T05:58:09Z,en,Google SR,,,0.0000,D:\Documents\FYP\Multimodal_Assistant\Voice_Architecture\ASR\audio\session_input.wav,error: Google SR failed (Google SR request failed: recognition connection failed: [Errno 11001] getaddrinfo failed); Whisper fallback also failed ([WinError 2] The system cannot find the file specified)
2026-07-13T06:00:01Z,en,Google SR,hi good morning how are you today,hi good morning how are you today,0.5197,D:\Documents\FYP\Multimodal_Assistant\Voice_Architecture\ASR\audio\session_input.wav,
2026-07-13T06:00:48Z,en,Google SR,how are you today,how are you today,0.5893,D:\Documents\FYP\Multimodal_Assistant\Voice_Architecture\ASR\audio\session_input.wav,
2026-07-13T06:01:02Z,en,Google SR,type how are you today,type how are you today,0.4658,D:\Documents\FYP\Multimodal_Assistant\Voice_Architecture\ASR\audio\session_input.wav,
2026-07-13T06:01:16Z,en,Google SR,enter hello,enter hello,0.3880,D:\Documents\FYP\Multimodal_Assistant\Voice_Architecture\ASR\audio\session_input.wav,
2026-07-13T06:02:30Z,en,Google SR,please open gesture control,please open gesture control,0.4818,D:\Documents\FYP\Multimodal_Assistant\Voice_Architecture\ASR\audio\session_input.wav,
2026-07-13T06:04:03Z,en,Google SR,thank you for your time,thank you for your time,0.5071,D:\Documents\FYP\Multimodal_Assistant\Voice_Architecture\ASR\audio\session_input.wav,
2026-07-13T06:04:39Z,en,Google SR,thank you for your time have a nice day,thank you for your time have a nice day,0.6491,D:\Documents\FYP\Multimodal_Assistant\Voice_Architecture\ASR\audio\session_input.wav,
2026-07-13T06:04:55Z,en,Google SR,thank you Friday for your help,thank you Friday for your help,0.5171,D:\Documents\FYP\Multimodal_Assistant\Voice_Architecture\ASR\audio\session_input.wav,
2026-07-13T06:05:11Z,en,Google SR,hello thank you for your time,hello thank you for your time,0.4296,D:\Documents\FYP\Multimodal_Assistant\Voice_Architecture\ASR\audio\session_input.wav,
2026-07-13T06:05:33Z,en,Google SR,please open WhatsApp,please open WhatsApp,0.3820,D:\Documents\FYP\Multimodal_Assistant\Voice_Architecture\ASR\audio\session_input.wav,
2026-07-13T06:05:44Z,en,Google SR,Select second chat,Select second chat,0.7008,D:\Documents\FYP\Multimodal_Assistant\Voice_Architecture\ASR\audio\session_input.wav,
2026-07-13T06:05:52Z,en,Google SR,search user you,search user you,0.6878,D:\Documents\FYP\Multimodal_Assistant\Voice_Architecture\ASR\audio\session_input.wav,
2026-07-13T06:06:02Z,en,Google SR,Select second chat,Select second chat,0.8703,D:\Documents\FYP\Multimodal_Assistant\Voice_Architecture\ASR\audio\session_input.wav,
2026-07-13T06:06:10Z,en,Google SR,stop automation,stop automation,0.3826,D:\Documents\FYP\Multimodal_Assistant\Voice_Architecture\ASR\audio\session_input.wav,
2026-07-13T06:08:10Z,en,Google SR,,,0.3819,D:\Documents\FYP\Multimodal_Assistant\Voice_Architecture\ASR\audio\session_input.wav,empty_transcript;empty_transcript
2026-07-13T06:43:42Z,en,Google SR,good morning hello,good morning hello,0.4374,D:\Documents\FYP\Multimodal_Assistant\Voice_Architecture\ASR\audio\session_input.wav,
2026-07-13T07:01:28Z,en,Google SR,hello please set timer for 10 seconds,hello please set timer for 10 seconds,0.5987,D:\Documents\FYP\Multimodal_Assistant\Voice_Architecture\ASR\audio\session_input.wav,
2026-07-13T08:09:41Z,en,Google SR,,,0.2356,D:\Documents\FYP\Multimodal_Assistant\Voice_Architecture\ASR\audio\session_input.wav,empty_transcript;empty_transcript
2026-07-13T09:16:40Z,en,Google SR,good morning Friday how are you,good morning Friday how are you,0.5207,D:\Documents\FYP\Multimodal_Assistant\Voice_Architecture\ASR\audio\session_input.wav,
2026-07-13T09:16:58Z,en,Google SR,what time is now,what time is now,0.6095,D:\Documents\FYP\Multimodal_Assistant\Voice_Architecture\ASR\audio\session_input.wav,
2026-07-13T09:17:14Z,en,Google SR,can you tell me who invented microsc,can you tell me who invented microsc,0.7547,D:\Documents\FYP\Multimodal_Assistant\Voice_Architecture\ASR\audio\session_input.wav,
2026-07-13T09:17:31Z,en,Google SR,fantastic now open Notepad for me,fantastic now open Notepad for me,0.5574,D:\Documents\FYP\Multimodal_Assistant\Voice_Architecture\ASR\audio\session_input.wav,
2026-07-13T09:18:12Z,zh,Google SR,Hi你好能告诉我今天是什么日期吗,"Hi, can you tell me what date is today?",2.0412,D:\Documents\FYP\Multimodal_Assistant\Voice_Architecture\ASR\audio\session_input.wav,
2026-07-13T09:18:27Z,zh,Google SR,好的那一加一等于多少呢,"Okay, so what does one plus one equal?",1.7057,D:\Documents\FYP\Multimodal_Assistant\Voice_Architecture\ASR\audio\session_input.wav,
2026-07-13T09:19:45Z,en,Google SR,hello,hello,0.4247,D:\Documents\FYP\Multimodal_Assistant\Voice_Architecture\ASR\audio\session_input.wav,
2026-07-13T12:13:55Z,en,Google SR,hello what is 3 * 3 = 2,hello what is 3 * 3 = 2,0.8270,D:\Documents\FYP\Multimodal_Assistant\Voice_Architecture\ASR\audio\session_input.wav,
2026-07-13T12:14:09Z,en,Google SR,hello what is the answer of 3,hello what is the answer of 3,0.4934,D:\Documents\FYP\Multimodal_Assistant\Voice_Architecture\ASR\audio\session_input.wav,
2026-07-13T12:14:29Z,en,Google SR,hello what is the answer of 3 * 2,hello what is the answer of 3 * 2,0.6690,D:\Documents\FYP\Multimodal_Assistant\Voice_Architecture\ASR\audio\session_input.wav,
2026-07-13T12:58:19Z,en,Google SR,good morning Friday how are you today,good morning Friday how are you today,0.6109,D:\Documents\FYP\Multimodal_Assistant\Voice_Architecture\ASR\audio\session_input.wav,
2026-07-13T12:58:36Z,en,Google SR,tell me what is the time right now,tell me what is the time right now,0.5079,D:\Documents\FYP\Multimodal_Assistant\Voice_Architecture\ASR\audio\session_input.wav,
2026-07-13T12:58:51Z,en,Google SR,please open Notepad for me,please open Notepad for me,0.5604,D:\Documents\FYP\Multimodal_Assistant\Voice_Architecture\ASR\audio\session_input.wav,
2026-07-13T12:59:32Z,zh,Google SR,Hi你好请问今天的日期是什么,"Hi, what is today’s date?",2.8377,D:\Documents\FYP\Multimodal_Assistant\Voice_Architecture\ASR\audio\session_input.wav,
2026-07-13T12:59:46Z,zh,Google SR,Excel很好那一加一等于多少,Excel is very good. What is one plus one?,1.8560,D:\Documents\FYP\Multimodal_Assistant\Voice_Architecture\ASR\audio\session_input.wav,
2026-07-13T13:01:31Z,en,Google SR,hey please open YouTube,hey please open YouTube,0.4904,D:\Documents\FYP\Multimodal_Assistant\Voice_Architecture\ASR\audio\session_input.wav,
2026-07-13T13:01:45Z,en,Google SR,alright search Justin Bieber,alright search Justin Bieber,0.6573,D:\Documents\FYP\Multimodal_Assistant\Voice_Architecture\ASR\audio\session_input.wav,
2026-07-13T13:01:56Z,en,Google SR,search Justin Bieber,search Justin Bieber,0.3722,D:\Documents\FYP\Multimodal_Assistant\Voice_Architecture\ASR\audio\session_input.wav,
2026-07-13T13:02:07Z,en,Google SR,could you play me the first one,could you play me the first one,0.8183,D:\Documents\FYP\Multimodal_Assistant\Voice_Architecture\ASR\audio\session_input.wav,
2026-07-13T13:02:19Z,en,Google SR,,,0.2264,D:\Documents\FYP\Multimodal_Assistant\Voice_Architecture\ASR\audio\session_input.wav,empty_transcript;empty_transcript
2026-07-13T13:02:25Z,en,Google SR,pause video,pause video,0.5081,D:\Documents\FYP\Multimodal_Assistant\Voice_Architecture\ASR\audio\session_input.wav,
2026-07-13T13:02:32Z,en,Google SR,open gesture control,open gesture control,0.4058,D:\Documents\FYP\Multimodal_Assistant\Voice_Architecture\ASR\audio\session_input.wav,
2026-07-13T13:03:01Z,en,Google SR,stop automation,stop automation,0.4803,D:\Documents\FYP\Multimodal_Assistant\Voice_Architecture\ASR\audio\session_input.wav,
2026-07-13T13:50:41Z,en,Google SR,hi there good morning how are you today,hi there good morning how are you today,0.6677,D:\Documents\FYP\Multimodal_Assistant\Voice_Architecture\ASR\audio\session_input.wav,
2026-07-13T13:50:56Z,en,Google SR,excellent could you tell me what is the time now,excellent could you tell me what is the time now,0.5249,D:\Documents\FYP\Multimodal_Assistant\Voice_Architecture\ASR\audio\session_input.wav,
2026-07-13T13:51:07Z,en,Google SR,could you tell me who invented school bags,could you tell me who invented school bags,0.5821,D:\Documents\FYP\Multimodal_Assistant\Voice_Architecture\ASR\audio\session_input.wav,
2026-07-13T13:51:24Z,en,Google SR,open Notepad for me,open Notepad for me,0.7317,D:\Documents\FYP\Multimodal_Assistant\Voice_Architecture\ASR\audio\session_input.wav,
2026-07-13T13:52:17Z,zh,Google SR,你好今天的日期是什么,Hello what is today’s date?,3.2164,D:\Documents\FYP\Multimodal_Assistant\Voice_Architecture\ASR\audio\session_input.wav,
2026-07-13T13:52:32Z,zh,Google SR,好的谢谢你那一家三等,"Okay, thank you for that third class",3.1149,D:\Documents\FYP\Multimodal_Assistant\Voice_Architecture\ASR\audio\session_input.wav,
2026-07-13T13:52:49Z,zh,Google SR,好的那二加二等于多少,"Okay, what is two plus two equal to?",2.1930,D:\Documents\FYP\Multimodal_Assistant\Voice_Architecture\ASR\audio\session_input.wav,
2026-07-13T13:53:54Z,zh,Google SR,Hello I would like to open YouTube,Hello I would like to open YouTube,2.1595,D:\Documents\FYP\Multimodal_Assistant\Voice_Architecture\ASR\audio\session_input.wav,
2026-07-13T13:54:08Z,zh,Google SR,,,0.5234,D:\Documents\FYP\Multimodal_Assistant\Voice_Architecture\ASR\audio\session_input.wav,empty_transcript;empty_transcript
2026-07-13T13:54:15Z,zh,Google SR,pieces yellow,pieces yellow,1.8375,D:\Documents\FYP\Multimodal_Assistant\Voice_Architecture\ASR\audio\session_input.wav,
2026-07-13T13:54:27Z,zh,Google SR,停止自动化,Stop automation,1.7703,D:\Documents\FYP\Multimodal_Assistant\Voice_Architecture\ASR\audio\session_input.wav,
2026-07-13T13:54:39Z,en,Google SR,hello please open YouTube,hello please open YouTube,0.4375,D:\Documents\FYP\Multimodal_Assistant\Voice_Architecture\ASR\audio\session_input.wav,
2026-07-13T13:54:50Z,en,Google SR,thank you please search Yellow,thank you please search Yellow,0.4744,D:\Documents\FYP\Multimodal_Assistant\Voice_Architecture\ASR\audio\session_input.wav,
2026-07-13T13:55:00Z,en,Google SR,search Yellow,search Yellow,0.4033,D:\Documents\FYP\Multimodal_Assistant\Voice_Architecture\ASR\audio\session_input.wav,
2026-07-13T13:55:11Z,en,Google SR,play the first one,play the first one,0.8909,D:\Documents\FYP\Multimodal_Assistant\Voice_Architecture\ASR\audio\session_input.wav,
2026-07-13T13:55:21Z,en,Google SR,,,0.3180,D:\Documents\FYP\Multimodal_Assistant\Voice_Architecture\ASR\audio\session_input.wav,empty_transcript;empty_transcript
2026-07-13T13:55:27Z,en,Google SR,pause video,pause video,0.9779,D:\Documents\FYP\Multimodal_Assistant\Voice_Architecture\ASR\audio\session_input.wav,
2026-07-13T13:55:34Z,en,Google SR,resume video,resume video,0.3821,D:\Documents\FYP\Multimodal_Assistant\Voice_Architecture\ASR\audio\session_input.wav,
2026-07-13T13:55:42Z,en,Google SR,increase volume,increase volume,0.6934,D:\Documents\FYP\Multimodal_Assistant\Voice_Architecture\ASR\audio\session_input.wav,
2026-07-13T13:55:50Z,en,Google SR,increase the volume,increase the volume,0.3720,D:\Documents\FYP\Multimodal_Assistant\Voice_Architecture\ASR\audio\session_input.wav,
2026-07-13T13:56:00Z,en,Google SR,decrease volume,decrease volume,0.5006,D:\Documents\FYP\Multimodal_Assistant\Voice_Architecture\ASR\audio\session_input.wav,
2026-07-13T13:56:09Z,en,Google SR,stop pause video,stop pause video,0.4360,D:\Documents\FYP\Multimodal_Assistant\Voice_Architecture\ASR\audio\session_input.wav,
2026-07-13T13:56:16Z,en,Google SR,stop automation,stop automation,0.4685,D:\Documents\FYP\Multimodal_Assistant\Voice_Architecture\ASR\audio\session_input.wav,
2026-07-13T14:01:36Z,en,Google SR,hello how are you today,hello how are you today,0.5070,D:\Documents\FYP\Multimodal_Assistant\Voice_Architecture\ASR\audio\session_input.wav,
2026-07-13T14:01:49Z,en,Google SR,could you let me know what time is now,could you let me know what time is now,0.6353,D:\Documents\FYP\Multimodal_Assistant\Voice_Architecture\ASR\audio\session_input.wav,
2026-07-13T14:02:00Z,en,Google SR,thank you for information could you tell me who invented school bag,thank you for information could you tell me who invented school bag,0.6765,D:\Documents\FYP\Multimodal_Assistant\Voice_Architecture\ASR\audio\session_input.wav,
2026-07-13T14:02:14Z,en,Google SR,open Notepad,open Notepad,0.9236,D:\Documents\FYP\Multimodal_Assistant\Voice_Architecture\ASR\audio\session_input.wav,
2026-07-13T14:02:55Z,zh,Google SR,你好可以告诉我今天的日期吗,"Hello, can you tell me today's date?",4.8484,D:\Documents\FYP\Multimodal_Assistant\Voice_Architecture\ASR\audio\session_input.wav,
2026-07-13T14:03:17Z,zh,Google SR,你好可以告诉我今天的时间吗,"Hello, can you tell me the time today?",2.5100,D:\Documents\FYP\Multimodal_Assistant\Voice_Architecture\ASR\audio\session_input.wav,
2026-07-13T14:03:36Z,en,Google SR,,,0.3886,D:\Documents\FYP\Multimodal_Assistant\Voice_Architecture\ASR\audio\session_input.wav,empty_transcript;empty_transcript
2026-07-13T14:03:43Z,en,Google SR,hi nihao Simone Walter Martin,hi nihao Simone Walter Martin,0.8750,D:\Documents\FYP\Multimodal_Assistant\Voice_Architecture\ASR\audio\session_input.wav,
2026-07-13T14:03:57Z,zh,Google SR,你好请问我怎么称呼你,"Hello, what should I call you?",1.1757,D:\Documents\FYP\Multimodal_Assistant\Voice_Architecture\ASR\audio\session_input.wav,
2026-07-13T14:04:12Z,zh,Google SR,好的那告诉我二加二等于多少,"Okay, then tell me what two plus two equals.",3.2086,D:\Documents\FYP\Multimodal_Assistant\Voice_Architecture\ASR\audio\session_input.wav,
2026-07-13T14:06:54Z,en,Google SR,,,0.3115,D:\Documents\FYP\Multimodal_Assistant\Voice_Architecture\ASR\audio\session_input.wav,empty_transcript;empty_transcript
2026-07-13T14:07:13Z,en,Google SR,hello please open YouTube,hello please open YouTube,0.4222,D:\Documents\FYP\Multimodal_Assistant\Voice_Architecture\ASR\audio\session_input.wav,
2026-07-13T14:07:24Z,en,Google SR,search Yellow,search Yellow,0.3798,D:\Documents\FYP\Multimodal_Assistant\Voice_Architecture\ASR\audio\session_input.wav,
2026-07-13T14:07:35Z,en,Google SR,ok play the first one,ok play the first one,0.6396,D:\Documents\FYP\Multimodal_Assistant\Voice_Architecture\ASR\audio\session_input.wav,
2026-07-13T14:07:45Z,en,Google SR,,,0.2886,D:\Documents\FYP\Multimodal_Assistant\Voice_Architecture\ASR\audio\session_input.wav,empty_transcript;empty_transcript
2026-07-13T14:07:50Z,en,Google SR,could you increase the volume,could you increase the volume,0.3993,D:\Documents\FYP\Multimodal_Assistant\Voice_Architecture\ASR\audio\session_input.wav,
2026-07-13T14:08:00Z,en,Google SR,increase the volume,increase the volume,0.3163,D:\Documents\FYP\Multimodal_Assistant\Voice_Architecture\ASR\audio\session_input.wav,
2026-07-13T14:08:10Z,en,Google SR,could you increase volume,could you increase volume,0.4213,D:\Documents\FYP\Multimodal_Assistant\Voice_Architecture\ASR\audio\session_input.wav,
2026-07-13T14:08:18Z,en,Google SR,pause video,pause video,0.5394,D:\Documents\FYP\Multimodal_Assistant\Voice_Architecture\ASR\audio\session_input.wav,
2026-07-13T14:08:26Z,en,Google SR,open gesture control,open gesture control,0.4189,D:\Documents\FYP\Multimodal_Assistant\Voice_Architecture\ASR\audio\session_input.wav,
2026-07-13T14:08:56Z,en,Google SR,pause video,pause video,0.4075,D:\Documents\FYP\Multimodal_Assistant\Voice_Architecture\ASR\audio\session_input.wav,
2026-07-13T14:09:03Z,en,Google SR,thank you stop automation,thank you stop automation,0.5465,D:\Documents\FYP\Multimodal_Assistant\Voice_Architecture\ASR\audio\session_input.wav,
2026-07-13T14:13:14Z,en,Google SR,hello please open WhatsApp,hello please open WhatsApp,0.4439,D:\Documents\FYP\Multimodal_Assistant\Voice_Architecture\ASR\audio\session_input.wav,
2026-07-13T14:13:24Z,en,Google SR,thank you select first chat,thank you select first chat,0.5459,D:\Documents\FYP\Multimodal_Assistant\Voice_Architecture\ASR\audio\session_input.wav,
2026-07-13T14:13:35Z,en,Google SR,select first chat,select first chat,0.6111,D:\Documents\FYP\Multimodal_Assistant\Voice_Architecture\ASR\audio\session_input.wav,
2026-07-13T14:13:44Z,en,Google SR,search user PG,search user PG,0.4910,D:\Documents\FYP\Multimodal_Assistant\Voice_Architecture\ASR\audio\session_input.wav,
2026-07-13T14:13:53Z,en,Google SR,,,0.4779,D:\Documents\FYP\Multimodal_Assistant\Voice_Architecture\ASR\audio\session_input.wav,empty_transcript;empty_transcript
2026-07-13T14:13:58Z,en,Google SR,select first chat,select first chat,0.5712,D:\Documents\FYP\Multimodal_Assistant\Voice_Architecture\ASR\audio\session_input.wav,
2026-07-13T14:14:07Z,en,Google SR,hi how are you today,hi how are you today,0.5711,D:\Documents\FYP\Multimodal_Assistant\Voice_Architecture\ASR\audio\session_input.wav,
2026-07-13T14:14:18Z,en,Google SR,do you want to play badminton today,do you want to play badminton today,1.6734,D:\Documents\FYP\Multimodal_Assistant\Voice_Architecture\ASR\audio\session_input.wav,
2026-07-13T14:14:29Z,en,Google SR,enter do you want to play badminton today,enter do you want to play badminton today,0.8593,D:\Documents\FYP\Multimodal_Assistant\Voice_Architecture\ASR\audio\session_input.wav,
2026-07-13T14:14:37Z,en,Google SR,clear message,clear message,0.3838,D:\Documents\FYP\Multimodal_Assistant\Voice_Architecture\ASR\audio\session_input.wav,
2026-07-13T14:14:45Z,en,Google SR,stop automation,stop automation,0.4729,D:\Documents\FYP\Multimodal_Assistant\Voice_Architecture\ASR\audio\session_input.wav,
2026-07-13T14:57:12Z,en,Google SR,hi there how are you today,hi there how are you today,0.7379,D:\Documents\FYP\Multimodal_Assistant\Voice_Architecture\ASR\audio\session_input.wav,
2026-07-13T14:57:25Z,en,Google SR,please tell me who invented school bag,please tell me who invented school bag,0.7811,D:\Documents\FYP\Multimodal_Assistant\Voice_Architecture\ASR\audio\session_input.wav,
2026-07-13T14:57:40Z,en,Google SR,,,0.5569,D:\Documents\FYP\Multimodal_Assistant\Voice_Architecture\ASR\audio\session_input.wav,empty_transcript;empty_transcript
2026-07-13T14:57:48Z,en,Google SR,thank you for information now open Notepad,thank you for information now open Notepad,0.5283,D:\Documents\FYP\Multimodal_Assistant\Voice_Architecture\ASR\audio\session_input.wav,
2026-07-13T14:58:17Z,zh,Google SR,Hi你好请问什么是科学,"Hi, may I ask what is science?",1.7826,D:\Documents\FYP\Multimodal_Assistant\Voice_Architecture\ASR\audio\session_input.wav,
2026-07-13T14:58:37Z,zh,Google SR,好的那二加二等于多少,"Okay, what is two plus two equal to?",2.2721,D:\Documents\FYP\Multimodal_Assistant\Voice_Architecture\ASR\audio\session_input.wav,
2026-07-13T15:00:09Z,en,Google SR,hi please open YouTube,hi please open YouTube,0.4575,D:\Documents\FYP\Multimodal_Assistant\Voice_Architecture\ASR\audio\session_input.wav,
2026-07-13T15:00:20Z,en,Google SR,search Yellow,search Yellow,0.3926,D:\Documents\FYP\Multimodal_Assistant\Voice_Architecture\ASR\audio\session_input.wav,
2026-07-13T15:00:31Z,en,Google SR,ok play the first video,ok play the first video,0.5477,D:\Documents\FYP\Multimodal_Assistant\Voice_Architecture\ASR\audio\session_input.wav,
2026-07-13T15:00:41Z,en,Google SR,thanks increase volume,thanks increase volume,0.4135,D:\Documents\FYP\Multimodal_Assistant\Voice_Architecture\ASR\audio\session_input.wav,
2026-07-13T15:00:49Z,en,Google SR,open gesture control,open gesture control,0.5620,D:\Documents\FYP\Multimodal_Assistant\Voice_Architecture\ASR\audio\session_input.wav,
2026-07-13T15:01:16Z,en,Google SR,resume video,resume video,0.4185,D:\Documents\FYP\Multimodal_Assistant\Voice_Architecture\ASR\audio\session_input.wav,
2026-07-13T15:01:23Z,en,Google SR,pause video,pause video,0.2965,D:\Documents\FYP\Multimodal_Assistant\Voice_Architecture\ASR\audio\session_input.wav,
2026-07-13T15:01:30Z,en,Google SR,thank you stop automation,thank you stop automation,0.5140,D:\Documents\FYP\Multimodal_Assistant\Voice_Architecture\ASR\audio\session_input.wav,
2026-07-13T15:04:26Z,en,Google SR,hi please open WhatsApp,hi please open WhatsApp,0.7647,D:\Documents\FYP\Multimodal_Assistant\Voice_Architecture\ASR\audio\session_input.wav,
2026-07-13T15:04:37Z,en,Google SR,select first chat,select first chat,0.9249,D:\Documents\FYP\Multimodal_Assistant\Voice_Architecture\ASR\audio\session_input.wav,
2026-07-13T15:04:46Z,en,Google SR,open gesture control,open gesture control,1.4262,D:\Documents\FYP\Multimodal_Assistant\Voice_Architecture\ASR\audio\session_input.wav,
2026-07-13T15:05:15Z,en,Google SR,thank you stop automation,thank you stop automation,0.3762,D:\Documents\FYP\Multimodal_Assistant\Voice_Architecture\ASR\audio\session_input.wav,
2026-07-13T15:22:46Z,en,Google SR,,,0.1950,D:\Documents\FYP\Multimodal_Assistant\Voice_Architecture\ASR\audio\session_input.wav,empty_transcript;empty_transcript
2026-07-13T15:26:08Z,en,Google SR,hi there good morning how are you,hi there good morning how are you,0.6626,D:\Documents\FYP\Multimodal_Assistant\Voice_Architecture\ASR\audio\session_input.wav,
2026-07-13T15:26:24Z,en,Google SR,could you tell me who invented school bag,could you tell me who invented school bag,2.9374,D:\Documents\FYP\Multimodal_Assistant\Voice_Architecture\ASR\audio\session_input.wav,
2026-07-13T15:26:39Z,en,Google SR,open Notepad for me,open Notepad for me,0.7266,D:\Documents\FYP\Multimodal_Assistant\Voice_Architecture\ASR\audio\session_input.wav,
2026-07-13T15:27:19Z,zh,Google SR,Hi你好能告诉我什么是科学吗,"Hi, can you tell me what science is?",1.6240,D:\Documents\FYP\Multimodal_Assistant\Voice_Architecture\ASR\audio\session_input.wav,
2026-07-13T15:27:38Z,zh,Google SR,好的那请问二加二等于多少,"Okay, so what is two plus two equal to?",1.6668,D:\Documents\FYP\Multimodal_Assistant\Voice_Architecture\ASR\audio\session_input.wav,
2026-07-13T15:28:13Z,zh,Google SR,请问520乘零等于多少,What is 520 multiplied by zero?,2.2988,D:\Documents\FYP\Multimodal_Assistant\Voice_Architecture\ASR\audio\session_input.wav,
2026-07-13T15:30:10Z,zh,Google SR,,,1.0560,D:\Documents\FYP\Multimodal_Assistant\Voice_Architecture\ASR\audio\session_input.wav,empty_transcript;empty_transcript
2026-07-13T15:30:20Z,zh,Google SR,,,1.6847,D:\Documents\FYP\Multimodal_Assistant\Voice_Architecture\ASR\audio\session_input.wav,empty_transcript;empty_transcript
2026-07-13T15:30:33Z,en,Google SR,good morning please open YouTube,good morning please open YouTube,0.4678,D:\Documents\FYP\Multimodal_Assistant\Voice_Architecture\ASR\audio\session_input.wav,
2026-07-13T15:30:44Z,en,Google SR,search Yellow,search Yellow,0.3643,D:\Documents\FYP\Multimodal_Assistant\Voice_Architecture\ASR\audio\session_input.wav,
2026-07-13T15:30:56Z,en,Google SR,ok play the first video,ok play the first video,0.6689,D:\Documents\FYP\Multimodal_Assistant\Voice_Architecture\ASR\audio\session_input.wav,
2026-07-13T15:31:06Z,en,Google SR,thanks increase volume,thanks increase volume,0.6238,D:\Documents\FYP\Multimodal_Assistant\Voice_Architecture\ASR\audio\session_input.wav,
2026-07-13T15:31:14Z,en,Google SR,pause video,pause video,0.2957,D:\Documents\FYP\Multimodal_Assistant\Voice_Architecture\ASR\audio\session_input.wav,
2026-07-13T15:31:21Z,en,Google SR,open gesture control,open gesture control,0.3872,D:\Documents\FYP\Multimodal_Assistant\Voice_Architecture\ASR\audio\session_input.wav,
2026-07-13T15:31:53Z,en,Google SR,pause video,pause video,0.3115,D:\Documents\FYP\Multimodal_Assistant\Voice_Architecture\ASR\audio\session_input.wav,
2026-07-13T15:32:00Z,en,Google SR,stop automation,stop automation,0.5381,D:\Documents\FYP\Multimodal_Assistant\Voice_Architecture\ASR\audio\session_input.wav,
2026-07-13T15:34:52Z,en,Google SR,hi please open WhatsApp,hi please open WhatsApp,0.4744,D:\Documents\FYP\Multimodal_Assistant\Voice_Architecture\ASR\audio\session_input.wav,
2026-07-13T15:35:03Z,en,Google SR,Select second chat,Select second chat,0.9121,D:\Documents\FYP\Multimodal_Assistant\Voice_Architecture\ASR\audio\session_input.wav,
2026-07-13T15:35:12Z,en,Google SR,open gesture control,open gesture control,0.7309,D:\Documents\FYP\Multimodal_Assistant\Voice_Architecture\ASR\audio\session_input.wav,
2026-07-13T15:35:33Z,en,Google SR,enter location,enter location,0.5573,D:\Documents\FYP\Multimodal_Assistant\Voice_Architecture\ASR\audio\session_input.wav,
2026-07-13T15:35:41Z,en,Google SR,clear message,clear message,0.3488,D:\Documents\FYP\Multimodal_Assistant\Voice_Architecture\ASR\audio\session_input.wav,
2026-07-13T15:35:49Z,en,Google SR,enter no problem,enter no problem,0.4687,D:\Documents\FYP\Multimodal_Assistant\Voice_Architecture\ASR\audio\session_input.wav,
2026-07-13T15:35:56Z,en,Google SR,stop automation,stop automation,0.4270,D:\Documents\FYP\Multimodal_Assistant\Voice_Architecture\ASR\audio\session_input.wav,
2026-07-13T16:09:43Z,en,Google SR,,,0.2848,D:\Documents\FYP\Multimodal_Assistant\Voice_Architecture\ASR\audio\session_input.wav,empty_transcript;empty_transcript
2026-07-14T00:00:59Z,en,Google SR,,,0.4374,D:\Documents\FYP\Multimodal_Assistant\Voice_Architecture\ASR\audio\session_input.wav,empty_transcript;empty_transcript
2026-07-14T00:01:13Z,en,Google SR,hi good morning how are you,hi good morning how are you,0.4491,D:\Documents\FYP\Multimodal_Assistant\Voice_Architecture\ASR\audio\session_input.wav,
2026-07-14T00:23:34Z,en,Google SR,hi good morning how are you today,hi good morning how are you today,0.4813,D:\Documents\FYP\Multimodal_Assistant\Voice_Architecture\ASR\audio\session_input.wav,
2026-07-14T00:23:47Z,en,Google SR,great could you tell me who invented telephone,great could you tell me who invented telephone,0.5352,D:\Documents\FYP\Multimodal_Assistant\Voice_Architecture\ASR\audio\session_input.wav,
2026-07-14T00:23:59Z,en,Google SR,thank you for your information open Notepad,thank you for your information open Notepad,0.5026,D:\Documents\FYP\Multimodal_Assistant\Voice_Architecture\ASR\audio\session_input.wav,
2026-07-14T00:24:31Z,zh,Google SR,Hi你好请问什么是科学呢,"Hi, may I ask what is science?",2.4032,D:\Documents\FYP\Multimodal_Assistant\Voice_Architecture\ASR\audio\session_input.wav,
2026-07-14T00:24:49Z,zh,Google SR,好的那二加二等于多少,"Okay, what is two plus two equal to?",0.9879,D:\Documents\FYP\Multimodal_Assistant\Voice_Architecture\ASR\audio\session_input.wav,
2026-07-14T00:26:00Z,en,Google SR,hello please open YouTube,hello please open YouTube,0.4504,D:\Documents\FYP\Multimodal_Assistant\Voice_Architecture\ASR\audio\session_input.wav,
2026-07-14T00:26:12Z,en,Google SR,search Yellow,search Yellow,0.4027,D:\Documents\FYP\Multimodal_Assistant\Voice_Architecture\ASR\audio\session_input.wav,
2026-07-14T00:26:23Z,en,Google SR,ok play first,ok play first,0.5372,D:\Documents\FYP\Multimodal_Assistant\Voice_Architecture\ASR\audio\session_input.wav,
2026-07-14T00:26:46Z,en,Google SR,pause video,pause video,0.3956,D:\Documents\FYP\Multimodal_Assistant\Voice_Architecture\ASR\audio\session_input.wav,
2026-07-14T00:26:53Z,en,Google SR,open gesture control,open gesture control,0.4194,D:\Documents\FYP\Multimodal_Assistant\Voice_Architecture\ASR\audio\session_input.wav,
2026-07-14T00:27:32Z,en,Google SR,pause video,pause video,0.3675,D:\Documents\FYP\Multimodal_Assistant\Voice_Architecture\ASR\audio\session_input.wav,
2026-07-14T00:27:39Z,en,Google SR,stop automation,stop automation,0.4102,D:\Documents\FYP\Multimodal_Assistant\Voice_Architecture\ASR\audio\session_input.wav,
2026-07-14T00:30:11Z,en,Google SR,hi please open WhatsApp,hi please open WhatsApp,0.5603,D:\Documents\FYP\Multimodal_Assistant\Voice_Architecture\ASR\audio\session_input.wav,
2026-07-14T00:30:22Z,en,Google SR,select first check,select first check,0.5583,D:\Documents\FYP\Multimodal_Assistant\Voice_Architecture\ASR\audio\session_input.wav,
2026-07-14T00:30:33Z,en,Google SR,select first chat,select first chat,0.5635,D:\Documents\FYP\Multimodal_Assistant\Voice_Architecture\ASR\audio\session_input.wav,
2026-07-14T00:30:41Z,en,Google SR,select third chat,select third chat,0.5317,D:\Documents\FYP\Multimodal_Assistant\Voice_Architecture\ASR\audio\session_input.wav,
2026-07-14T00:30:50Z,en,Google SR,search user you,search user you,0.5248,D:\Documents\FYP\Multimodal_Assistant\Voice_Architecture\ASR\audio\session_input.wav,
2026-07-14T00:31:00Z,en,Google SR,select first chat,select first chat,1.2676,D:\Documents\FYP\Multimodal_Assistant\Voice_Architecture\ASR\audio\session_input.wav,
2026-07-14T00:31:08Z,en,Google SR,hi how are you today,hi how are you today,0.4536,D:\Documents\FYP\Multimodal_Assistant\Voice_Architecture\ASR\audio\session_input.wav,
2026-07-14T00:31:18Z,en,Google SR,enter how are you today,enter how are you today,0.4687,D:\Documents\FYP\Multimodal_Assistant\Voice_Architecture\ASR\audio\session_input.wav,
2026-07-14T00:31:26Z,en,Google SR,open gesture control,open gesture control,0.3862,D:\Documents\FYP\Multimodal_Assistant\Voice_Architecture\ASR\audio\session_input.wav,
2026-07-14T00:31:55Z,en,Google SR,stop automation,stop automation,0.4482,D:\Documents\FYP\Multimodal_Assistant\Voice_Architecture\ASR\audio\session_input.wav,
2026-07-14T00:32:55Z,en,Google SR,hello could you open YouTube,hello could you open YouTube,0.6190,D:\Documents\FYP\Multimodal_Assistant\Voice_Architecture\ASR\audio\session_input.wav,
2026-07-14T00:33:07Z,en,Google SR,search Yellow,search Yellow,0.4371,D:\Documents\FYP\Multimodal_Assistant\Voice_Architecture\ASR\audio\session_input.wav,
2026-07-14T00:33:18Z,en,Google SR,ok could you play first,ok could you play first,0.4941,D:\Documents\FYP\Multimodal_Assistant\Voice_Architecture\ASR\audio\session_input.wav,
2026-07-14T00:33:28Z,en,Google SR,stop automation,stop automation,0.4690,D:\Documents\FYP\Multimodal_Assistant\Voice_Architecture\ASR\audio\session_input.wav,
2026-07-14T02:53:45Z,en,Google SR,,,0.3457,D:\Documents\FYP\Multimodal_Assistant\Voice_Architecture\ASR\audio\session_input.wav,empty_transcript;empty_transcript
2026-07-14T03:20:16Z,en,Google SR,hello how are you today,hello how are you today,0.5780,D:\Documents\FYP\Multimodal_Assistant\Voice_Architecture\ASR\audio\session_input.wav,
2026-07-14T03:20:36Z,en,Google SR,could you tell me who invented school bag,could you tell me who invented school bag,0.6275,D:\Documents\FYP\Multimodal_Assistant\Voice_Architecture\ASR\audio\session_input.wav,
2026-07-14T03:20:51Z,en,Google SR,thank you for information please open Notepad,thank you for information please open Notepad,0.6581,D:\Documents\FYP\Multimodal_Assistant\Voice_Architecture\ASR\audio\session_input.wav,
2026-07-14T03:21:18Z,zh,Google SR,你好请问什么是科学,"Hello, may I ask what is science?",1.7329,D:\Documents\FYP\Multimodal_Assistant\Voice_Architecture\ASR\audio\session_input.wav,
2026-07-14T03:21:36Z,zh,Google SR,好的那二加二等于多少,"Okay, what is two plus two equal to?",1.0515,D:\Documents\FYP\Multimodal_Assistant\Voice_Architecture\ASR\audio\session_input.wav,
2026-07-14T03:22:31Z,en,Google SR,hi there please open YouTube,hi there please open YouTube,0.4949,D:\Documents\FYP\Multimodal_Assistant\Voice_Architecture\ASR\audio\session_input.wav,
2026-07-14T03:22:45Z,en,Google SR,search Yellow,search Yellow,0.7134,D:\Documents\FYP\Multimodal_Assistant\Voice_Architecture\ASR\audio\session_input.wav,
2026-07-14T03:22:56Z,en,Google SR,ok play first,ok play first,0.5700,D:\Documents\FYP\Multimodal_Assistant\Voice_Architecture\ASR\audio\session_input.wav,
2026-07-14T03:23:05Z,en,Google SR,could you increase volume,could you increase volume,0.3802,D:\Documents\FYP\Multimodal_Assistant\Voice_Architecture\ASR\audio\session_input.wav,
2026-07-14T03:23:14Z,en,Google SR,open gesture control,open gesture control,0.3720,D:\Documents\FYP\Multimodal_Assistant\Voice_Architecture\ASR\audio\session_input.wav,
2026-07-14T03:23:38Z,en,Google SR,pause video,pause video,0.3501,D:\Documents\FYP\Multimodal_Assistant\Voice_Architecture\ASR\audio\session_input.wav,
2026-07-14T03:23:45Z,en,Google SR,stop automation,stop automation,0.4033,D:\Documents\FYP\Multimodal_Assistant\Voice_Architecture\ASR\audio\session_input.wav,
2026-07-14T03:26:32Z,en,Google SR,hi please open WhatsApp,hi please open WhatsApp,0.5259,D:\Documents\FYP\Multimodal_Assistant\Voice_Architecture\ASR\audio\session_input.wav,
2026-07-14T03:26:43Z,en,Google SR,Select second chat,Select second chat,0.4667,D:\Documents\FYP\Multimodal_Assistant\Voice_Architecture\ASR\audio\session_input.wav,
2026-07-14T03:26:52Z,en,Google SR,enter do you want to play badminton this is my,enter do you want to play badminton this is my,0.6674,D:\Documents\FYP\Multimodal_Assistant\Voice_Architecture\ASR\audio\session_input.wav,
2026-07-14T03:27:00Z,en,Google SR,send message,send message,0.3655,D:\Documents\FYP\Multimodal_Assistant\Voice_Architecture\ASR\audio\session_input.wav,
2026-07-14T03:27:07Z,en,Google SR,open gesture control,open gesture control,0.4353,D:\Documents\FYP\Multimodal_Assistant\Voice_Architecture\ASR\audio\session_input.wav,
2026-07-14T03:27:31Z,en,Google SR,thank you stop automation,thank you stop automation,0.5298,D:\Documents\FYP\Multimodal_Assistant\Voice_Architecture\ASR\audio\session_input.wav,
2026-07-29T09:09:49Z,en,Google SR,hi good morning open WhatsApp,hi good morning open WhatsApp,0.6611,D:\Documents\FYP\Multimodal_Assistant\Voice_Architecture\ASR\audio\session_input.wav,
2026-07-29T09:10:01Z,en,Google SR,select first chat,select first chat,0.7049,D:\Documents\FYP\Multimodal_Assistant\Voice_Architecture\ASR\audio\session_input.wav,
2026-07-29T09:10:10Z,en,Google SR,stop automation,stop automation,0.6117,D:\Documents\FYP\Multimodal_Assistant\Voice_Architecture\ASR\audio\session_input.wav,
